acr_repo,ecr_repo,tag,in_acr,in_ecr,status
"419830066942.dkr.ecr.ap-south-1.amazonaws.com/phee-connector-ams-paygops","phee-connector-ams-paygops","v1.5.0",true,true,MATCH
"[SUMMARY]","419830066942.dkr.ecr.ap-south-1.amazonaws.com/phee-connector-ams-paygops","phee-connector-ams-paygops","ACR=1","ECR=1","MATCH=1 | MISSING_IN_ECR=0 | ECR_ONLY=0"
"airbyte-ktb","airbyte-ktb","v1.1.5",true,true,MATCH
"[SUMMARY]","airbyte-ktb","airbyte-ktb","ACR=1","ECR=1","MATCH=1 | MISSING_IN_ECR=0 | ECR_ONLY=0"
"airflow","airflow","2.9.3_20250210.445",true,true,MATCH
"airflow","airflow","2.9.3_20250210.446",true,true,MATCH
"airflow","airflow","2.9.3_20250210.447",true,true,MATCH
"airflow","airflow","2.9.3_20250210.448",true,true,MATCH
"airflow","airflow","2.9.3_20250211.449",true,true,MATCH
"airflow","airflow","2.9.3_20250211.450",true,true,MATCH
"airflow","airflow","2.9.3_20250318.452",true,true,MATCH
"airflow","airflow","2.9.3_20250320.453",true,true,MATCH
"airflow","airflow","2.9.3_20250326.454",true,true,MATCH
"airflow","airflow","2.9.3_20250327.455",true,true,MATCH
"airflow","airflow","2.9.3_20250327.456",true,true,MATCH
"airflow","airflow","2.9.3_20250327.457",true,true,MATCH
"airflow","airflow","2.9.3_20250327.458",true,true,MATCH
"airflow","airflow","2.9.3_20250327.459",true,true,MATCH
"airflow","airflow","2.9.3_20250430.460",true,true,MATCH
"airflow","airflow","2.9.3_20250512.461",true,true,MATCH
"airflow","airflow","2.9.3_20250512.462",true,true,MATCH
"airflow","airflow","2.9.3_20250512.463",true,true,MATCH
"airflow","airflow","2.9.3_20250513.465",true,true,MATCH
"airflow","airflow","2.9.3_20250513.467",true,true,MATCH
"airflow","airflow","2.9.3_20250513.468",true,true,MATCH
"airflow","airflow","2.9.3_20250513.469",true,true,MATCH
"airflow","airflow","2.9.3_20250513.470",true,true,MATCH
"airflow","airflow","2.9.3_20250513.471",true,true,MATCH
"airflow","airflow","2.9.3_20250513.473",true,true,MATCH
"airflow","airflow","2.9.3_20250513.475",true,true,MATCH
"airflow","airflow","2.9.3_20250513.476",true,true,MATCH
"airflow","airflow","2.9.3_20250513.478",true,true,MATCH
"airflow","airflow","2.9.3_20250821.480",true,true,MATCH
"airflow","airflow","2.9.3_20250821.481",true,true,MATCH
"airflow","airflow","2.9.3_20250821.482",true,true,MATCH
"airflow","airflow","2.9.3_20250822.483",true,true,MATCH
"airflow","airflow","2.9.3_20250822.484",true,true,MATCH
"airflow","airflow","2.9.3_20250822.485",true,true,MATCH
"airflow","airflow","2.9.3_20250822.486",true,true,MATCH
"airflow","airflow","2.9.3_20250822.487",true,true,MATCH
"airflow","airflow","2.9.3_20250822.488",true,true,MATCH
"airflow","airflow","2.9.3_20250825.490",true,true,MATCH
"airflow","airflow","2.9.3_20250826.491",true,true,MATCH
"airflow","airflow","2.9.3_20250826.492",true,true,MATCH
"airflow","airflow","2.9.3_20260306.493",true,true,MATCH
"airflow","airflow","2.9.3_20260306.494",true,true,MATCH
"airflow","airflow","2.9.3_20260306.495",true,true,MATCH
"airflow","airflow","2.9.3_20260306.496",true,true,MATCH
"airflow","airflow","2.9.3_20260306.497",true,true,MATCH
"airflow","airflow","2.9.3_20260306.498",true,true,MATCH
"airflow","airflow","2.9.3_20260306.499",true,true,MATCH
"airflow","airflow","2.9.3_20260307.500",true,true,MATCH
"airflow","airflow","2.9.3_20260307.501",true,true,MATCH
"airflow","airflow","2.9.3_20260312.502",true,true,MATCH
"airflow","airflow","2.9.3_20260312.504",true,true,MATCH
"airflow","airflow","2.9.3_20260312.505",true,true,MATCH
"airflow","airflow","2.9.3_20260316.506",true,true,MATCH
"airflow","airflow","2.9.3_20260318.507",true,true,MATCH
"airflow","airflow","2.9.3_20260318.508",true,true,MATCH
"airflow","airflow","2.9.3_20260411.509",true,true,MATCH
"airflow","airflow","2.9.3_20260411.511",true,true,MATCH
"airflow","airflow","2.9.3_20260415.512",true,true,MATCH
"airflow","airflow","2.9.3_20260419.514",true,true,MATCH
"airflow","airflow","2.9.3_20260421.515",true,true,MATCH
"airflow","airflow","2.9.3_20260504.516",true,true,MATCH
"airflow","airflow","2.9.3_20260504.517",true,true,MATCH
"airflow","airflow","2.9.3_20260504.518",true,true,MATCH
"airflow","airflow","2.9.3_20260507.519",true,true,MATCH
"airflow","airflow","2.9.3_20260507.520",true,true,MATCH
"airflow","airflow","2.9.3_20260507.521",true,true,MATCH
"[SUMMARY]","airflow","airflow","ACR=66","ECR=66","MATCH=66 | MISSING_IN_ECR=0 | ECR_ONLY=0"
"alertmanager","alertmanager","v0.21.0",true,true,MATCH
"[SUMMARY]","alertmanager","alertmanager","ACR=1","ECR=1","MATCH=1 | MISSING_IN_ECR=0 | ECR_ONLY=0"
"alpine","alpine","latest",true,true,MATCH
"[SUMMARY]","alpine","alpine","ACR=1","ECR=1","MATCH=1 | MISSING_IN_ECR=0 | ECR_ONLY=0"
"backstage","backstage","2025.09.16.73",true,true,MATCH
"backstage","backstage","2025.09.16.74",true,true,MATCH
"backstage","backstage","2025.09.18.75",true,true,MATCH
"backstage","backstage","2025.09.18.76",true,true,MATCH
"backstage","backstage","2025.09.18.77",true,true,MATCH
"backstage","backstage","2025.09.18.78",true,true,MATCH
"backstage","backstage","2025.09.19.79",true,true,MATCH
"backstage","backstage","2025.10.06.80",true,true,MATCH
"backstage","backstage","2025.10.06.81",true,true,MATCH
"backstage","backstage","2025.10.06.82",true,true,MATCH
"backstage","backstage","2025.10.06.83",true,true,MATCH
"backstage","backstage","2025.10.07.84",true,true,MATCH
"backstage","backstage","2025.10.07.85",true,true,MATCH
"backstage","backstage","2025.10.07.86",true,true,MATCH
"backstage","backstage","2025.10.07.87",true,true,MATCH
"backstage","backstage","2025.10.07.88",true,true,MATCH
"backstage","backstage","2025.10.07.89",true,true,MATCH
"backstage","backstage","2025.10.07.90",true,true,MATCH
"backstage","backstage","2025.10.07.91",true,true,MATCH
"backstage","backstage","2025.10.07.92",true,true,MATCH
"backstage","backstage","2025.10.07.93",true,true,MATCH
"backstage","backstage","2025.10.28.94",true,true,MATCH
"backstage","backstage","2025.10.29.100",true,true,MATCH
"backstage","backstage","2025.10.29.102",true,true,MATCH
"backstage","backstage","2025.10.29.103",true,true,MATCH
"backstage","backstage","2025.10.29.95",true,true,MATCH
"backstage","backstage","2025.10.29.97",true,true,MATCH
"backstage","backstage","2025.10.29.98",true,true,MATCH
"backstage","backstage","2025.10.29.99",true,true,MATCH
"backstage","backstage","2025.11.11.104",true,true,MATCH
"backstage","backstage","2025.11.11.105",true,true,MATCH
"backstage","backstage","2025.11.11.106",true,true,MATCH
"backstage","backstage","2025.11.12.107",true,true,MATCH
"backstage","backstage","2025.11.14.108",true,true,MATCH
"backstage","backstage","2025.11.14.109",true,true,MATCH
"backstage","backstage","2025.11.15.112",true,true,MATCH
"backstage","backstage","2026.01.27.113",true,true,MATCH
"backstage","backstage","2026.01.27.114",true,true,MATCH
"backstage","backstage","2026.01.27.115",true,true,MATCH
"backstage","backstage","2026.01.27.116",true,true,MATCH
"backstage","backstage","2026.01.27.117",true,true,MATCH
"backstage","backstage","2026.01.27.118",true,true,MATCH
"backstage","backstage","2026.01.28.119",true,true,MATCH
"backstage","backstage","2026.01.28.120",true,true,MATCH
"backstage","backstage","2026.01.29.121",true,true,MATCH
"backstage","backstage","2026.01.29.122",true,true,MATCH
"backstage","backstage","2026.01.29.123",true,true,MATCH
"backstage","backstage","2026.01.29.124",true,true,MATCH
"backstage","backstage","2026.03.16.125",true,true,MATCH
"backstage","backstage","2026.03.16.126",true,true,MATCH
"backstage","backstage","2026.03.16.127",true,true,MATCH
"backstage","backstage","2026.03.16.128",true,true,MATCH
"backstage","backstage","2026.03.17.131",true,true,MATCH
"backstage","backstage","2026.03.17.132",true,true,MATCH
"backstage","backstage","2026.03.17.133",true,true,MATCH
"backstage","backstage","2026.03.17.134",true,true,MATCH
"backstage","backstage","2026.03.22.138",true,true,MATCH
"backstage","backstage","2026.03.25.141",true,true,MATCH
"backstage","backstage","2026.03.27.144",true,true,MATCH
"backstage","backstage","2026.04.27.145",true,true,MATCH
"[SUMMARY]","backstage","backstage","ACR=60","ECR=60","MATCH=60 | MISSING_IN_ECR=0 | ECR_ONLY=0"
"bitnami/rabbitmq","bitnami/rabbitmq","3.12.7",true,true,MATCH
"[SUMMARY]","bitnami/rabbitmq","bitnami/rabbitmq","ACR=1","ECR=1","MATCH=1 | MISSING_IN_ECR=0 | ECR_ONLY=0"
"busybox","busybox","1.28",true,true,MATCH
"[SUMMARY]","busybox","busybox","ACR=1","ECR=1","MATCH=1 | MISSING_IN_ECR=0 | ECR_ONLY=0"
"camunda/zeebe","camunda/zeebe","8.2.29",true,true,MATCH
"[SUMMARY]","camunda/zeebe","camunda/zeebe","ACR=1","ECR=1","MATCH=1 | MISSING_IN_ECR=0 | ECR_ONLY=0"
"helm/baobab-backend","helm/baobab-backend","0.1.0",true,true,MATCH
"helm/baobab-backend","helm/baobab-backend","0.2.0",true,true,MATCH
"helm/baobab-backend","helm/baobab-backend","0.2.1",true,true,MATCH
"helm/baobab-backend","helm/baobab-backend","latest",true,true,MATCH
"[SUMMARY]","helm/baobab-backend","helm/baobab-backend","ACR=4","ECR=4","MATCH=4 | MISSING_IN_ECR=0 | ECR_ONLY=0"
"helm/client-management","helm/client-management","0.1.4",true,true,MATCH
"helm/client-management","helm/client-management","latest",true,true,MATCH
"[SUMMARY]","helm/client-management","helm/client-management","ACR=2","ECR=2","MATCH=2 | MISSING_IN_ECR=0 | ECR_ONLY=0"
"helm/couchbase-dependencies","helm/couchbase-dependencies","0.2.1",true,true,MATCH
"helm/couchbase-dependencies","helm/couchbase-dependencies","0.2.2",true,true,MATCH
"helm/couchbase-dependencies","helm/couchbase-dependencies","0.2.3",true,true,MATCH
"helm/couchbase-dependencies","helm/couchbase-dependencies","0.2.4",true,true,MATCH
"helm/couchbase-dependencies","helm/couchbase-dependencies","latest",true,true,MATCH
"[SUMMARY]","helm/couchbase-dependencies","helm/couchbase-dependencies","ACR=5","ECR=5","MATCH=5 | MISSING_IN_ECR=0 | ECR_ONLY=0"
"helm/duma","helm/duma","0.1.3",true,true,MATCH
"helm/duma","helm/duma","0.1.6",true,true,MATCH
"helm/duma","helm/duma","latest",true,true,MATCH
"[SUMMARY]","helm/duma","helm/duma","ACR=3","ECR=3","MATCH=3 | MISSING_IN_ECR=0 | ECR_ONLY=0"
"helm/fineract-backend","helm/fineract-backend","0.2.45",true,true,MATCH
"helm/fineract-backend","helm/fineract-backend","0.2.46",true,true,MATCH
"helm/fineract-backend","helm/fineract-backend","0.2.47",true,true,MATCH
"helm/fineract-backend","helm/fineract-backend","0.2.48",true,true,MATCH
"helm/fineract-backend","helm/fineract-backend","0.2.49",true,true,MATCH
"helm/fineract-backend","helm/fineract-backend","0.2.50",true,true,MATCH
"helm/fineract-backend","helm/fineract-backend","0.2.51",true,true,MATCH
"helm/fineract-backend","helm/fineract-backend","0.2.52",true,true,MATCH
"helm/fineract-backend","helm/fineract-backend","0.2.53",true,true,MATCH
"helm/fineract-backend","helm/fineract-backend","0.2.54",true,true,MATCH
"helm/fineract-backend","helm/fineract-backend","0.2.55",true,true,MATCH
"helm/fineract-backend","helm/fineract-backend","0.2.56",true,true,MATCH
"helm/fineract-backend","helm/fineract-backend","0.2.57",true,true,MATCH
"helm/fineract-backend","helm/fineract-backend","0.2.58",true,true,MATCH
"helm/fineract-backend","helm/fineract-backend","0.2.59",true,true,MATCH
"helm/fineract-backend","helm/fineract-backend","0.3.1",true,true,MATCH
"helm/fineract-backend","helm/fineract-backend","0.3.2",true,true,MATCH
"helm/fineract-backend","helm/fineract-backend","0.3.3",true,true,MATCH
"helm/fineract-backend","helm/fineract-backend","0.3.4",true,true,MATCH
"helm/fineract-backend","helm/fineract-backend","0.3.5",true,true,MATCH
"helm/fineract-backend","helm/fineract-backend","latest",true,true,MATCH
"[SUMMARY]","helm/fineract-backend","helm/fineract-backend","ACR=21","ECR=21","MATCH=21 | MISSING_IN_ECR=0 | ECR_ONLY=0"
"helm/fineract-frontend","helm/fineract-frontend","0.1.12",true,true,MATCH
"helm/fineract-frontend","helm/fineract-frontend","0.1.13",true,true,MATCH
"helm/fineract-frontend","helm/fineract-frontend","0.1.14",true,true,MATCH
"helm/fineract-frontend","helm/fineract-frontend","0.1.15",true,true,MATCH
"helm/fineract-frontend","helm/fineract-frontend","0.1.16",true,true,MATCH
"helm/fineract-frontend","helm/fineract-frontend","latest",true,true,MATCH
"[SUMMARY]","helm/fineract-frontend","helm/fineract-frontend","ACR=6","ECR=6","MATCH=6 | MISSING_IN_ECR=0 | ECR_ONLY=0"
"helm/log-app","helm/log-app","1.0.24",true,true,MATCH
"helm/log-app","helm/log-app","1.0.25",true,true,MATCH
"helm/log-app","helm/log-app","1.0.26",true,true,MATCH
"helm/log-app","helm/log-app","latest",true,true,MATCH
"[SUMMARY]","helm/log-app","helm/log-app","ACR=4","ECR=4","MATCH=4 | MISSING_IN_ECR=0 | ECR_ONLY=0"
"helm/msgateway-2","helm/msgateway-2","2.8.0",true,true,MATCH
"helm/msgateway-2","helm/msgateway-2","2.8.1",true,true,MATCH
"helm/msgateway-2","helm/msgateway-2","2.8.2",true,true,MATCH
"helm/msgateway-2","helm/msgateway-2","2.8.3",true,true,MATCH
"helm/msgateway-2","helm/msgateway-2","2.8.4",true,true,MATCH
"helm/msgateway-2","helm/msgateway-2","2.8.5",true,true,MATCH
"helm/msgateway-2","helm/msgateway-2","2.8.6",true,true,MATCH
"helm/msgateway-2","helm/msgateway-2","2.8.7",true,true,MATCH
"helm/msgateway-2","helm/msgateway-2","2.8.8",true,true,MATCH
"helm/msgateway-2","helm/msgateway-2","2.8.9",true,true,MATCH
"helm/msgateway-2","helm/msgateway-2","2.9.0",true,true,MATCH
"helm/msgateway-2","helm/msgateway-2","2.9.1",true,true,MATCH
"helm/msgateway-2","helm/msgateway-2","2.9.2",true,true,MATCH
"helm/msgateway-2","helm/msgateway-2","2.9.3",true,true,MATCH
"helm/msgateway-2","helm/msgateway-2","2.9.4",true,true,MATCH
"helm/msgateway-2","helm/msgateway-2","2.9.5",true,true,MATCH
"helm/msgateway-2","helm/msgateway-2","2.9.6",true,true,MATCH
"helm/msgateway-2","helm/msgateway-2","2.9.7",true,true,MATCH
"helm/msgateway-2","helm/msgateway-2","2.9.8",true,true,MATCH
"helm/msgateway-2","helm/msgateway-2","3.0.0",true,true,MATCH
"helm/msgateway-2","helm/msgateway-2","3.0.1",true,true,MATCH
"helm/msgateway-2","helm/msgateway-2","3.0.2",true,true,MATCH
"helm/msgateway-2","helm/msgateway-2","3.0.3",true,true,MATCH
"helm/msgateway-2","helm/msgateway-2","3.0.5",true,true,MATCH
"helm/msgateway-2","helm/msgateway-2","3.0.6",true,true,MATCH
"helm/msgateway-2","helm/msgateway-2","3.0.7",true,true,MATCH
"helm/msgateway-2","helm/msgateway-2","3.0.8",true,true,MATCH
"helm/msgateway-2","helm/msgateway-2","3.0.9",true,true,MATCH
"helm/msgateway-2","helm/msgateway-2","latest",true,true,MATCH
"[SUMMARY]","helm/msgateway-2","helm/msgateway-2","ACR=29","ECR=29","MATCH=29 | MISSING_IN_ECR=0 | ECR_ONLY=0"
"helm/oaf-odoo-data-migration","helm/oaf-odoo-data-migration","0.1.0",true,true,MATCH
"helm/oaf-odoo-data-migration","helm/oaf-odoo-data-migration","0.1.1",true,true,MATCH
"helm/oaf-odoo-data-migration","helm/oaf-odoo-data-migration","latest",true,true,MATCH
"[SUMMARY]","helm/oaf-odoo-data-migration","helm/oaf-odoo-data-migration","ACR=3","ECR=3","MATCH=3 | MISSING_IN_ECR=0 | ECR_ONLY=0"
"helm/offline-writes","helm/offline-writes","0.4.2",true,true,MATCH
"helm/offline-writes","helm/offline-writes","0.4.3",true,true,MATCH
"helm/offline-writes","helm/offline-writes","0.4.4",true,true,MATCH
"helm/offline-writes","helm/offline-writes","0.4.6",true,true,MATCH
"helm/offline-writes","helm/offline-writes","0.4.8",true,true,MATCH
"helm/offline-writes","helm/offline-writes","latest",true,true,MATCH
"[SUMMARY]","helm/offline-writes","helm/offline-writes","ACR=6","ECR=6","MATCH=6 | MISSING_IN_ECR=0 | ECR_ONLY=0"
"helm/otpgateway","helm/otpgateway","0.1.0",true,true,MATCH
"helm/otpgateway","helm/otpgateway","0.1.1",true,true,MATCH
"helm/otpgateway","helm/otpgateway","0.1.2",true,true,MATCH
"helm/otpgateway","helm/otpgateway","latest",true,true,MATCH
"[SUMMARY]","helm/otpgateway","helm/otpgateway","ACR=4","ECR=4","MATCH=4 | MISSING_IN_ECR=0 | ECR_ONLY=0"
"helm/ou-api-service","helm/ou-api-service","0.2.5",true,true,MATCH
"helm/ou-api-service","helm/ou-api-service","0.2.8",true,true,MATCH
"helm/ou-api-service","helm/ou-api-service","latest",true,true,MATCH
"[SUMMARY]","helm/ou-api-service","helm/ou-api-service","ACR=3","ECR=3","MATCH=3 | MISSING_IN_ECR=0 | ECR_ONLY=0"
"helm/pesa","helm/pesa","3.0.2",true,true,MATCH
"helm/pesa","helm/pesa","3.0.3",true,true,MATCH
"helm/pesa","helm/pesa","3.0.4",true,true,MATCH
"helm/pesa","helm/pesa","3.0.5",true,true,MATCH
"helm/pesa","helm/pesa","latest",true,true,MATCH
"[SUMMARY]","helm/pesa","helm/pesa","ACR=5","ECR=5","MATCH=5 | MISSING_IN_ECR=0 | ECR_ONLY=0"
"helm/ph-ee-engine","helm/ph-ee-engine","1.1.6",true,true,MATCH
"helm/ph-ee-engine","helm/ph-ee-engine","1.1.7",true,true,MATCH
"helm/ph-ee-engine","helm/ph-ee-engine","latest",true,true,MATCH
"[SUMMARY]","helm/ph-ee-engine","helm/ph-ee-engine","ACR=3","ECR=3","MATCH=3 | MISSING_IN_ECR=0 | ECR_ONLY=0"
"helm/shs","helm/shs","0.3.10",true,true,MATCH
"helm/shs","helm/shs","0.3.4",true,true,MATCH
"helm/shs","helm/shs","0.3.5",true,true,MATCH
"helm/shs","helm/shs","0.3.7",true,true,MATCH
"helm/shs","helm/shs","0.3.8",true,true,MATCH
"helm/shs","helm/shs","0.3.9",true,true,MATCH
"helm/shs","helm/shs","latest",true,true,MATCH
"[SUMMARY]","helm/shs","helm/shs","ACR=7","ECR=7","MATCH=7 | MISSING_IN_ECR=0 | ECR_ONLY=0"
"helm/tax-signature","helm/tax-signature","0.3.4",true,true,MATCH
"helm/tax-signature","helm/tax-signature","0.3.5",true,true,MATCH
"helm/tax-signature","helm/tax-signature","latest",true,true,MATCH
"[SUMMARY]","helm/tax-signature","helm/tax-signature","ACR=3","ECR=3","MATCH=3 | MISSING_IN_ECR=0 | ECR_ONLY=0"
"helm/timiza","helm/timiza","0.1.2",true,true,MATCH
"helm/timiza","helm/timiza","0.1.3",true,true,MATCH
"helm/timiza","helm/timiza","0.1.4",true,true,MATCH
"helm/timiza","helm/timiza","latest",true,true,MATCH
"[SUMMARY]","helm/timiza","helm/timiza","ACR=4","ECR=4","MATCH=4 | MISSING_IN_ECR=0 | ECR_ONLY=0"
"infra/defaultbackend-amd64","infra/defaultbackend-amd64","1.5",true,true,MATCH
"[SUMMARY]","infra/defaultbackend-amd64","infra/defaultbackend-amd64","ACR=1","ECR=1","MATCH=1 | MISSING_IN_ECR=0 | ECR_ONLY=0"
"infra/ghcr.io/dexidp/dex","infra/ghcr.io/dexidp/dex","v2.43.1",true,true,MATCH
"[SUMMARY]","infra/ghcr.io/dexidp/dex","infra/ghcr.io/dexidp/dex","ACR=1","ECR=1","MATCH=1 | MISSING_IN_ECR=0 | ECR_ONLY=0"
"infra/http-base","infra/http-base","latest",true,true,MATCH
"[SUMMARY]","infra/http-base","infra/http-base","ACR=1","ECR=1","MATCH=1 | MISSING_IN_ECR=0 | ECR_ONLY=0"
"infra/ingress-nginx/controller","infra/ingress-nginx/controller","v1.11.2",true,true,MATCH
"infra/ingress-nginx/controller","infra/ingress-nginx/controller","v1.3.0",true,true,MATCH
"[SUMMARY]","infra/ingress-nginx/controller","infra/ingress-nginx/controller","ACR=2","ECR=2","MATCH=2 | MISSING_IN_ECR=0 | ECR_ONLY=0"
"infra/ingress-nginx/custom-error-pages","infra/ingress-nginx/custom-error-pages","v1.0.2",true,true,MATCH
"[SUMMARY]","infra/ingress-nginx/custom-error-pages","infra/ingress-nginx/custom-error-pages","ACR=1","ECR=1","MATCH=1 | MISSING_IN_ECR=0 | ECR_ONLY=0"
"infra/ingress-nginx/kube-webhook-certgen","infra/ingress-nginx/kube-webhook-certgen","v1.3.0",true,true,MATCH
"infra/ingress-nginx/kube-webhook-certgen","infra/ingress-nginx/kube-webhook-certgen","v1.4.3",true,true,MATCH
"[SUMMARY]","infra/ingress-nginx/kube-webhook-certgen","infra/ingress-nginx/kube-webhook-certgen","ACR=2","ECR=2","MATCH=2 | MISSING_IN_ECR=0 | ECR_ONLY=0"
"infra/ito-cluster06","infra/ito-cluster06","1.0",true,true,MATCH
"infra/ito-cluster06","infra/ito-cluster06","2.0",true,true,MATCH
"[SUMMARY]","infra/ito-cluster06","infra/ito-cluster06","ACR=2","ECR=2","MATCH=2 | MISSING_IN_ECR=0 | ECR_ONLY=0"
"infra/ito-kubeclient","infra/ito-kubeclient","latest",true,true,MATCH
"[SUMMARY]","infra/ito-kubeclient","infra/ito-kubeclient","ACR=1","ECR=1","MATCH=1 | MISSING_IN_ECR=0 | ECR_ONLY=0"
"infra/k8s-zabbix","infra/k8s-zabbix","latest",true,true,MATCH
"[SUMMARY]","infra/k8s-zabbix","infra/k8s-zabbix","ACR=1","ECR=1","MATCH=1 | MISSING_IN_ECR=0 | ECR_ONLY=0"
"infra/kiwigrid/k8s-sidecar","infra/kiwigrid/k8s-sidecar","1.30.10",true,true,MATCH
"[SUMMARY]","infra/kiwigrid/k8s-sidecar","infra/kiwigrid/k8s-sidecar","ACR=1","ECR=1","MATCH=1 | MISSING_IN_ECR=0 | ECR_ONLY=0"
"infra/konga","infra/konga","latest",true,true,MATCH
"[SUMMARY]","infra/konga","infra/konga","ACR=1","ECR=1","MATCH=1 | MISSING_IN_ECR=0 | ECR_ONLY=0"
"infra/kube-state-metrics/kube-state-metrics","infra/kube-state-metrics/kube-state-metrics","v1.9.8",true,true,MATCH
"[SUMMARY]","infra/kube-state-metrics/kube-state-metrics","infra/kube-state-metrics/kube-state-metrics","ACR=1","ECR=1","MATCH=1 | MISSING_IN_ECR=0 | ECR_ONLY=0"
"infra/mcr.microsoft.com/hello-world","infra/mcr.microsoft.com/hello-world","latest",true,true,MATCH
"[SUMMARY]","infra/mcr.microsoft.com/hello-world","infra/mcr.microsoft.com/hello-world","ACR=1","ECR=1","MATCH=1 | MISSING_IN_ECR=0 | ECR_ONLY=0"
"infra/mcr.microsoft.com/oss/kubernetes-csi/azuredisk-csi","infra/mcr.microsoft.com/oss/kubernetes-csi/azuredisk-csi","latest",true,true,MATCH
"[SUMMARY]","infra/mcr.microsoft.com/oss/kubernetes-csi/azuredisk-csi","infra/mcr.microsoft.com/oss/kubernetes-csi/azuredisk-csi","ACR=1","ECR=1","MATCH=1 | MISSING_IN_ECR=0 | ECR_ONLY=0"
"infra/nginx-base","infra/nginx-base","latest",true,true,MATCH
"[SUMMARY]","infra/nginx-base","infra/nginx-base","ACR=1","ECR=1","MATCH=1 | MISSING_IN_ECR=0 | ECR_ONLY=0"
"infra/oaf-certbot-godaddy","infra/oaf-certbot-godaddy","latest",true,true,MATCH
"[SUMMARY]","infra/oaf-certbot-godaddy","infra/oaf-certbot-godaddy","ACR=1","ECR=1","MATCH=1 | MISSING_IN_ECR=0 | ECR_ONLY=0"
"infra/oaf-ipsec-1sbnk","infra/oaf-ipsec-1sbnk","latest",true,true,MATCH
"[SUMMARY]","infra/oaf-ipsec-1sbnk","infra/oaf-ipsec-1sbnk","ACR=1","ECR=1","MATCH=1 | MISSING_IN_ECR=0 | ECR_ONLY=0"
"infra/oaf-ipsec-server","infra/oaf-ipsec-server","latest",true,true,MATCH
"infra/oaf-ipsec-server","infra/oaf-ipsec-server","v1",true,true,MATCH
"[SUMMARY]","infra/oaf-ipsec-server","infra/oaf-ipsec-server","ACR=2","ECR=2","MATCH=2 | MISSING_IN_ECR=0 | ECR_ONLY=0"
"infra/oaf-kong-ingress-controller","infra/oaf-kong-ingress-controller","latest",true,true,MATCH
"[SUMMARY]","infra/oaf-kong-ingress-controller","infra/oaf-kong-ingress-controller","ACR=1","ECR=1","MATCH=1 | MISSING_IN_ECR=0 | ECR_ONLY=0"
"infra/oaf-kong-proxy","infra/oaf-kong-proxy","latest",true,true,MATCH
"[SUMMARY]","infra/oaf-kong-proxy","infra/oaf-kong-proxy","ACR=1","ECR=1","MATCH=1 | MISSING_IN_ECR=0 | ECR_ONLY=0"
"infra/oaf-nc-listener","infra/oaf-nc-listener","latest",true,true,MATCH
"[SUMMARY]","infra/oaf-nc-listener","infra/oaf-nc-listener","ACR=1","ECR=1","MATCH=1 | MISSING_IN_ECR=0 | ECR_ONLY=0"
"infra/oaf-oauth-receipts","infra/oaf-oauth-receipts","latest",true,true,MATCH
"[SUMMARY]","infra/oaf-oauth-receipts","infra/oaf-oauth-receipts","ACR=1","ECR=1","MATCH=1 | MISSING_IN_ECR=0 | ECR_ONLY=0"
"infra/oaf-postgres","infra/oaf-postgres","latest",true,true,MATCH
"infra/oaf-postgres","infra/oaf-postgres","v1",true,true,MATCH
"[SUMMARY]","infra/oaf-postgres","infra/oaf-postgres","ACR=2","ECR=2","MATCH=2 | MISSING_IN_ECR=0 | ECR_ONLY=0"
"infra/oaf-stunnel","infra/oaf-stunnel","1.0",true,true,MATCH
"[SUMMARY]","infra/oaf-stunnel","infra/oaf-stunnel","ACR=1","ECR=1","MATCH=1 | MISSING_IN_ECR=0 | ECR_ONLY=0"
"infra/oaf-zabbix-apache","infra/oaf-zabbix-apache","latest",true,true,MATCH
"[SUMMARY]","infra/oaf-zabbix-apache","infra/oaf-zabbix-apache","ACR=1","ECR=1","MATCH=1 | MISSING_IN_ECR=0 | ECR_ONLY=0"
"infra/oaf-zabbix-api","infra/oaf-zabbix-api","11964",true,true,MATCH
"infra/oaf-zabbix-api","infra/oaf-zabbix-api","11970",true,true,MATCH
"infra/oaf-zabbix-api","infra/oaf-zabbix-api","11975",true,true,MATCH
"infra/oaf-zabbix-api","infra/oaf-zabbix-api","11983",true,true,MATCH
"infra/oaf-zabbix-api","infra/oaf-zabbix-api","12091",true,true,MATCH
"infra/oaf-zabbix-api","infra/oaf-zabbix-api","12152",true,true,MATCH
"infra/oaf-zabbix-api","infra/oaf-zabbix-api","12153",true,true,MATCH
"infra/oaf-zabbix-api","infra/oaf-zabbix-api","12170",true,true,MATCH
"infra/oaf-zabbix-api","infra/oaf-zabbix-api","12177",true,true,MATCH
"infra/oaf-zabbix-api","infra/oaf-zabbix-api","12178",true,true,MATCH
"infra/oaf-zabbix-api","infra/oaf-zabbix-api","12181",true,true,MATCH
"infra/oaf-zabbix-api","infra/oaf-zabbix-api","12182",true,true,MATCH
"infra/oaf-zabbix-api","infra/oaf-zabbix-api","12183",true,true,MATCH
"infra/oaf-zabbix-api","infra/oaf-zabbix-api","12184",true,true,MATCH
"infra/oaf-zabbix-api","infra/oaf-zabbix-api","12185",true,true,MATCH
"infra/oaf-zabbix-api","infra/oaf-zabbix-api","12186",true,true,MATCH
"infra/oaf-zabbix-api","infra/oaf-zabbix-api","12187",true,true,MATCH
"infra/oaf-zabbix-api","infra/oaf-zabbix-api","12188",true,true,MATCH
"infra/oaf-zabbix-api","infra/oaf-zabbix-api","12189",true,true,MATCH
"infra/oaf-zabbix-api","infra/oaf-zabbix-api","12190",true,true,MATCH
"infra/oaf-zabbix-api","infra/oaf-zabbix-api","12191",true,true,MATCH
"infra/oaf-zabbix-api","infra/oaf-zabbix-api","12212",true,true,MATCH
"infra/oaf-zabbix-api","infra/oaf-zabbix-api","12217",true,true,MATCH
"infra/oaf-zabbix-api","infra/oaf-zabbix-api","12218",true,true,MATCH
"infra/oaf-zabbix-api","infra/oaf-zabbix-api","12221",true,true,MATCH
"infra/oaf-zabbix-api","infra/oaf-zabbix-api","12222",true,true,MATCH
"infra/oaf-zabbix-api","infra/oaf-zabbix-api","15653",true,true,MATCH
"infra/oaf-zabbix-api","infra/oaf-zabbix-api","15654",true,true,MATCH
"infra/oaf-zabbix-api","infra/oaf-zabbix-api","15655",true,true,MATCH
"infra/oaf-zabbix-api","infra/oaf-zabbix-api","15656",true,true,MATCH
"infra/oaf-zabbix-api","infra/oaf-zabbix-api","15657",true,true,MATCH
"infra/oaf-zabbix-api","infra/oaf-zabbix-api","15659",true,true,MATCH
"infra/oaf-zabbix-api","infra/oaf-zabbix-api","15660",true,true,MATCH
"infra/oaf-zabbix-api","infra/oaf-zabbix-api","15661",true,true,MATCH
"infra/oaf-zabbix-api","infra/oaf-zabbix-api","15662",true,true,MATCH
"infra/oaf-zabbix-api","infra/oaf-zabbix-api","15663",true,true,MATCH
"infra/oaf-zabbix-api","infra/oaf-zabbix-api","15664",true,true,MATCH
"infra/oaf-zabbix-api","infra/oaf-zabbix-api","15665",true,true,MATCH
"infra/oaf-zabbix-api","infra/oaf-zabbix-api","15773",true,true,MATCH
"infra/oaf-zabbix-api","infra/oaf-zabbix-api","15789",true,true,MATCH
"infra/oaf-zabbix-api","infra/oaf-zabbix-api","15800",true,true,MATCH
"infra/oaf-zabbix-api","infra/oaf-zabbix-api","15811",true,true,MATCH
"infra/oaf-zabbix-api","infra/oaf-zabbix-api","15812",true,true,MATCH
"infra/oaf-zabbix-api","infra/oaf-zabbix-api","15837",true,true,MATCH
"infra/oaf-zabbix-api","infra/oaf-zabbix-api","15865",true,true,MATCH
"infra/oaf-zabbix-api","infra/oaf-zabbix-api","15893",true,true,MATCH
"infra/oaf-zabbix-api","infra/oaf-zabbix-api","17180",true,true,MATCH
"infra/oaf-zabbix-api","infra/oaf-zabbix-api","17181",true,true,MATCH
"infra/oaf-zabbix-api","infra/oaf-zabbix-api","17182",true,true,MATCH
"infra/oaf-zabbix-api","infra/oaf-zabbix-api","17183",true,true,MATCH
"infra/oaf-zabbix-api","infra/oaf-zabbix-api","17185",true,true,MATCH
"infra/oaf-zabbix-api","infra/oaf-zabbix-api","17186",true,true,MATCH
"infra/oaf-zabbix-api","infra/oaf-zabbix-api","17187",true,true,MATCH
"infra/oaf-zabbix-api","infra/oaf-zabbix-api","17188",true,true,MATCH
"infra/oaf-zabbix-api","infra/oaf-zabbix-api","17189",true,true,MATCH
"infra/oaf-zabbix-api","infra/oaf-zabbix-api","17192",true,true,MATCH
"infra/oaf-zabbix-api","infra/oaf-zabbix-api","17195",true,true,MATCH
"infra/oaf-zabbix-api","infra/oaf-zabbix-api","17197",true,true,MATCH
"infra/oaf-zabbix-api","infra/oaf-zabbix-api","17198",true,true,MATCH
"infra/oaf-zabbix-api","infra/oaf-zabbix-api","latest",true,true,MATCH
"[SUMMARY]","infra/oaf-zabbix-api","infra/oaf-zabbix-api","ACR=60","ECR=60","MATCH=60 | MISSING_IN_ECR=0 | ECR_ONLY=0"
"infra/oaf-zabbix-grafana","infra/oaf-zabbix-grafana","12187",true,true,MATCH
"infra/oaf-zabbix-grafana","infra/oaf-zabbix-grafana","12188",true,true,MATCH
"infra/oaf-zabbix-grafana","infra/oaf-zabbix-grafana","12189",true,true,MATCH
"infra/oaf-zabbix-grafana","infra/oaf-zabbix-grafana","12190",true,true,MATCH
"infra/oaf-zabbix-grafana","infra/oaf-zabbix-grafana","12191",true,true,MATCH
"infra/oaf-zabbix-grafana","infra/oaf-zabbix-grafana","12212",true,true,MATCH
"infra/oaf-zabbix-grafana","infra/oaf-zabbix-grafana","12217",true,true,MATCH
"infra/oaf-zabbix-grafana","infra/oaf-zabbix-grafana","12218",true,true,MATCH
"infra/oaf-zabbix-grafana","infra/oaf-zabbix-grafana","12221",true,true,MATCH
"infra/oaf-zabbix-grafana","infra/oaf-zabbix-grafana","12222",true,true,MATCH
"infra/oaf-zabbix-grafana","infra/oaf-zabbix-grafana","15653",true,true,MATCH
"infra/oaf-zabbix-grafana","infra/oaf-zabbix-grafana","15654",true,true,MATCH
"infra/oaf-zabbix-grafana","infra/oaf-zabbix-grafana","15655",true,true,MATCH
"infra/oaf-zabbix-grafana","infra/oaf-zabbix-grafana","15656",true,true,MATCH
"infra/oaf-zabbix-grafana","infra/oaf-zabbix-grafana","15657",true,true,MATCH
"infra/oaf-zabbix-grafana","infra/oaf-zabbix-grafana","15659",true,true,MATCH
"infra/oaf-zabbix-grafana","infra/oaf-zabbix-grafana","15660",true,true,MATCH
"infra/oaf-zabbix-grafana","infra/oaf-zabbix-grafana","15661",true,true,MATCH
"infra/oaf-zabbix-grafana","infra/oaf-zabbix-grafana","15662",true,true,MATCH
"infra/oaf-zabbix-grafana","infra/oaf-zabbix-grafana","15663",true,true,MATCH
"infra/oaf-zabbix-grafana","infra/oaf-zabbix-grafana","15664",true,true,MATCH
"infra/oaf-zabbix-grafana","infra/oaf-zabbix-grafana","15665",true,true,MATCH
"infra/oaf-zabbix-grafana","infra/oaf-zabbix-grafana","15773",true,true,MATCH
"infra/oaf-zabbix-grafana","infra/oaf-zabbix-grafana","15789",true,true,MATCH
"infra/oaf-zabbix-grafana","infra/oaf-zabbix-grafana","15800",true,true,MATCH
"infra/oaf-zabbix-grafana","infra/oaf-zabbix-grafana","15811",true,true,MATCH
"infra/oaf-zabbix-grafana","infra/oaf-zabbix-grafana","15812",true,true,MATCH
"infra/oaf-zabbix-grafana","infra/oaf-zabbix-grafana","15837",true,true,MATCH
"infra/oaf-zabbix-grafana","infra/oaf-zabbix-grafana","15865",true,true,MATCH
"infra/oaf-zabbix-grafana","infra/oaf-zabbix-grafana","15893",true,true,MATCH
"infra/oaf-zabbix-grafana","infra/oaf-zabbix-grafana","17183",true,true,MATCH
"infra/oaf-zabbix-grafana","infra/oaf-zabbix-grafana","17185",true,true,MATCH
"infra/oaf-zabbix-grafana","infra/oaf-zabbix-grafana","17186",true,true,MATCH
"infra/oaf-zabbix-grafana","infra/oaf-zabbix-grafana","17187",true,true,MATCH
"infra/oaf-zabbix-grafana","infra/oaf-zabbix-grafana","17188",true,true,MATCH
"infra/oaf-zabbix-grafana","infra/oaf-zabbix-grafana","17189",true,true,MATCH
"infra/oaf-zabbix-grafana","infra/oaf-zabbix-grafana","17195",true,true,MATCH
"infra/oaf-zabbix-grafana","infra/oaf-zabbix-grafana","17197",true,true,MATCH
"infra/oaf-zabbix-grafana","infra/oaf-zabbix-grafana","17198",true,true,MATCH
"infra/oaf-zabbix-grafana","infra/oaf-zabbix-grafana","latest",true,true,MATCH
"[SUMMARY]","infra/oaf-zabbix-grafana","infra/oaf-zabbix-grafana","ACR=40","ECR=40","MATCH=40 | MISSING_IN_ECR=0 | ECR_ONLY=0"
"infra/oaf-zabbix-index","infra/oaf-zabbix-index","latest",true,true,MATCH
"[SUMMARY]","infra/oaf-zabbix-index","infra/oaf-zabbix-index","ACR=1","ECR=1","MATCH=1 | MISSING_IN_ECR=0 | ECR_ONLY=0"
"infra/oaf-zabbix-influx","infra/oaf-zabbix-influx","12187",true,true,MATCH
"infra/oaf-zabbix-influx","infra/oaf-zabbix-influx","12188",true,true,MATCH
"infra/oaf-zabbix-influx","infra/oaf-zabbix-influx","12189",true,true,MATCH
"infra/oaf-zabbix-influx","infra/oaf-zabbix-influx","12190",true,true,MATCH
"infra/oaf-zabbix-influx","infra/oaf-zabbix-influx","12191",true,true,MATCH
"infra/oaf-zabbix-influx","infra/oaf-zabbix-influx","12212",true,true,MATCH
"infra/oaf-zabbix-influx","infra/oaf-zabbix-influx","12217",true,true,MATCH
"infra/oaf-zabbix-influx","infra/oaf-zabbix-influx","12218",true,true,MATCH
"infra/oaf-zabbix-influx","infra/oaf-zabbix-influx","12221",true,true,MATCH
"infra/oaf-zabbix-influx","infra/oaf-zabbix-influx","12222",true,true,MATCH
"infra/oaf-zabbix-influx","infra/oaf-zabbix-influx","15653",true,true,MATCH
"infra/oaf-zabbix-influx","infra/oaf-zabbix-influx","15654",true,true,MATCH
"infra/oaf-zabbix-influx","infra/oaf-zabbix-influx","15655",true,true,MATCH
"infra/oaf-zabbix-influx","infra/oaf-zabbix-influx","15656",true,true,MATCH
"infra/oaf-zabbix-influx","infra/oaf-zabbix-influx","15657",true,true,MATCH
"infra/oaf-zabbix-influx","infra/oaf-zabbix-influx","15659",true,true,MATCH
"infra/oaf-zabbix-influx","infra/oaf-zabbix-influx","15660",true,true,MATCH
"infra/oaf-zabbix-influx","infra/oaf-zabbix-influx","15661",true,true,MATCH
"infra/oaf-zabbix-influx","infra/oaf-zabbix-influx","15662",true,true,MATCH
"infra/oaf-zabbix-influx","infra/oaf-zabbix-influx","15663",true,true,MATCH
"infra/oaf-zabbix-influx","infra/oaf-zabbix-influx","15664",true,true,MATCH
"infra/oaf-zabbix-influx","infra/oaf-zabbix-influx","15665",true,true,MATCH
"infra/oaf-zabbix-influx","infra/oaf-zabbix-influx","15773",true,true,MATCH
"infra/oaf-zabbix-influx","infra/oaf-zabbix-influx","15789",true,true,MATCH
"infra/oaf-zabbix-influx","infra/oaf-zabbix-influx","15800",true,true,MATCH
"infra/oaf-zabbix-influx","infra/oaf-zabbix-influx","15811",true,true,MATCH
"infra/oaf-zabbix-influx","infra/oaf-zabbix-influx","15812",true,true,MATCH
"infra/oaf-zabbix-influx","infra/oaf-zabbix-influx","15837",true,true,MATCH
"infra/oaf-zabbix-influx","infra/oaf-zabbix-influx","15865",true,true,MATCH
"infra/oaf-zabbix-influx","infra/oaf-zabbix-influx","15893",true,true,MATCH
"infra/oaf-zabbix-influx","infra/oaf-zabbix-influx","17183",true,true,MATCH
"infra/oaf-zabbix-influx","infra/oaf-zabbix-influx","17185",true,true,MATCH
"infra/oaf-zabbix-influx","infra/oaf-zabbix-influx","17186",true,true,MATCH
"infra/oaf-zabbix-influx","infra/oaf-zabbix-influx","17187",true,true,MATCH
"infra/oaf-zabbix-influx","infra/oaf-zabbix-influx","17188",true,true,MATCH
"infra/oaf-zabbix-influx","infra/oaf-zabbix-influx","17189",true,true,MATCH
"infra/oaf-zabbix-influx","infra/oaf-zabbix-influx","17195",true,true,MATCH
"infra/oaf-zabbix-influx","infra/oaf-zabbix-influx","17197",true,true,MATCH
"infra/oaf-zabbix-influx","infra/oaf-zabbix-influx","17198",true,true,MATCH
"infra/oaf-zabbix-influx","infra/oaf-zabbix-influx","latest",true,true,MATCH
"[SUMMARY]","infra/oaf-zabbix-influx","infra/oaf-zabbix-influx","ACR=40","ECR=40","MATCH=40 | MISSING_IN_ECR=0 | ECR_ONLY=0"
"infra/oaf-zabbix-monitor","infra/oaf-zabbix-monitor","12177",true,true,MATCH
"infra/oaf-zabbix-monitor","infra/oaf-zabbix-monitor","12186",true,true,MATCH
"infra/oaf-zabbix-monitor","infra/oaf-zabbix-monitor","12191",true,true,MATCH
"infra/oaf-zabbix-monitor","infra/oaf-zabbix-monitor","12212",true,true,MATCH
"infra/oaf-zabbix-monitor","infra/oaf-zabbix-monitor","12217",true,true,MATCH
"infra/oaf-zabbix-monitor","infra/oaf-zabbix-monitor","12218",true,true,MATCH
"infra/oaf-zabbix-monitor","infra/oaf-zabbix-monitor","12221",true,true,MATCH
"infra/oaf-zabbix-monitor","infra/oaf-zabbix-monitor","12222",true,true,MATCH
"infra/oaf-zabbix-monitor","infra/oaf-zabbix-monitor","15653",true,true,MATCH
"infra/oaf-zabbix-monitor","infra/oaf-zabbix-monitor","15654",true,true,MATCH
"infra/oaf-zabbix-monitor","infra/oaf-zabbix-monitor","15655",true,true,MATCH
"infra/oaf-zabbix-monitor","infra/oaf-zabbix-monitor","15656",true,true,MATCH
"infra/oaf-zabbix-monitor","infra/oaf-zabbix-monitor","15657",true,true,MATCH
"infra/oaf-zabbix-monitor","infra/oaf-zabbix-monitor","15659",true,true,MATCH
"infra/oaf-zabbix-monitor","infra/oaf-zabbix-monitor","15660",true,true,MATCH
"infra/oaf-zabbix-monitor","infra/oaf-zabbix-monitor","15661",true,true,MATCH
"infra/oaf-zabbix-monitor","infra/oaf-zabbix-monitor","15662",true,true,MATCH
"infra/oaf-zabbix-monitor","infra/oaf-zabbix-monitor","15663",true,true,MATCH
"infra/oaf-zabbix-monitor","infra/oaf-zabbix-monitor","15664",true,true,MATCH
"infra/oaf-zabbix-monitor","infra/oaf-zabbix-monitor","15665",true,true,MATCH
"infra/oaf-zabbix-monitor","infra/oaf-zabbix-monitor","15773",true,true,MATCH
"infra/oaf-zabbix-monitor","infra/oaf-zabbix-monitor","15789",true,true,MATCH
"infra/oaf-zabbix-monitor","infra/oaf-zabbix-monitor","15800",true,true,MATCH
"infra/oaf-zabbix-monitor","infra/oaf-zabbix-monitor","15811",true,true,MATCH
"infra/oaf-zabbix-monitor","infra/oaf-zabbix-monitor","15812",true,true,MATCH
"infra/oaf-zabbix-monitor","infra/oaf-zabbix-monitor","15837",true,true,MATCH
"infra/oaf-zabbix-monitor","infra/oaf-zabbix-monitor","15865",true,true,MATCH
"infra/oaf-zabbix-monitor","infra/oaf-zabbix-monitor","15893",true,true,MATCH
"infra/oaf-zabbix-monitor","infra/oaf-zabbix-monitor","17180",true,true,MATCH
"infra/oaf-zabbix-monitor","infra/oaf-zabbix-monitor","17181",true,true,MATCH
"infra/oaf-zabbix-monitor","infra/oaf-zabbix-monitor","17182",true,true,MATCH
"infra/oaf-zabbix-monitor","infra/oaf-zabbix-monitor","17183",true,true,MATCH
"infra/oaf-zabbix-monitor","infra/oaf-zabbix-monitor","17185",true,true,MATCH
"infra/oaf-zabbix-monitor","infra/oaf-zabbix-monitor","17186",true,true,MATCH
"infra/oaf-zabbix-monitor","infra/oaf-zabbix-monitor","17187",true,true,MATCH
"infra/oaf-zabbix-monitor","infra/oaf-zabbix-monitor","17188",true,true,MATCH
"infra/oaf-zabbix-monitor","infra/oaf-zabbix-monitor","17189",true,true,MATCH
"infra/oaf-zabbix-monitor","infra/oaf-zabbix-monitor","17192",true,true,MATCH
"infra/oaf-zabbix-monitor","infra/oaf-zabbix-monitor","17195",true,true,MATCH
"infra/oaf-zabbix-monitor","infra/oaf-zabbix-monitor","17197",true,true,MATCH
"infra/oaf-zabbix-monitor","infra/oaf-zabbix-monitor","17198",true,true,MATCH
"infra/oaf-zabbix-monitor","infra/oaf-zabbix-monitor","latest",true,true,MATCH
"[SUMMARY]","infra/oaf-zabbix-monitor","infra/oaf-zabbix-monitor","ACR=42","ECR=42","MATCH=42 | MISSING_IN_ECR=0 | ECR_ONLY=0"
"infra/oaf-zabbix-mysql","infra/oaf-zabbix-mysql","latest",true,true,MATCH
"[SUMMARY]","infra/oaf-zabbix-mysql","infra/oaf-zabbix-mysql","ACR=1","ECR=1","MATCH=1 | MISSING_IN_ECR=0 | ECR_ONLY=0"
"infra/oaf-zabbix-prep","infra/oaf-zabbix-prep","12191",true,true,MATCH
"infra/oaf-zabbix-prep","infra/oaf-zabbix-prep","12212",true,true,MATCH
"infra/oaf-zabbix-prep","infra/oaf-zabbix-prep","12217",true,true,MATCH
"infra/oaf-zabbix-prep","infra/oaf-zabbix-prep","12218",true,true,MATCH
"infra/oaf-zabbix-prep","infra/oaf-zabbix-prep","12221",true,true,MATCH
"infra/oaf-zabbix-prep","infra/oaf-zabbix-prep","12222",true,true,MATCH
"infra/oaf-zabbix-prep","infra/oaf-zabbix-prep","15653",true,true,MATCH
"infra/oaf-zabbix-prep","infra/oaf-zabbix-prep","15654",true,true,MATCH
"infra/oaf-zabbix-prep","infra/oaf-zabbix-prep","15655",true,true,MATCH
"infra/oaf-zabbix-prep","infra/oaf-zabbix-prep","15656",true,true,MATCH
"infra/oaf-zabbix-prep","infra/oaf-zabbix-prep","15657",true,true,MATCH
"infra/oaf-zabbix-prep","infra/oaf-zabbix-prep","15659",true,true,MATCH
"infra/oaf-zabbix-prep","infra/oaf-zabbix-prep","15660",true,true,MATCH
"infra/oaf-zabbix-prep","infra/oaf-zabbix-prep","15661",true,true,MATCH
"infra/oaf-zabbix-prep","infra/oaf-zabbix-prep","15662",true,true,MATCH
"infra/oaf-zabbix-prep","infra/oaf-zabbix-prep","15663",true,true,MATCH
"infra/oaf-zabbix-prep","infra/oaf-zabbix-prep","15664",true,true,MATCH
"infra/oaf-zabbix-prep","infra/oaf-zabbix-prep","15665",true,true,MATCH
"infra/oaf-zabbix-prep","infra/oaf-zabbix-prep","15773",true,true,MATCH
"infra/oaf-zabbix-prep","infra/oaf-zabbix-prep","15789",true,true,MATCH
"infra/oaf-zabbix-prep","infra/oaf-zabbix-prep","15800",true,true,MATCH
"infra/oaf-zabbix-prep","infra/oaf-zabbix-prep","15811",true,true,MATCH
"infra/oaf-zabbix-prep","infra/oaf-zabbix-prep","15812",true,true,MATCH
"infra/oaf-zabbix-prep","infra/oaf-zabbix-prep","15837",true,true,MATCH
"infra/oaf-zabbix-prep","infra/oaf-zabbix-prep","15865",true,true,MATCH
"infra/oaf-zabbix-prep","infra/oaf-zabbix-prep","15893",true,true,MATCH
"infra/oaf-zabbix-prep","infra/oaf-zabbix-prep","17180",true,true,MATCH
"infra/oaf-zabbix-prep","infra/oaf-zabbix-prep","17181",true,true,MATCH
"infra/oaf-zabbix-prep","infra/oaf-zabbix-prep","17182",true,true,MATCH
"infra/oaf-zabbix-prep","infra/oaf-zabbix-prep","17183",true,true,MATCH
"infra/oaf-zabbix-prep","infra/oaf-zabbix-prep","17185",true,true,MATCH
"infra/oaf-zabbix-prep","infra/oaf-zabbix-prep","17186",true,true,MATCH
"infra/oaf-zabbix-prep","infra/oaf-zabbix-prep","17187",true,true,MATCH
"infra/oaf-zabbix-prep","infra/oaf-zabbix-prep","17188",true,true,MATCH
"infra/oaf-zabbix-prep","infra/oaf-zabbix-prep","17189",true,true,MATCH
"infra/oaf-zabbix-prep","infra/oaf-zabbix-prep","17192",true,true,MATCH
"infra/oaf-zabbix-prep","infra/oaf-zabbix-prep","17195",true,true,MATCH
"infra/oaf-zabbix-prep","infra/oaf-zabbix-prep","17197",true,true,MATCH
"infra/oaf-zabbix-prep","infra/oaf-zabbix-prep","17198",true,true,MATCH
"infra/oaf-zabbix-prep","infra/oaf-zabbix-prep","latest",true,true,MATCH
"[SUMMARY]","infra/oaf-zabbix-prep","infra/oaf-zabbix-prep","ACR=40","ECR=40","MATCH=40 | MISSING_IN_ECR=0 | ECR_ONLY=0"
"infra/oaf-zabbix-web","infra/oaf-zabbix-web","12218",true,true,MATCH
"infra/oaf-zabbix-web","infra/oaf-zabbix-web","12221",true,true,MATCH
"infra/oaf-zabbix-web","infra/oaf-zabbix-web","12222",true,true,MATCH
"infra/oaf-zabbix-web","infra/oaf-zabbix-web","15653",true,true,MATCH
"infra/oaf-zabbix-web","infra/oaf-zabbix-web","15654",true,true,MATCH
"infra/oaf-zabbix-web","infra/oaf-zabbix-web","15655",true,true,MATCH
"infra/oaf-zabbix-web","infra/oaf-zabbix-web","15656",true,true,MATCH
"infra/oaf-zabbix-web","infra/oaf-zabbix-web","15657",true,true,MATCH
"infra/oaf-zabbix-web","infra/oaf-zabbix-web","15658",true,true,MATCH
"infra/oaf-zabbix-web","infra/oaf-zabbix-web","15659",true,true,MATCH
"infra/oaf-zabbix-web","infra/oaf-zabbix-web","15660",true,true,MATCH
"infra/oaf-zabbix-web","infra/oaf-zabbix-web","15661",true,true,MATCH
"infra/oaf-zabbix-web","infra/oaf-zabbix-web","15662",true,true,MATCH
"infra/oaf-zabbix-web","infra/oaf-zabbix-web","15663",true,true,MATCH
"infra/oaf-zabbix-web","infra/oaf-zabbix-web","15664",true,true,MATCH
"infra/oaf-zabbix-web","infra/oaf-zabbix-web","15665",true,true,MATCH
"infra/oaf-zabbix-web","infra/oaf-zabbix-web","15762",true,true,MATCH
"infra/oaf-zabbix-web","infra/oaf-zabbix-web","15773",true,true,MATCH
"infra/oaf-zabbix-web","infra/oaf-zabbix-web","15789",true,true,MATCH
"infra/oaf-zabbix-web","infra/oaf-zabbix-web","15800",true,true,MATCH
"infra/oaf-zabbix-web","infra/oaf-zabbix-web","15811",true,true,MATCH
"infra/oaf-zabbix-web","infra/oaf-zabbix-web","15812",true,true,MATCH
"infra/oaf-zabbix-web","infra/oaf-zabbix-web","15837",true,true,MATCH
"infra/oaf-zabbix-web","infra/oaf-zabbix-web","15865",true,true,MATCH
"infra/oaf-zabbix-web","infra/oaf-zabbix-web","15893",true,true,MATCH
"infra/oaf-zabbix-web","infra/oaf-zabbix-web","17180",true,true,MATCH
"infra/oaf-zabbix-web","infra/oaf-zabbix-web","17181",true,true,MATCH
"infra/oaf-zabbix-web","infra/oaf-zabbix-web","17182",true,true,MATCH
"infra/oaf-zabbix-web","infra/oaf-zabbix-web","17183",true,true,MATCH
"infra/oaf-zabbix-web","infra/oaf-zabbix-web","17184",true,true,MATCH
"infra/oaf-zabbix-web","infra/oaf-zabbix-web","17185",true,true,MATCH
"infra/oaf-zabbix-web","infra/oaf-zabbix-web","17186",true,true,MATCH
"infra/oaf-zabbix-web","infra/oaf-zabbix-web","17187",true,true,MATCH
"infra/oaf-zabbix-web","infra/oaf-zabbix-web","17188",true,true,MATCH
"infra/oaf-zabbix-web","infra/oaf-zabbix-web","17189",true,true,MATCH
"infra/oaf-zabbix-web","infra/oaf-zabbix-web","17192",true,true,MATCH
"infra/oaf-zabbix-web","infra/oaf-zabbix-web","17195",true,true,MATCH
"infra/oaf-zabbix-web","infra/oaf-zabbix-web","17197",true,true,MATCH
"infra/oaf-zabbix-web","infra/oaf-zabbix-web","17198",true,true,MATCH
"infra/oaf-zabbix-web","infra/oaf-zabbix-web","latest",true,true,MATCH
"[SUMMARY]","infra/oaf-zabbix-web","infra/oaf-zabbix-web","ACR=40","ECR=40","MATCH=40 | MISSING_IN_ECR=0 | ECR_ONLY=0"
"infra/oafoauth-proxy","infra/oafoauth-proxy","1.0",true,true,MATCH
"[SUMMARY]","infra/oafoauth-proxy","infra/oafoauth-proxy","ACR=1","ECR=1","MATCH=1 | MISSING_IN_ECR=0 | ECR_ONLY=0"
"infra/ocs-integrated","infra/ocs-integrated","1.0",true,true,MATCH
"[SUMMARY]","infra/ocs-integrated","infra/ocs-integrated","ACR=1","ECR=1","MATCH=1 | MISSING_IN_ECR=0 | ECR_ONLY=0"
"infra/quay.io/kiwigrid/k8s-sidecar","infra/quay.io/kiwigrid/k8s-sidecar","latest",true,true,MATCH
"[SUMMARY]","infra/quay.io/kiwigrid/k8s-sidecar","infra/quay.io/kiwigrid/k8s-sidecar","ACR=1","ECR=1","MATCH=1 | MISSING_IN_ECR=0 | ECR_ONLY=0"
"infra/zabbix/zabbix-agent2","infra/zabbix/zabbix-agent2","alpine-7.2-latest",true,true,MATCH
"[SUMMARY]","infra/zabbix/zabbix-agent2","infra/zabbix/zabbix-agent2","ACR=1","ECR=1","MATCH=1 | MISSING_IN_ECR=0 | ECR_ONLY=0"
"infra/zabbix-apache","infra/zabbix-apache","latest",true,true,MATCH
"[SUMMARY]","infra/zabbix-apache","infra/zabbix-apache","ACR=1","ECR=1","MATCH=1 | MISSING_IN_ECR=0 | ECR_ONLY=0"
"infra/zabbix-influxpush","infra/zabbix-influxpush","latest",true,true,MATCH
"[SUMMARY]","infra/zabbix-influxpush","infra/zabbix-influxpush","ACR=1","ECR=1","MATCH=1 | MISSING_IN_ECR=0 | ECR_ONLY=0"
"infra/zabbix-monitor","infra/zabbix-monitor","latest",true,true,MATCH
"[SUMMARY]","infra/zabbix-monitor","infra/zabbix-monitor","ACR=1","ECR=1","MATCH=1 | MISSING_IN_ECR=0 | ECR_ONLY=0"
"infra/zabbix-proxy-sqlite3","infra/zabbix-proxy-sqlite3","latest",true,true,MATCH
"[SUMMARY]","infra/zabbix-proxy-sqlite3","infra/zabbix-proxy-sqlite3","ACR=1","ECR=1","MATCH=1 | MISSING_IN_ECR=0 | ECR_ONLY=0"
"ingress-nginx/opentelemetry-1.25.3","ingress-nginx/opentelemetry-1.25.3","v20240813-b933310d",true,true,MATCH
"[SUMMARY]","ingress-nginx/opentelemetry-1.25.3","ingress-nginx/opentelemetry-1.25.3","ACR=1","ECR=1","MATCH=1 | MISSING_IN_ECR=0 | ECR_ONLY=0"
"jetstack/cert-manager-cainjector","jetstack/cert-manager-cainjector","v1.8.0",true,true,MATCH
"[SUMMARY]","jetstack/cert-manager-cainjector","jetstack/cert-manager-cainjector","ACR=1","ECR=1","MATCH=1 | MISSING_IN_ECR=0 | ECR_ONLY=0"
"jetstack/cert-manager-controller","jetstack/cert-manager-controller","v1.8.0",true,true,MATCH
"[SUMMARY]","jetstack/cert-manager-controller","jetstack/cert-manager-controller","ACR=1","ECR=1","MATCH=1 | MISSING_IN_ECR=0 | ECR_ONLY=0"
"jetstack/cert-manager-webhook","jetstack/cert-manager-webhook","v1.8.0",true,true,MATCH
"[SUMMARY]","jetstack/cert-manager-webhook","jetstack/cert-manager-webhook","ACR=1","ECR=1","MATCH=1 | MISSING_IN_ECR=0 | ECR_ONLY=0"
"jiralert","jiralert","1.0.13",true,true,MATCH
"[SUMMARY]","jiralert","jiralert","ACR=1","ECR=1","MATCH=1 | MISSING_IN_ECR=0 | ECR_ONLY=0"
"matomo-redis","matomo-redis","5.3.1-debian-12-r4",true,true,MATCH
"matomo-redis","matomo-redis","5.3.1-debian-12-r4-20250514-104125",true,true,MATCH
"matomo-redis","matomo-redis","5.3.1-debian-12-r4-20250520-1",true,true,MATCH
"matomo-redis","matomo-redis","5.3.1-debian-12-r4-20250521-3-amd64",true,true,MATCH
"matomo-redis","matomo-redis","5.3.1-debian-12-r4-20250521-3-amd64-amd64",true,true,MATCH
"matomo-redis","matomo-redis","5.3.1-debian-12-r4-20250527-162-amd64",true,true,MATCH
"matomo-redis","matomo-redis","5.3.1-debian-12-r4-20250527-163-amd64",true,true,MATCH
"matomo-redis","matomo-redis","5.3.1-debian-12-r4-20250527-164-amd64",true,true,MATCH
"matomo-redis","matomo-redis","5.3.1-debian-12-r4-20250527-165-amd64",true,true,MATCH
"matomo-redis","matomo-redis","5.3.1-debian-12-r4-20250527-167-amd64",true,true,MATCH
"matomo-redis","matomo-redis","5.3.1-debian-12-r4-20250527-168-amd64",true,true,MATCH
"matomo-redis","matomo-redis","5.3.1-debian-12-r4-20250527-169-15281689415-amd64",true,true,MATCH
"matomo-redis","matomo-redis","5.3.1-debian-12-r4-20250527-171-15281879043-amd64",true,true,MATCH
"matomo-redis","matomo-redis","5.3.1-debian-12-r4-20250527-173-15282831479-amd64",true,true,MATCH
"matomo-redis","matomo-redis","latest",true,true,MATCH
"[SUMMARY]","matomo-redis","matomo-redis","ACR=15","ECR=15","MATCH=15 | MISSING_IN_ECR=0 | ECR_ONLY=0"
"micro","micro","latest",true,true,MATCH
"[SUMMARY]","micro","micro","ACR=1","ECR=1","MATCH=1 | MISSING_IN_ECR=0 | ECR_ONLY=0"
"nats-streaming","nats-streaming","0.25.5",true,true,MATCH
"[SUMMARY]","nats-streaming","nats-streaming","ACR=1","ECR=1","MATCH=1 | MISSING_IN_ECR=0 | ECR_ONLY=0"
"oaf-logstash","oaf-logstash","7.10.0",true,true,MATCH
"[SUMMARY]","oaf-logstash","oaf-logstash","ACR=1","ECR=1","MATCH=1 | MISSING_IN_ECR=0 | ECR_ONLY=0"
"one-acre-fund/tupande-mobile-admin","one-acre-fund/tupande-mobile-admin","v1.2.0_12",true,true,MATCH
"[SUMMARY]","one-acre-fund/tupande-mobile-admin","one-acre-fund/tupande-mobile-admin","ACR=1","ECR=1","MATCH=1 | MISSING_IN_ECR=0 | ECR_ONLY=0"
"oneacrefund/adminer","oneacrefund/adminer","4.8.1-standalone",true,true,MATCH
"[SUMMARY]","oneacrefund/adminer","oneacrefund/adminer","ACR=1","ECR=1","MATCH=1 | MISSING_IN_ECR=0 | ECR_ONLY=0"
"oneacrefund/airbyte-custom","oneacrefund/airbyte-custom","v1.0.1",true,true,MATCH
"[SUMMARY]","oneacrefund/airbyte-custom","oneacrefund/airbyte-custom","ACR=1","ECR=1","MATCH=1 | MISSING_IN_ECR=0 | ECR_ONLY=0"
"oneacrefund/airbyte-firestore","oneacrefund/airbyte-firestore","v1.0.9",true,true,MATCH
"oneacrefund/airbyte-firestore","oneacrefund/airbyte-firestore","v1.1.0",true,true,MATCH
"oneacrefund/airbyte-firestore","oneacrefund/airbyte-firestore","v1.1.1",true,true,MATCH
"oneacrefund/airbyte-firestore","oneacrefund/airbyte-firestore","v1.1.2",true,true,MATCH
"oneacrefund/airbyte-firestore","oneacrefund/airbyte-firestore","v1.1.3",true,true,MATCH
"oneacrefund/airbyte-firestore","oneacrefund/airbyte-firestore","v1.1.4",true,true,MATCH
"oneacrefund/airbyte-firestore","oneacrefund/airbyte-firestore","v1.1.5",true,true,MATCH
"oneacrefund/airbyte-firestore","oneacrefund/airbyte-firestore","v1.1.6",true,true,MATCH
"oneacrefund/airbyte-firestore","oneacrefund/airbyte-firestore","v1.1.7",true,true,MATCH
"oneacrefund/airbyte-firestore","oneacrefund/airbyte-firestore","v1.1.8",true,true,MATCH
"oneacrefund/airbyte-firestore","oneacrefund/airbyte-firestore","v1.1.9",true,true,MATCH
"oneacrefund/airbyte-firestore","oneacrefund/airbyte-firestore","v1.2.0",true,true,MATCH
"oneacrefund/airbyte-firestore","oneacrefund/airbyte-firestore","v1.2.1",true,true,MATCH
"oneacrefund/airbyte-firestore","oneacrefund/airbyte-firestore","v1.2.2",true,true,MATCH
"oneacrefund/airbyte-firestore","oneacrefund/airbyte-firestore","v1.2.3",true,true,MATCH
"oneacrefund/airbyte-firestore","oneacrefund/airbyte-firestore","v1.2.4",true,true,MATCH
"oneacrefund/airbyte-firestore","oneacrefund/airbyte-firestore","v1.2.5",true,true,MATCH
"oneacrefund/airbyte-firestore","oneacrefund/airbyte-firestore","v1.2.6",true,true,MATCH
"oneacrefund/airbyte-firestore","oneacrefund/airbyte-firestore","v1.2.7",true,true,MATCH
"oneacrefund/airbyte-firestore","oneacrefund/airbyte-firestore","v1.2.8",true,true,MATCH
"oneacrefund/airbyte-firestore","oneacrefund/airbyte-firestore","v1.2.9",true,true,MATCH
"oneacrefund/airbyte-firestore","oneacrefund/airbyte-firestore","v1.3.0",true,true,MATCH
"oneacrefund/airbyte-firestore","oneacrefund/airbyte-firestore","v1.3.1",true,true,MATCH
"oneacrefund/airbyte-firestore","oneacrefund/airbyte-firestore","v1.3.2",true,true,MATCH
"oneacrefund/airbyte-firestore","oneacrefund/airbyte-firestore","v1.3.3",true,true,MATCH
"oneacrefund/airbyte-firestore","oneacrefund/airbyte-firestore","v1.3.4",true,true,MATCH
"oneacrefund/airbyte-firestore","oneacrefund/airbyte-firestore","v1.3.5",true,true,MATCH
"oneacrefund/airbyte-firestore","oneacrefund/airbyte-firestore","v1.3.6",true,true,MATCH
"oneacrefund/airbyte-firestore","oneacrefund/airbyte-firestore","v1.3.7",true,true,MATCH
"oneacrefund/airbyte-firestore","oneacrefund/airbyte-firestore","v1.3.9",true,true,MATCH
"oneacrefund/airbyte-firestore","oneacrefund/airbyte-firestore","v1.4.0",true,true,MATCH
"oneacrefund/airbyte-firestore","oneacrefund/airbyte-firestore","v1.4.1",true,true,MATCH
"oneacrefund/airbyte-firestore","oneacrefund/airbyte-firestore","v1.4.2",true,true,MATCH
"oneacrefund/airbyte-firestore","oneacrefund/airbyte-firestore","v1.4.3",true,true,MATCH
"oneacrefund/airbyte-firestore","oneacrefund/airbyte-firestore","v1.4.4",true,true,MATCH
"oneacrefund/airbyte-firestore","oneacrefund/airbyte-firestore","v1.4.5",true,true,MATCH
"oneacrefund/airbyte-firestore","oneacrefund/airbyte-firestore","v1.4.6",true,true,MATCH
"oneacrefund/airbyte-firestore","oneacrefund/airbyte-firestore","v1.4.7",true,true,MATCH
"oneacrefund/airbyte-firestore","oneacrefund/airbyte-firestore","v1.4.8",true,true,MATCH
"oneacrefund/airbyte-firestore","oneacrefund/airbyte-firestore","v1.4.9",true,true,MATCH
"[SUMMARY]","oneacrefund/airbyte-firestore","oneacrefund/airbyte-firestore","ACR=40","ECR=40","MATCH=40 | MISSING_IN_ECR=0 | ECR_ONLY=0"
"oneacrefund/airbyte-kobo","oneacrefund/airbyte-kobo","43749",true,true,MATCH
"oneacrefund/airbyte-kobo","oneacrefund/airbyte-kobo","43751",true,true,MATCH
"oneacrefund/airbyte-kobo","oneacrefund/airbyte-kobo","43752",true,true,MATCH
"oneacrefund/airbyte-kobo","oneacrefund/airbyte-kobo","v0.0.1",true,true,MATCH
"oneacrefund/airbyte-kobo","oneacrefund/airbyte-kobo","v1.0.1",true,true,MATCH
"oneacrefund/airbyte-kobo","oneacrefund/airbyte-kobo","v1.0.2",true,true,MATCH
"oneacrefund/airbyte-kobo","oneacrefund/airbyte-kobo","v1.0.3",true,true,MATCH
"oneacrefund/airbyte-kobo","oneacrefund/airbyte-kobo","v1.0.4",true,true,MATCH
"oneacrefund/airbyte-kobo","oneacrefund/airbyte-kobo","v1.0.5",true,true,MATCH
"oneacrefund/airbyte-kobo","oneacrefund/airbyte-kobo","v1.0.6",true,true,MATCH
"oneacrefund/airbyte-kobo","oneacrefund/airbyte-kobo","v1.0.7",true,true,MATCH
"oneacrefund/airbyte-kobo","oneacrefund/airbyte-kobo","v1.0.8",true,true,MATCH
"oneacrefund/airbyte-kobo","oneacrefund/airbyte-kobo","v1.0.9",true,true,MATCH
"oneacrefund/airbyte-kobo","oneacrefund/airbyte-kobo","v1.1.0",true,true,MATCH
"oneacrefund/airbyte-kobo","oneacrefund/airbyte-kobo","v1.1.1",true,true,MATCH
"oneacrefund/airbyte-kobo","oneacrefund/airbyte-kobo","v1.1.2",true,true,MATCH
"oneacrefund/airbyte-kobo","oneacrefund/airbyte-kobo","v1.1.3",true,true,MATCH
"oneacrefund/airbyte-kobo","oneacrefund/airbyte-kobo","v1.1.4",true,true,MATCH
"oneacrefund/airbyte-kobo","oneacrefund/airbyte-kobo","v1.1.5",true,true,MATCH
"oneacrefund/airbyte-kobo","oneacrefund/airbyte-kobo","v1.1.6",true,true,MATCH
"oneacrefund/airbyte-kobo","oneacrefund/airbyte-kobo","v1.1.7",true,true,MATCH
"oneacrefund/airbyte-kobo","oneacrefund/airbyte-kobo","v1.1.8",true,true,MATCH
"oneacrefund/airbyte-kobo","oneacrefund/airbyte-kobo","v1.1.9",true,true,MATCH
"oneacrefund/airbyte-kobo","oneacrefund/airbyte-kobo","v1.2.0",true,true,MATCH
"oneacrefund/airbyte-kobo","oneacrefund/airbyte-kobo","v1.2.1",true,true,MATCH
"oneacrefund/airbyte-kobo","oneacrefund/airbyte-kobo","v1.2.2",true,true,MATCH
"oneacrefund/airbyte-kobo","oneacrefund/airbyte-kobo","v1.2.4",true,true,MATCH
"oneacrefund/airbyte-kobo","oneacrefund/airbyte-kobo","v1.2.5",true,true,MATCH
"oneacrefund/airbyte-kobo","oneacrefund/airbyte-kobo","v1.2.6",true,true,MATCH
"oneacrefund/airbyte-kobo","oneacrefund/airbyte-kobo","v1.2.7",true,true,MATCH
"oneacrefund/airbyte-kobo","oneacrefund/airbyte-kobo","v1.2.8",true,true,MATCH
"oneacrefund/airbyte-kobo","oneacrefund/airbyte-kobo","v1.2.9",true,true,MATCH
"oneacrefund/airbyte-kobo","oneacrefund/airbyte-kobo","v1.3.0",true,true,MATCH
"oneacrefund/airbyte-kobo","oneacrefund/airbyte-kobo","v1.3.1",true,true,MATCH
"oneacrefund/airbyte-kobo","oneacrefund/airbyte-kobo","v1.3.2",true,true,MATCH
"oneacrefund/airbyte-kobo","oneacrefund/airbyte-kobo","v1.3.3",true,true,MATCH
"oneacrefund/airbyte-kobo","oneacrefund/airbyte-kobo","v1.3.4",true,true,MATCH
"oneacrefund/airbyte-kobo","oneacrefund/airbyte-kobo","v1.3.5",true,true,MATCH
"oneacrefund/airbyte-kobo","oneacrefund/airbyte-kobo","v1.3.6",true,true,MATCH
"oneacrefund/airbyte-kobo","oneacrefund/airbyte-kobo","v1.3.7",true,true,MATCH
"oneacrefund/airbyte-kobo","oneacrefund/airbyte-kobo","v1.3.9",true,true,MATCH
"oneacrefund/airbyte-kobo","oneacrefund/airbyte-kobo","v1.4.0",true,true,MATCH
"oneacrefund/airbyte-kobo","oneacrefund/airbyte-kobo","v1.4.2",true,true,MATCH
"[SUMMARY]","oneacrefund/airbyte-kobo","oneacrefund/airbyte-kobo","ACR=43","ECR=43","MATCH=43 | MISSING_IN_ECR=0 | ECR_ONLY=0"
"oneacrefund/airbyte-source-telerivet","oneacrefund/airbyte-source-telerivet","1.0.0",true,true,MATCH
"oneacrefund/airbyte-source-telerivet","oneacrefund/airbyte-source-telerivet","1.0.1",true,true,MATCH
"oneacrefund/airbyte-source-telerivet","oneacrefund/airbyte-source-telerivet","latest",true,true,MATCH
"[SUMMARY]","oneacrefund/airbyte-source-telerivet","oneacrefund/airbyte-source-telerivet","ACR=3","ECR=3","MATCH=3 | MISSING_IN_ECR=0 | ECR_ONLY=0"
"oneacrefund/airtel-connector","oneacrefund/airtel-connector","0.0.1",true,true,MATCH
"oneacrefund/airtel-connector","oneacrefund/airtel-connector","0.0.1.2023.08.17.3",true,true,MATCH
"oneacrefund/airtel-connector","oneacrefund/airtel-connector","0.0.3.2024.02.05.19d8ff0",true,true,MATCH
"oneacrefund/airtel-connector","oneacrefund/airtel-connector","0.0.3.2024.02.05.9ab52be",true,true,MATCH
"oneacrefund/airtel-connector","oneacrefund/airtel-connector","0.1.0",true,true,MATCH
"oneacrefund/airtel-connector","oneacrefund/airtel-connector","0.1.0.2023.10.24.1",true,true,MATCH
"oneacrefund/airtel-connector","oneacrefund/airtel-connector","0.1.0.2023.11.15.66771b8",true,true,MATCH
"oneacrefund/airtel-connector","oneacrefund/airtel-connector","0.1.0.2024.10.30.1",true,true,MATCH
"oneacrefund/airtel-connector","oneacrefund/airtel-connector","0.1.0.2024.10.30.2",true,true,MATCH
"oneacrefund/airtel-connector","oneacrefund/airtel-connector","0.1.1",true,true,MATCH
"oneacrefund/airtel-connector","oneacrefund/airtel-connector","0.1.1.2024.10.30.7",true,true,MATCH
"oneacrefund/airtel-connector","oneacrefund/airtel-connector","0.1.1.2024.12.08.1",true,true,MATCH
"oneacrefund/airtel-connector","oneacrefund/airtel-connector","1.0.0",true,true,MATCH
"oneacrefund/airtel-connector","oneacrefund/airtel-connector","1.0.0.2024.12.08.2",true,true,MATCH
"oneacrefund/airtel-connector","oneacrefund/airtel-connector","1.0.0.2024.12.09.1",true,true,MATCH
"oneacrefund/airtel-connector","oneacrefund/airtel-connector","1.0.0.2024.12.11.1",true,true,MATCH
"oneacrefund/airtel-connector","oneacrefund/airtel-connector","1.0.0.2024.12.11.2",true,true,MATCH
"oneacrefund/airtel-connector","oneacrefund/airtel-connector","1.0.0.2025.03.13.1",true,true,MATCH
"oneacrefund/airtel-connector","oneacrefund/airtel-connector","1.1.0",true,true,MATCH
"oneacrefund/airtel-connector","oneacrefund/airtel-connector","1.1.0.2025.04.17.1",true,true,MATCH
"oneacrefund/airtel-connector","oneacrefund/airtel-connector","1.1.1",true,true,MATCH
"oneacrefund/airtel-connector","oneacrefund/airtel-connector","1.1.1.2025.04.24.1",true,true,MATCH
"oneacrefund/airtel-connector","oneacrefund/airtel-connector","1.1.2",true,true,MATCH
"oneacrefund/airtel-connector","oneacrefund/airtel-connector","1.1.3",true,true,MATCH
"oneacrefund/airtel-connector","oneacrefund/airtel-connector","1.1.4",true,true,MATCH
"oneacrefund/airtel-connector","oneacrefund/airtel-connector","1.1.5",true,true,MATCH
"oneacrefund/airtel-connector","oneacrefund/airtel-connector","1.1.5.1",true,true,MATCH
"oneacrefund/airtel-connector","oneacrefund/airtel-connector","1.1.5.2",true,true,MATCH
"oneacrefund/airtel-connector","oneacrefund/airtel-connector","1.1.5.3",true,true,MATCH
"oneacrefund/airtel-connector","oneacrefund/airtel-connector","1.1.5.4",true,true,MATCH
"oneacrefund/airtel-connector","oneacrefund/airtel-connector","latest",true,true,MATCH
"[SUMMARY]","oneacrefund/airtel-connector","oneacrefund/airtel-connector","ACR=31","ECR=31","MATCH=31 | MISSING_IN_ECR=0 | ECR_ONLY=0"
"oneacrefund/api","oneacrefund/api","v2.8.1_1710a1151fba9212f8f031f2d7e7ce037288f520",true,true,MATCH
"oneacrefund/api","oneacrefund/api","v2.8.1_270bf9f305c5a8f2f569a73902993b3972e10a65",true,true,MATCH
"oneacrefund/api","oneacrefund/api","v2.8.1_3dfcf970f136e7201f718b4ef0da3c312edec6c5",true,true,MATCH
"oneacrefund/api","oneacrefund/api","v2.8.1_73f485e3c3c5d296512d6884e06584bf4fcf85a6",true,true,MATCH
"oneacrefund/api","oneacrefund/api","v2.8.1_756085cff877d579c098544455740f8d713d9b68",true,true,MATCH
"oneacrefund/api","oneacrefund/api","v2.8.1_863d04ca2ba7170bc74449dd30a19a88d2455e16",true,true,MATCH
"oneacrefund/api","oneacrefund/api","v2.8.1_901aafd7e7ee6b5fe3e29e67f39d60c373877d38",true,true,MATCH
"oneacrefund/api","oneacrefund/api","v2.8.1_95ec1297fe9e9c3adfda8bd0bc852a6285f48474",true,true,MATCH
"oneacrefund/api","oneacrefund/api","v2.8.1_9a830f3d1cea8fd0d74c080df8a150e050332c30",true,true,MATCH
"oneacrefund/api","oneacrefund/api","v2.8.1_ac157619424d34eb05de71e4905e2eeccbbc97c0",true,true,MATCH
"oneacrefund/api","oneacrefund/api","v2.8.1_cb8d3e7a65d630af14099695f871d055fa49d2fa",true,true,MATCH
"oneacrefund/api","oneacrefund/api","v2.8.1_d1a560798b39f89e155b294e0d65d9297fb1e52b",true,true,MATCH
"oneacrefund/api","oneacrefund/api","v2.8.1_e17b2e5bdd4770900442a4803d3933c91cf802c0",true,true,MATCH
"oneacrefund/api","oneacrefund/api","v2.8.1_e96c6fb12559c2375fd15ad5618d932468b2a613",true,true,MATCH
"oneacrefund/api","oneacrefund/api","v3.0.0_20f7974bc8b2f5431c8c614a141f1356ac4d9656",true,true,MATCH
"oneacrefund/api","oneacrefund/api","v4.0.0_265d723cedce5941538603fe284432c582b81197",true,true,MATCH
"oneacrefund/api","oneacrefund/api","v4.0.0_f51941148fc24166c86596b16e152d64ddc81f13",true,true,MATCH
"oneacrefund/api","oneacrefund/api","v4.1.0_0520ba6dbc5188f38694f279d90a06c995ada46e",true,true,MATCH
"oneacrefund/api","oneacrefund/api","v4.1.0_2fd2188fb04f8a356c4693b75d2f94bcb11aaa93",true,true,MATCH
"oneacrefund/api","oneacrefund/api","v4.1.0_4a1b9d7249e6bc1a7bd5be1dbf12267b9d60cb99",true,true,MATCH
"oneacrefund/api","oneacrefund/api","v4.1.0_8261ca1222957cc9a5811472da0b2a58d0451bcc",true,true,MATCH
"oneacrefund/api","oneacrefund/api","v4.1.0_aa1c0e3b48a56e38a686dd10c321deea0feb20f6",true,true,MATCH
"oneacrefund/api","oneacrefund/api","v4.1.0_f0fb8f7bb27071fbb9cf4b90e2a0bbfddb2a2bf9",true,true,MATCH
"oneacrefund/api","oneacrefund/api","v4.1.1_0d2719765ceecaa55ade3b80a086e9b831c1958f",true,true,MATCH
"oneacrefund/api","oneacrefund/api","v4.1.1_133c35df79193d1e5322140b2e2d3614ebd78354",true,true,MATCH
"oneacrefund/api","oneacrefund/api","v4.1.1_18f2d7ad5829d1384bccc9a553564087493c6c10",true,true,MATCH
"oneacrefund/api","oneacrefund/api","v4.1.1_399533a7439476135a7ab236c0808f1fb31b8bbb",true,true,MATCH
"oneacrefund/api","oneacrefund/api","v4.1.1_3ef6a24fe716b66f55ad39950716c86caad08826",true,true,MATCH
"oneacrefund/api","oneacrefund/api","v4.1.1_41c1c62740ac1d3e6220dd84beedb87f6a6c3483",true,true,MATCH
"oneacrefund/api","oneacrefund/api","v4.1.1_47122d9367f3ccb32f875fb1618f4f89367cd01c",true,true,MATCH
"oneacrefund/api","oneacrefund/api","v4.1.1_521e2279700eaaf6e1d328e0292e31b0739b9104",true,true,MATCH
"oneacrefund/api","oneacrefund/api","v4.1.1_6511f444143bb402e386399477197b3c9ba4d2c9",true,true,MATCH
"oneacrefund/api","oneacrefund/api","v4.1.1_6efdc54440a1271d950bc795de8a415c4bfd929b",true,true,MATCH
"oneacrefund/api","oneacrefund/api","v4.1.1_763f08219eba08b00c6a1191cf2dedcdd35548ed",true,true,MATCH
"oneacrefund/api","oneacrefund/api","v4.1.1_7eb23a1d4b9131f28f16246c3badf24b36ecb847",true,true,MATCH
"oneacrefund/api","oneacrefund/api","v4.1.1_88618baec4f5ea81dff3d50f3eb1ad6b31c1a63c",true,true,MATCH
"oneacrefund/api","oneacrefund/api","v4.1.1_997839add41fbaceb433d22b0e3522392f506e06",true,true,MATCH
"oneacrefund/api","oneacrefund/api","v4.1.1_a92f9703843e34572e25c007b9ac533faa56a695",true,true,MATCH
"oneacrefund/api","oneacrefund/api","v4.1.1_ab278fd3a5fbcb510452cc926908b80d3d0f6113",true,true,MATCH
"oneacrefund/api","oneacrefund/api","v4.1.1_be882047961ed3d2d749f25b0dedcbd15b6fdc6c",true,true,MATCH
"oneacrefund/api","oneacrefund/api","v4.1.1_c9cb463f859aca7c03f1f0962b8b7ff71b1445bc",true,true,MATCH
"oneacrefund/api","oneacrefund/api","v4.1.1_d788b83a73015d1e4363896cbbe5be44662ebb92",true,true,MATCH
"oneacrefund/api","oneacrefund/api","v4.1.1_f972a1533e3758cb581392dc42ff9e974234a7e7",true,true,MATCH
"oneacrefund/api","oneacrefund/api","v4.2.0_696abe8863b398606db3f2eb795aa066243cd642",true,true,MATCH
"oneacrefund/api","oneacrefund/api","v4.3.0_03cb9b0be3a60114d68b908ad84ba5e6584ca6a0",true,true,MATCH
"oneacrefund/api","oneacrefund/api","v4.3.0_05c77444e0bdcf65704f43981104c24849f8a58b",true,true,MATCH
"oneacrefund/api","oneacrefund/api","v4.3.0_34a82bb1ae7aefda6e1326945ecb2977c8d06dac",true,true,MATCH
"oneacrefund/api","oneacrefund/api","v4.3.0_39663fbc37227395ccba5c74c7d7c72c6b0a1849",true,true,MATCH
"oneacrefund/api","oneacrefund/api","v4.3.0_41f139e49321d2c659534c3a0e88896ef64d435f",true,true,MATCH
"oneacrefund/api","oneacrefund/api","v4.3.0_4699990f7f6fb8304670079b3db52b9fb9012918",true,true,MATCH
"oneacrefund/api","oneacrefund/api","v4.3.0_47b14c27fed946d42e7ce2a11c41ad2e86387f16",true,true,MATCH
"oneacrefund/api","oneacrefund/api","v4.3.0_4fa5e35614a183edcf8237550bb0f71a0285eb3e",true,true,MATCH
"oneacrefund/api","oneacrefund/api","v4.3.0_5f00414d771c66cc0ce33ddfc8a4b8792bdb89ba",true,true,MATCH
"oneacrefund/api","oneacrefund/api","v4.3.0_6ae4d93ce2be6feb9db61a3e234f7346ed313a15",true,true,MATCH
"oneacrefund/api","oneacrefund/api","v4.3.0_6e81c90425765d3b80b250b96a8696786ca28dc8",true,true,MATCH
"oneacrefund/api","oneacrefund/api","v4.3.0_7d4ece155354b6b352c8429a694b0b34b67c6548",true,true,MATCH
"oneacrefund/api","oneacrefund/api","v4.3.0_80e30fc2110f6583f4d4a91c675605ede58d956e",true,true,MATCH
"oneacrefund/api","oneacrefund/api","v4.3.0_9b7d0aae99337a2c5ddfc9eef5a4338e5440dbb5",true,true,MATCH
"oneacrefund/api","oneacrefund/api","v4.3.0_9c986ab62b96a6cb4157f38aed4b1269f7d37f07",true,true,MATCH
"oneacrefund/api","oneacrefund/api","v4.3.0_a6fc24ea7735f722af3a8c974c1dc94503dbc57c",true,true,MATCH
"oneacrefund/api","oneacrefund/api","v4.3.0_c7d3030c995135ad3db98cb9db738cb07eeef010",true,true,MATCH
"oneacrefund/api","oneacrefund/api","v4.3.0_c92f1a1719c0ad77a3da89cfbd2b0bbf432809b1",true,true,MATCH
"oneacrefund/api","oneacrefund/api","v4.3.0_cd92db8041b137f1b2d4eacf816cb67479a3d6fb",true,true,MATCH
"oneacrefund/api","oneacrefund/api","v4.3.0_d03e9f0069550d65ccaaeaf1f4af729250db9c1a",true,true,MATCH
"oneacrefund/api","oneacrefund/api","v4.3.0_dad64fa19d99bdbd7db37e3bf8a973b0892095ba",true,true,MATCH
"oneacrefund/api","oneacrefund/api","v4.3.0_db2757f5da72c63f5998036b624caeac30d5b69a",true,true,MATCH
"oneacrefund/api","oneacrefund/api","v4.3.0_f4ab3056baf317a85c02c6a5ca61c7ff4a856d7c",true,true,MATCH
"oneacrefund/api","oneacrefund/api","v4.3.0_f50b4ff49d40c8bd40dc727fa956ea953b069d59",true,true,MATCH
"oneacrefund/api","oneacrefund/api","v4.3.0_f8853f34060a423a729399003c7fdc808de3f2c9",true,true,MATCH
"[SUMMARY]","oneacrefund/api","oneacrefund/api","ACR=69","ECR=69","MATCH=69 | MISSING_IN_ECR=0 | ECR_ONLY=0"
"oneacrefund/auth","oneacrefund/auth","v2.8.1_1710a1151fba9212f8f031f2d7e7ce037288f520",true,true,MATCH
"oneacrefund/auth","oneacrefund/auth","v2.8.1_270bf9f305c5a8f2f569a73902993b3972e10a65",true,true,MATCH
"oneacrefund/auth","oneacrefund/auth","v2.8.1_3dfcf970f136e7201f718b4ef0da3c312edec6c5",true,true,MATCH
"oneacrefund/auth","oneacrefund/auth","v2.8.1_73f485e3c3c5d296512d6884e06584bf4fcf85a6",true,true,MATCH
"oneacrefund/auth","oneacrefund/auth","v2.8.1_756085cff877d579c098544455740f8d713d9b68",true,true,MATCH
"oneacrefund/auth","oneacrefund/auth","v2.8.1_863d04ca2ba7170bc74449dd30a19a88d2455e16",true,true,MATCH
"oneacrefund/auth","oneacrefund/auth","v2.8.1_901aafd7e7ee6b5fe3e29e67f39d60c373877d38",true,true,MATCH
"oneacrefund/auth","oneacrefund/auth","v2.8.1_95ec1297fe9e9c3adfda8bd0bc852a6285f48474",true,true,MATCH
"oneacrefund/auth","oneacrefund/auth","v2.8.1_9a830f3d1cea8fd0d74c080df8a150e050332c30",true,true,MATCH
"oneacrefund/auth","oneacrefund/auth","v2.8.1_ac157619424d34eb05de71e4905e2eeccbbc97c0",true,true,MATCH
"oneacrefund/auth","oneacrefund/auth","v2.8.1_cb8d3e7a65d630af14099695f871d055fa49d2fa",true,true,MATCH
"oneacrefund/auth","oneacrefund/auth","v2.8.1_d1a560798b39f89e155b294e0d65d9297fb1e52b",true,true,MATCH
"oneacrefund/auth","oneacrefund/auth","v2.8.1_e17b2e5bdd4770900442a4803d3933c91cf802c0",true,true,MATCH
"oneacrefund/auth","oneacrefund/auth","v2.8.1_e96c6fb12559c2375fd15ad5618d932468b2a613",true,true,MATCH
"oneacrefund/auth","oneacrefund/auth","v3.0.0_20f7974bc8b2f5431c8c614a141f1356ac4d9656",true,true,MATCH
"oneacrefund/auth","oneacrefund/auth","v4.0.0_265d723cedce5941538603fe284432c582b81197",true,true,MATCH
"oneacrefund/auth","oneacrefund/auth","v4.0.0_f51941148fc24166c86596b16e152d64ddc81f13",true,true,MATCH
"oneacrefund/auth","oneacrefund/auth","v4.1.0_0520ba6dbc5188f38694f279d90a06c995ada46e",true,true,MATCH
"oneacrefund/auth","oneacrefund/auth","v4.1.0_2fd2188fb04f8a356c4693b75d2f94bcb11aaa93",true,true,MATCH
"oneacrefund/auth","oneacrefund/auth","v4.1.0_4a1b9d7249e6bc1a7bd5be1dbf12267b9d60cb99",true,true,MATCH
"oneacrefund/auth","oneacrefund/auth","v4.1.0_8261ca1222957cc9a5811472da0b2a58d0451bcc",true,true,MATCH
"oneacrefund/auth","oneacrefund/auth","v4.1.0_aa1c0e3b48a56e38a686dd10c321deea0feb20f6",true,true,MATCH
"oneacrefund/auth","oneacrefund/auth","v4.1.0_f0fb8f7bb27071fbb9cf4b90e2a0bbfddb2a2bf9",true,true,MATCH
"oneacrefund/auth","oneacrefund/auth","v4.1.1_0d2719765ceecaa55ade3b80a086e9b831c1958f",true,true,MATCH
"oneacrefund/auth","oneacrefund/auth","v4.1.1_133c35df79193d1e5322140b2e2d3614ebd78354",true,true,MATCH
"oneacrefund/auth","oneacrefund/auth","v4.1.1_18f2d7ad5829d1384bccc9a553564087493c6c10",true,true,MATCH
"oneacrefund/auth","oneacrefund/auth","v4.1.1_399533a7439476135a7ab236c0808f1fb31b8bbb",true,true,MATCH
"oneacrefund/auth","oneacrefund/auth","v4.1.1_3ef6a24fe716b66f55ad39950716c86caad08826",true,true,MATCH
"oneacrefund/auth","oneacrefund/auth","v4.1.1_41c1c62740ac1d3e6220dd84beedb87f6a6c3483",true,true,MATCH
"oneacrefund/auth","oneacrefund/auth","v4.1.1_47122d9367f3ccb32f875fb1618f4f89367cd01c",true,true,MATCH
"oneacrefund/auth","oneacrefund/auth","v4.1.1_521e2279700eaaf6e1d328e0292e31b0739b9104",true,true,MATCH
"oneacrefund/auth","oneacrefund/auth","v4.1.1_6511f444143bb402e386399477197b3c9ba4d2c9",true,true,MATCH
"oneacrefund/auth","oneacrefund/auth","v4.1.1_6efdc54440a1271d950bc795de8a415c4bfd929b",true,true,MATCH
"oneacrefund/auth","oneacrefund/auth","v4.1.1_763f08219eba08b00c6a1191cf2dedcdd35548ed",true,true,MATCH
"oneacrefund/auth","oneacrefund/auth","v4.1.1_7eb23a1d4b9131f28f16246c3badf24b36ecb847",true,true,MATCH
"oneacrefund/auth","oneacrefund/auth","v4.1.1_88618baec4f5ea81dff3d50f3eb1ad6b31c1a63c",true,true,MATCH
"oneacrefund/auth","oneacrefund/auth","v4.1.1_997839add41fbaceb433d22b0e3522392f506e06",true,true,MATCH
"oneacrefund/auth","oneacrefund/auth","v4.1.1_a92f9703843e34572e25c007b9ac533faa56a695",true,true,MATCH
"oneacrefund/auth","oneacrefund/auth","v4.1.1_ab278fd3a5fbcb510452cc926908b80d3d0f6113",true,true,MATCH
"oneacrefund/auth","oneacrefund/auth","v4.1.1_be882047961ed3d2d749f25b0dedcbd15b6fdc6c",true,true,MATCH
"oneacrefund/auth","oneacrefund/auth","v4.1.1_c9cb463f859aca7c03f1f0962b8b7ff71b1445bc",true,true,MATCH
"oneacrefund/auth","oneacrefund/auth","v4.1.1_d788b83a73015d1e4363896cbbe5be44662ebb92",true,true,MATCH
"oneacrefund/auth","oneacrefund/auth","v4.1.1_f972a1533e3758cb581392dc42ff9e974234a7e7",true,true,MATCH
"oneacrefund/auth","oneacrefund/auth","v4.2.0_696abe8863b398606db3f2eb795aa066243cd642",true,true,MATCH
"oneacrefund/auth","oneacrefund/auth","v4.3.0_03cb9b0be3a60114d68b908ad84ba5e6584ca6a0",true,true,MATCH
"oneacrefund/auth","oneacrefund/auth","v4.3.0_05c77444e0bdcf65704f43981104c24849f8a58b",true,true,MATCH
"oneacrefund/auth","oneacrefund/auth","v4.3.0_34a82bb1ae7aefda6e1326945ecb2977c8d06dac",true,true,MATCH
"oneacrefund/auth","oneacrefund/auth","v4.3.0_39663fbc37227395ccba5c74c7d7c72c6b0a1849",true,true,MATCH
"oneacrefund/auth","oneacrefund/auth","v4.3.0_41f139e49321d2c659534c3a0e88896ef64d435f",true,true,MATCH
"oneacrefund/auth","oneacrefund/auth","v4.3.0_4699990f7f6fb8304670079b3db52b9fb9012918",true,true,MATCH
"oneacrefund/auth","oneacrefund/auth","v4.3.0_47b14c27fed946d42e7ce2a11c41ad2e86387f16",true,true,MATCH
"oneacrefund/auth","oneacrefund/auth","v4.3.0_4fa5e35614a183edcf8237550bb0f71a0285eb3e",true,true,MATCH
"oneacrefund/auth","oneacrefund/auth","v4.3.0_5f00414d771c66cc0ce33ddfc8a4b8792bdb89ba",true,true,MATCH
"oneacrefund/auth","oneacrefund/auth","v4.3.0_6ae4d93ce2be6feb9db61a3e234f7346ed313a15",true,true,MATCH
"oneacrefund/auth","oneacrefund/auth","v4.3.0_6e81c90425765d3b80b250b96a8696786ca28dc8",true,true,MATCH
"oneacrefund/auth","oneacrefund/auth","v4.3.0_7d4ece155354b6b352c8429a694b0b34b67c6548",true,true,MATCH
"oneacrefund/auth","oneacrefund/auth","v4.3.0_80e30fc2110f6583f4d4a91c675605ede58d956e",true,true,MATCH
"oneacrefund/auth","oneacrefund/auth","v4.3.0_9b7d0aae99337a2c5ddfc9eef5a4338e5440dbb5",true,true,MATCH
"oneacrefund/auth","oneacrefund/auth","v4.3.0_9c986ab62b96a6cb4157f38aed4b1269f7d37f07",true,true,MATCH
"oneacrefund/auth","oneacrefund/auth","v4.3.0_a6fc24ea7735f722af3a8c974c1dc94503dbc57c",true,true,MATCH
"oneacrefund/auth","oneacrefund/auth","v4.3.0_c7d3030c995135ad3db98cb9db738cb07eeef010",true,true,MATCH
"oneacrefund/auth","oneacrefund/auth","v4.3.0_c92f1a1719c0ad77a3da89cfbd2b0bbf432809b1",true,true,MATCH
"oneacrefund/auth","oneacrefund/auth","v4.3.0_cd92db8041b137f1b2d4eacf816cb67479a3d6fb",true,true,MATCH
"oneacrefund/auth","oneacrefund/auth","v4.3.0_d03e9f0069550d65ccaaeaf1f4af729250db9c1a",true,true,MATCH
"oneacrefund/auth","oneacrefund/auth","v4.3.0_dad64fa19d99bdbd7db37e3bf8a973b0892095ba",true,true,MATCH
"oneacrefund/auth","oneacrefund/auth","v4.3.0_db2757f5da72c63f5998036b624caeac30d5b69a",true,true,MATCH
"oneacrefund/auth","oneacrefund/auth","v4.3.0_f4ab3056baf317a85c02c6a5ca61c7ff4a856d7c",true,true,MATCH
"oneacrefund/auth","oneacrefund/auth","v4.3.0_f50b4ff49d40c8bd40dc727fa956ea953b069d59",true,true,MATCH
"oneacrefund/auth","oneacrefund/auth","v4.3.0_f8853f34060a423a729399003c7fdc808de3f2c9",true,true,MATCH
"[SUMMARY]","oneacrefund/auth","oneacrefund/auth","ACR=69","ECR=69","MATCH=69 | MISSING_IN_ECR=0 | ECR_ONLY=0"
"oneacrefund/autosaveconsumer","oneacrefund/autosaveconsumer","0.0.1",true,true,MATCH
"[SUMMARY]","oneacrefund/autosaveconsumer","oneacrefund/autosaveconsumer","ACR=1","ECR=1","MATCH=1 | MISSING_IN_ECR=0 | ECR_ONLY=0"
"oneacrefund/azure-blob-logstash","oneacrefund/azure-blob-logstash","7.9.1",true,true,MATCH
"oneacrefund/azure-blob-logstash","oneacrefund/azure-blob-logstash","latest",true,true,MATCH
"[SUMMARY]","oneacrefund/azure-blob-logstash","oneacrefund/azure-blob-logstash","ACR=2","ECR=2","MATCH=2 | MISSING_IN_ECR=0 | ECR_ONLY=0"
"oneacrefund/baobab-backend","oneacrefund/baobab-backend","develop-1430b7700d0bf0ece3f63829aaff250f31e5a9d7",true,true,MATCH
"oneacrefund/baobab-backend","oneacrefund/baobab-backend","develop-1647fb61a821b427bf4f295005f02b91d63bc88f",true,true,MATCH
"oneacrefund/baobab-backend","oneacrefund/baobab-backend","develop-20260220-122944",true,true,MATCH
"oneacrefund/baobab-backend","oneacrefund/baobab-backend","develop-20260313-162244",true,true,MATCH
"oneacrefund/baobab-backend","oneacrefund/baobab-backend","develop-20260313-174358",true,true,MATCH
"oneacrefund/baobab-backend","oneacrefund/baobab-backend","develop-20260313-175538",true,true,MATCH
"oneacrefund/baobab-backend","oneacrefund/baobab-backend","develop-20260313-182306",true,true,MATCH
"oneacrefund/baobab-backend","oneacrefund/baobab-backend","develop-20260313-185606",true,true,MATCH
"oneacrefund/baobab-backend","oneacrefund/baobab-backend","develop-20260313-190656",true,true,MATCH
"oneacrefund/baobab-backend","oneacrefund/baobab-backend","develop-20260313-191334",true,true,MATCH
"oneacrefund/baobab-backend","oneacrefund/baobab-backend","develop-20260315-233939",true,true,MATCH
"oneacrefund/baobab-backend","oneacrefund/baobab-backend","develop-20260315-235248",true,true,MATCH
"oneacrefund/baobab-backend","oneacrefund/baobab-backend","develop-20260316-001141",true,true,MATCH
"oneacrefund/baobab-backend","oneacrefund/baobab-backend","develop-20260316-004232",true,true,MATCH
"oneacrefund/baobab-backend","oneacrefund/baobab-backend","develop-20260318-161852",true,true,MATCH
"oneacrefund/baobab-backend","oneacrefund/baobab-backend","develop-20260318-163003",true,true,MATCH
"oneacrefund/baobab-backend","oneacrefund/baobab-backend","develop-20260318-164724",true,true,MATCH
"oneacrefund/baobab-backend","oneacrefund/baobab-backend","develop-20260318-170420",true,true,MATCH
"oneacrefund/baobab-backend","oneacrefund/baobab-backend","develop-20260318-170910",true,true,MATCH
"oneacrefund/baobab-backend","oneacrefund/baobab-backend","develop-20260318-174353",true,true,MATCH
"oneacrefund/baobab-backend","oneacrefund/baobab-backend","develop-20260318-180017",true,true,MATCH
"oneacrefund/baobab-backend","oneacrefund/baobab-backend","develop-20260324-000233",true,true,MATCH
"oneacrefund/baobab-backend","oneacrefund/baobab-backend","develop-20260324-084800",true,true,MATCH
"oneacrefund/baobab-backend","oneacrefund/baobab-backend","develop-20260324-152332",true,true,MATCH
"oneacrefund/baobab-backend","oneacrefund/baobab-backend","develop-20260325-091942",true,true,MATCH
"oneacrefund/baobab-backend","oneacrefund/baobab-backend","develop-20260331-200213",true,true,MATCH
"oneacrefund/baobab-backend","oneacrefund/baobab-backend","develop-20260405-163848",true,true,MATCH
"oneacrefund/baobab-backend","oneacrefund/baobab-backend","develop-20260405-164746",true,true,MATCH
"oneacrefund/baobab-backend","oneacrefund/baobab-backend","develop-20260405-170513",true,true,MATCH
"oneacrefund/baobab-backend","oneacrefund/baobab-backend","develop-20260405-171549",true,true,MATCH
"oneacrefund/baobab-backend","oneacrefund/baobab-backend","develop-20260405-172427",true,true,MATCH
"oneacrefund/baobab-backend","oneacrefund/baobab-backend","develop-20260405-172821",true,true,MATCH
"oneacrefund/baobab-backend","oneacrefund/baobab-backend","develop-27a9f0e98aabc8a1379112087643ef401d60e665",true,true,MATCH
"oneacrefund/baobab-backend","oneacrefund/baobab-backend","develop-31bf868c6e8c51a7869c8eecc2420a6bd8f949bb",true,true,MATCH
"oneacrefund/baobab-backend","oneacrefund/baobab-backend","develop-4104b9f7d3937b40220828bdbc59f82abe6efab8",true,true,MATCH
"oneacrefund/baobab-backend","oneacrefund/baobab-backend","develop-4ab1972c3d58acb002b8b3b4f96dee2c4c7fb256",true,true,MATCH
"oneacrefund/baobab-backend","oneacrefund/baobab-backend","develop-4e33d84f081cc8c11497444c45455602b35ca31d",true,true,MATCH
"oneacrefund/baobab-backend","oneacrefund/baobab-backend","develop-4e9f5e245b574d6c9192c45cf16c475ee736255a",true,true,MATCH
"oneacrefund/baobab-backend","oneacrefund/baobab-backend","develop-5a753d56ae0a756fa94fb48f13c181d12814bf93",true,true,MATCH
"oneacrefund/baobab-backend","oneacrefund/baobab-backend","develop-5b65633cefa9dd5b8cdc166c229f9d6a2731338b",true,true,MATCH
"oneacrefund/baobab-backend","oneacrefund/baobab-backend","develop-5c065c35735c00286cb71d15b582b828b1e311fb",true,true,MATCH
"oneacrefund/baobab-backend","oneacrefund/baobab-backend","develop-5e221ac35c19b4bc5db1aab763cd2836e7ed224d",true,true,MATCH
"oneacrefund/baobab-backend","oneacrefund/baobab-backend","develop-6cac329b9b008882dc57a4c2022ac19d03d9734d",true,true,MATCH
"oneacrefund/baobab-backend","oneacrefund/baobab-backend","develop-6cde042103d4f42878a6b095c74f7c60aace6d04",true,true,MATCH
"oneacrefund/baobab-backend","oneacrefund/baobab-backend","develop-6ff1abdc1ec72c2a590ce45341bbbc2ea39538f0",true,true,MATCH
"oneacrefund/baobab-backend","oneacrefund/baobab-backend","develop-72aa1f0203216c187d3e08b274c18a0f6b2f4d9a",true,true,MATCH
"oneacrefund/baobab-backend","oneacrefund/baobab-backend","develop-931bdddf104951b44c93f0ac47b9d6dd1e813281",true,true,MATCH
"oneacrefund/baobab-backend","oneacrefund/baobab-backend","develop-a002118cc32c9c32472d1746906ecb1871ada321",true,true,MATCH
"oneacrefund/baobab-backend","oneacrefund/baobab-backend","develop-ad91e50e45cbe9256a02ee3235cb96bd2949a519",true,true,MATCH
"oneacrefund/baobab-backend","oneacrefund/baobab-backend","develop-b67dc4347897eedccab950caf423bd4d1f2c3a4b",true,true,MATCH
"oneacrefund/baobab-backend","oneacrefund/baobab-backend","develop-c0803f71b238723484697fbc475638364dd2ca2c",true,true,MATCH
"oneacrefund/baobab-backend","oneacrefund/baobab-backend","develop-d61403ff424dc673843019627dda8021eb1c17e1",true,true,MATCH
"oneacrefund/baobab-backend","oneacrefund/baobab-backend","develop-d671db3776b3540ca75855254b34981b4d5dcdc8",true,true,MATCH
"oneacrefund/baobab-backend","oneacrefund/baobab-backend","develop-d801e9bb5b2ef4daec093d915c43ba252db4d173",true,true,MATCH
"oneacrefund/baobab-backend","oneacrefund/baobab-backend","develop-e213ba7920d96f58340eb13b0df38b96ea24a3c0",true,true,MATCH
"oneacrefund/baobab-backend","oneacrefund/baobab-backend","develop-e3bab9bcc7261539c9e2d256b7e615ee2471dad6",true,true,MATCH
"oneacrefund/baobab-backend","oneacrefund/baobab-backend","develop-eb5c916d54c11c7d6cc33cf1d5dbfc1fe7f18057",true,true,MATCH
"oneacrefund/baobab-backend","oneacrefund/baobab-backend","develop-faa59ebe57e6b99990c2c31a205f1f7cfdfa000d",true,true,MATCH
"oneacrefund/baobab-backend","oneacrefund/baobab-backend","develop-fdde0444a82be08831c1742117f10a3729948ffb",true,true,MATCH
"oneacrefund/baobab-backend","oneacrefund/baobab-backend","develop-latest",true,true,MATCH
"[SUMMARY]","oneacrefund/baobab-backend","oneacrefund/baobab-backend","ACR=60","ECR=60","MATCH=60 | MISSING_IN_ECR=0 | ECR_ONLY=0"
"oneacrefund/cbes-connector","oneacrefund/cbes-connector","0.0.1",true,true,MATCH
"oneacrefund/cbes-connector","oneacrefund/cbes-connector","latest",true,true,MATCH
"[SUMMARY]","oneacrefund/cbes-connector","oneacrefund/cbes-connector","ACR=2","ECR=2","MATCH=2 | MISSING_IN_ECR=0 | ECR_ONLY=0"
"oneacrefund/channel-connector","oneacrefund/channel-connector","1.0.0",true,true,MATCH
"oneacrefund/channel-connector","oneacrefund/channel-connector","1.0.0.2023.08.23.1",true,true,MATCH
"oneacrefund/channel-connector","oneacrefund/channel-connector","1.0.0.2023.08.23.2",true,true,MATCH
"oneacrefund/channel-connector","oneacrefund/channel-connector","1.0.0.2023.08.23.3",true,true,MATCH
"oneacrefund/channel-connector","oneacrefund/channel-connector","1.0.0.2023.08.28.1",true,true,MATCH
"oneacrefund/channel-connector","oneacrefund/channel-connector","1.0.0.2023.08.28.2",true,true,MATCH
"oneacrefund/channel-connector","oneacrefund/channel-connector","1.0.1-mifos-1.5.3",true,true,MATCH
"oneacrefund/channel-connector","oneacrefund/channel-connector","1.1.0-mifos-1.5.3",true,true,MATCH
"oneacrefund/channel-connector","oneacrefund/channel-connector","1.1.1-mifos-1.5.3",true,true,MATCH
"oneacrefund/channel-connector","oneacrefund/channel-connector","1.1.2-mifos-1.5.3",true,true,MATCH
"oneacrefund/channel-connector","oneacrefund/channel-connector","1.1.2-mifos-1.5.3.2024.03.07.2",true,true,MATCH
"oneacrefund/channel-connector","oneacrefund/channel-connector","1.1.2-mifos-1.5.3.2024.03.11.1",true,true,MATCH
"oneacrefund/channel-connector","oneacrefund/channel-connector","1.1.2-mifos-1.5.3.2024.04.02.1",true,true,MATCH
"oneacrefund/channel-connector","oneacrefund/channel-connector","1.1.2-mifos-1.5.3.2024.04.02.2",true,true,MATCH
"oneacrefund/channel-connector","oneacrefund/channel-connector","1.1.2-mifos-1.5.3.2024.05.17.3",true,true,MATCH
"oneacrefund/channel-connector","oneacrefund/channel-connector","1.1.3-mifos-1.5.4.2024.05.17.4",true,true,MATCH
"oneacrefund/channel-connector","oneacrefund/channel-connector","1.1.3-mifos-1.5.4.2024.05.20.1",true,true,MATCH
"oneacrefund/channel-connector","oneacrefund/channel-connector","1.1.4-mifos-1.5.4.2024.08.28.1",true,true,MATCH
"oneacrefund/channel-connector","oneacrefund/channel-connector","1.1.4-mifos-1.5.4.2024.08.28.2",true,true,MATCH
"oneacrefund/channel-connector","oneacrefund/channel-connector","1.1.4-mifos-1.5.4.2024.08.29.1",true,true,MATCH
"oneacrefund/channel-connector","oneacrefund/channel-connector","1.1.4-mifos-1.5.4.2024.08.29.2",true,true,MATCH
"oneacrefund/channel-connector","oneacrefund/channel-connector","1.1.5-mifos-1.5.4.2024.11.27.1",true,true,MATCH
"oneacrefund/channel-connector","oneacrefund/channel-connector","1.1.5-mifos-1.5.4.2024.11.27.2",true,true,MATCH
"oneacrefund/channel-connector","oneacrefund/channel-connector","1.1.6-mifos-1.5.4.2025.04.17.1",true,true,MATCH
"oneacrefund/channel-connector","oneacrefund/channel-connector","1.1.6-mifos-1.5.4.2025.04.17.2",true,true,MATCH
"oneacrefund/channel-connector","oneacrefund/channel-connector","1.1.6-mifos-1.5.4.2025.05.08.3",true,true,MATCH
"oneacrefund/channel-connector","oneacrefund/channel-connector","1.1.7-mifos-1.5.4.2025.05.08.4",true,true,MATCH
"oneacrefund/channel-connector","oneacrefund/channel-connector","1.1.7-mifos-1.5.4.2025.05.08.7",true,true,MATCH
"oneacrefund/channel-connector","oneacrefund/channel-connector","1.1.7-mifos-1.5.4.2025.05.08.8",true,true,MATCH
"oneacrefund/channel-connector","oneacrefund/channel-connector","1.2.0-mifos-1.5.4.2025.06.24.1",true,true,MATCH
"oneacrefund/channel-connector","oneacrefund/channel-connector","1.2.0-mifos-1.5.4.2025.06.25.1",true,true,MATCH
"oneacrefund/channel-connector","oneacrefund/channel-connector","1.2.0-mifos-1.5.4.2025.06.26.1",true,true,MATCH
"oneacrefund/channel-connector","oneacrefund/channel-connector","1.2.0-mifos-1.5.4.2025.06.27.1",true,true,MATCH
"oneacrefund/channel-connector","oneacrefund/channel-connector","1.3.0-mifos-1.5.4.2025.07.23.1",true,true,MATCH
"oneacrefund/channel-connector","oneacrefund/channel-connector","1.3.0-mifos-1.5.4.2025.07.25.1",true,true,MATCH
"oneacrefund/channel-connector","oneacrefund/channel-connector","1.3.0-mifos-1.5.4.2025.09.11.1",true,true,MATCH
"oneacrefund/channel-connector","oneacrefund/channel-connector","1.3.1-mifos-1.5.4",true,true,MATCH
"oneacrefund/channel-connector","oneacrefund/channel-connector","1.3.1-mifos-1.5.4.2025.09.12.1",true,true,MATCH
"oneacrefund/channel-connector","oneacrefund/channel-connector","1.3.1-mifos-1.5.4.2025.09.13.1",true,true,MATCH
"oneacrefund/channel-connector","oneacrefund/channel-connector","1.3.1-mifos-1.5.4.2025.09.17.3",true,true,MATCH
"oneacrefund/channel-connector","oneacrefund/channel-connector","1.3.1-mifos-1.5.4.2025.09.17.4",true,true,MATCH
"oneacrefund/channel-connector","oneacrefund/channel-connector","1.3.1-mifos-1.5.4.2025.09.17.5",true,true,MATCH
"oneacrefund/channel-connector","oneacrefund/channel-connector","1.3.1.1-mifos-1.5.4",true,true,MATCH
"oneacrefund/channel-connector","oneacrefund/channel-connector","1.3.1.2-mifos-1.5.4",true,true,MATCH
"oneacrefund/channel-connector","oneacrefund/channel-connector","1.3.1.2-mifos-1.5.4.2025.11.26.3",true,true,MATCH
"oneacrefund/channel-connector","oneacrefund/channel-connector","1.3.2-mifos-1.5.4",true,true,MATCH
"oneacrefund/channel-connector","oneacrefund/channel-connector","1.3.3-mifos-1.5.4",true,true,MATCH
"oneacrefund/channel-connector","oneacrefund/channel-connector","1.3.4-mifos-1.5.4",true,true,MATCH
"oneacrefund/channel-connector","oneacrefund/channel-connector","1.3.5-mifos-1.5.4",true,true,MATCH
"oneacrefund/channel-connector","oneacrefund/channel-connector","1.4.0-mifos-1.5.4.2025.09.16.1",true,true,MATCH
"oneacrefund/channel-connector","oneacrefund/channel-connector","1.4.0-mifos-1.5.4.2025.09.16.3",true,true,MATCH
"oneacrefund/channel-connector","oneacrefund/channel-connector","1.4.0-mifos-1.5.4.2025.09.16.4",true,true,MATCH
"oneacrefund/channel-connector","oneacrefund/channel-connector","1.4.0-mifos-1.5.4.2025.09.17.1",true,true,MATCH
"oneacrefund/channel-connector","oneacrefund/channel-connector","1.4.0-mifos-1.5.4.2025.09.17.2",true,true,MATCH
"oneacrefund/channel-connector","oneacrefund/channel-connector","latest",true,true,MATCH
"[SUMMARY]","oneacrefund/channel-connector","oneacrefund/channel-connector","ACR=55","ECR=55","MATCH=55 | MISSING_IN_ECR=0 | ECR_ONLY=0"
"oneacrefund/client-management","oneacrefund/client-management","latest",true,true,MATCH
"[SUMMARY]","oneacrefund/client-management","oneacrefund/client-management","ACR=1","ECR=1","MATCH=1 | MISSING_IN_ECR=0 | ECR_ONLY=0"
"oneacrefund/clientconsumer","oneacrefund/clientconsumer","_06557d95b6cc5ecdf1705525e2be6adc12869f2e",true,true,MATCH
"oneacrefund/clientconsumer","oneacrefund/clientconsumer","_06bce260b1c928fa6b39618a1df80da6a0ba5de2",true,true,MATCH
"oneacrefund/clientconsumer","oneacrefund/clientconsumer","_0cbbd8f4fc71b03fdd0336e925cd69ff8ac7e9ec",true,true,MATCH
"oneacrefund/clientconsumer","oneacrefund/clientconsumer","_19c6246047fdb01cb28c10e12985fbf655e01a4b",true,true,MATCH
"oneacrefund/clientconsumer","oneacrefund/clientconsumer","_1ab0d05df4b9e7fb2c4b54d6347be1e948e6554a",true,true,MATCH
"oneacrefund/clientconsumer","oneacrefund/clientconsumer","_1ae64ad68b1593d4a3d8b2486ce53796b82b6ab1",true,true,MATCH
"oneacrefund/clientconsumer","oneacrefund/clientconsumer","_1d23d1c7256f87b0ee45f6e8f00e20f2b24ccb4e",true,true,MATCH
"oneacrefund/clientconsumer","oneacrefund/clientconsumer","_1f995471ce9fe657407e27ecaba24ee06ac10fb9",true,true,MATCH
"oneacrefund/clientconsumer","oneacrefund/clientconsumer","_2651cafa9cde60a8aa7e6ddd5d7f65b160278295",true,true,MATCH
"oneacrefund/clientconsumer","oneacrefund/clientconsumer","_268abc4bd7b873963d30cc227f48ed115bd245c0",true,true,MATCH
"oneacrefund/clientconsumer","oneacrefund/clientconsumer","_30b1fc4f5d12cb9fe72c6b5478ecd3c21479ad56",true,true,MATCH
"oneacrefund/clientconsumer","oneacrefund/clientconsumer","_362da2e408af544d645e91c16c0a71baf5f24299",true,true,MATCH
"oneacrefund/clientconsumer","oneacrefund/clientconsumer","_3de5a11b72431fbc1452c5cf569065b2453b3a56",true,true,MATCH
"oneacrefund/clientconsumer","oneacrefund/clientconsumer","_41d4154fb456972199d1a80ff9e9935225395a24",true,true,MATCH
"oneacrefund/clientconsumer","oneacrefund/clientconsumer","_445edb40b256c647c425f4fea5c82b706f3966a8",true,true,MATCH
"oneacrefund/clientconsumer","oneacrefund/clientconsumer","_49b2461bd18ae00fe9db6873bc966f88c454d487",true,true,MATCH
"oneacrefund/clientconsumer","oneacrefund/clientconsumer","_518aa169a8b2c23d6a39a8925a5e77715c943bd0",true,true,MATCH
"oneacrefund/clientconsumer","oneacrefund/clientconsumer","_53ff5802c58f023596bb911940ab53e70f62cf5d",true,true,MATCH
"oneacrefund/clientconsumer","oneacrefund/clientconsumer","_561e872e9ec185aaa7792c7d02532b5dc135e2a8",true,true,MATCH
"oneacrefund/clientconsumer","oneacrefund/clientconsumer","_5a9448fb001b2b7ecfea4a347897ae6fb362b199",true,true,MATCH
"oneacrefund/clientconsumer","oneacrefund/clientconsumer","_604ec138297380e40172d5bf4c7fa3e1ab018711",true,true,MATCH
"oneacrefund/clientconsumer","oneacrefund/clientconsumer","_611af1e103b58a31ab592d00bbe237918b93551b",true,true,MATCH
"oneacrefund/clientconsumer","oneacrefund/clientconsumer","_68b2ec61d59a3e581a8894b7e8897c12fb880a6b",true,true,MATCH
"oneacrefund/clientconsumer","oneacrefund/clientconsumer","_6bd0439b9c2d64702e50e5aa98a1c23611d72325",true,true,MATCH
"oneacrefund/clientconsumer","oneacrefund/clientconsumer","_7477f392190e35f6455e251b50f18952c151922e",true,true,MATCH
"oneacrefund/clientconsumer","oneacrefund/clientconsumer","_80faefa5247e00afd737f9984ab25c14cff21da2",true,true,MATCH
"oneacrefund/clientconsumer","oneacrefund/clientconsumer","_846e632c693b485759453e2ba4ca3f02cedbf98d",true,true,MATCH
"oneacrefund/clientconsumer","oneacrefund/clientconsumer","_886b59bc31b57d5dfe4e966bfff09aa0b830f21f",true,true,MATCH
"oneacrefund/clientconsumer","oneacrefund/clientconsumer","_8a071f3d448198ad74198ebfa2a752cfca273947",true,true,MATCH
"oneacrefund/clientconsumer","oneacrefund/clientconsumer","_92836f207fa484fd65c7316fd8ac4a9f626f793d",true,true,MATCH
"oneacrefund/clientconsumer","oneacrefund/clientconsumer","_95d644ffa7a96bec3b9d67ef20c4b21d0c92644d",true,true,MATCH
"oneacrefund/clientconsumer","oneacrefund/clientconsumer","_9ffc862a13a89228d3a8329e950c04e4080ab6d2",true,true,MATCH
"oneacrefund/clientconsumer","oneacrefund/clientconsumer","_a54b58ccd003a773da5953f1a2b7cf33a2c9d4e5",true,true,MATCH
"oneacrefund/clientconsumer","oneacrefund/clientconsumer","_a9df9fd92b05c2d525106320e89ba05f9770ca67",true,true,MATCH
"oneacrefund/clientconsumer","oneacrefund/clientconsumer","_abb0c5692ffe9cf1674079eedb71c4f3109fffee",true,true,MATCH
"oneacrefund/clientconsumer","oneacrefund/clientconsumer","_e68a4a0688dd8d314f3e63b2d8b1a548758c035f",true,true,MATCH
"oneacrefund/clientconsumer","oneacrefund/clientconsumer","_e9a0ce3300224839e1682c9fcebe060955b9f267",true,true,MATCH
"oneacrefund/clientconsumer","oneacrefund/clientconsumer","_ee9029986459cdc8870728696c07463f0cb631df",true,true,MATCH
"oneacrefund/clientconsumer","oneacrefund/clientconsumer","latest",true,true,MATCH
"oneacrefund/clientconsumer","oneacrefund/clientconsumer","v1_53ff5802c58f023596bb911940ab53e70f62cf5d",true,true,MATCH
"[SUMMARY]","oneacrefund/clientconsumer","oneacrefund/clientconsumer","ACR=40","ECR=40","MATCH=40 | MISSING_IN_ECR=0 | ECR_ONLY=0"
"oneacrefund/clientmanagement","oneacrefund/clientmanagement","_01120d65d05c5717c1facd0d2210a27acefb3473",true,true,MATCH
"oneacrefund/clientmanagement","oneacrefund/clientmanagement","_0c0214d8678de913c633d934d576397376613a9a",true,true,MATCH
"oneacrefund/clientmanagement","oneacrefund/clientmanagement","_54e33288e65b156bca04a45c4f82d6acefcee1af",true,true,MATCH
"oneacrefund/clientmanagement","oneacrefund/clientmanagement","_557fc5e31b11b4ac7ddd171f7e6f7d4b16897049",true,true,MATCH
"oneacrefund/clientmanagement","oneacrefund/clientmanagement","_685c2831bcb56031ca9ea6ab283c75dd0114921c",true,true,MATCH
"oneacrefund/clientmanagement","oneacrefund/clientmanagement","_73f289751118cd3ab47698c6e1b02cd5d1765496",true,true,MATCH
"oneacrefund/clientmanagement","oneacrefund/clientmanagement","_774ee5c80cfcc74edce995af572b9631e0719370",true,true,MATCH
"oneacrefund/clientmanagement","oneacrefund/clientmanagement","_8e1a32d5fbf69bc132dec2fa18d558cb08cdb06a",true,true,MATCH
"oneacrefund/clientmanagement","oneacrefund/clientmanagement","_a043f50133215068d3082dc33ba809cd5e34c2dd",true,true,MATCH
"oneacrefund/clientmanagement","oneacrefund/clientmanagement","_ad1c19fbce251b2f16eacd2285e541ca3557c760",true,true,MATCH
"oneacrefund/clientmanagement","oneacrefund/clientmanagement","_c6c9a4fa8e52ca6004e914b1b2bcb384c2e42208",true,true,MATCH
"oneacrefund/clientmanagement","oneacrefund/clientmanagement","_eb3413dd2e56ad1e342c1cfd3b93ba38afa5f6cc",true,true,MATCH
"oneacrefund/clientmanagement","oneacrefund/clientmanagement","_f3c8cf42ebe477f8b20ee2a40103f7e4c0527020",true,true,MATCH
"oneacrefund/clientmanagement","oneacrefund/clientmanagement","_f4ae7995ee1c1888ed9d74e48a895996bea84772",true,true,MATCH
"oneacrefund/clientmanagement","oneacrefund/clientmanagement","_ff37318825c03a5b147af0e3ffa653bb22577a8d",true,true,MATCH
"[SUMMARY]","oneacrefund/clientmanagement","oneacrefund/clientmanagement","ACR=15","ECR=15","MATCH=15 | MISSING_IN_ECR=0 | ECR_ONLY=0"
"oneacrefund/clif-cache","oneacrefund/clif-cache","3385",true,true,MATCH
"oneacrefund/clif-cache","oneacrefund/clif-cache","3389",true,true,MATCH
"oneacrefund/clif-cache","oneacrefund/clif-cache","3392",true,true,MATCH
"oneacrefund/clif-cache","oneacrefund/clif-cache","3393",true,true,MATCH
"oneacrefund/clif-cache","oneacrefund/clif-cache","3394",true,true,MATCH
"oneacrefund/clif-cache","oneacrefund/clif-cache","3398",true,true,MATCH
"oneacrefund/clif-cache","oneacrefund/clif-cache","3399",true,true,MATCH
"oneacrefund/clif-cache","oneacrefund/clif-cache","3400",true,true,MATCH
"oneacrefund/clif-cache","oneacrefund/clif-cache","3401",true,true,MATCH
"oneacrefund/clif-cache","oneacrefund/clif-cache","3402",true,true,MATCH
"oneacrefund/clif-cache","oneacrefund/clif-cache","3403",true,true,MATCH
"oneacrefund/clif-cache","oneacrefund/clif-cache","3404",true,true,MATCH
"oneacrefund/clif-cache","oneacrefund/clif-cache","3405",true,true,MATCH
"oneacrefund/clif-cache","oneacrefund/clif-cache","3406",true,true,MATCH
"oneacrefund/clif-cache","oneacrefund/clif-cache","3407",true,true,MATCH
"oneacrefund/clif-cache","oneacrefund/clif-cache","3408",true,true,MATCH
"oneacrefund/clif-cache","oneacrefund/clif-cache","3423",true,true,MATCH
"oneacrefund/clif-cache","oneacrefund/clif-cache","3437",true,true,MATCH
"oneacrefund/clif-cache","oneacrefund/clif-cache","3589",true,true,MATCH
"oneacrefund/clif-cache","oneacrefund/clif-cache","3634",true,true,MATCH
"oneacrefund/clif-cache","oneacrefund/clif-cache","3635",true,true,MATCH
"oneacrefund/clif-cache","oneacrefund/clif-cache","3636",true,true,MATCH
"oneacrefund/clif-cache","oneacrefund/clif-cache","3637",true,true,MATCH
"oneacrefund/clif-cache","oneacrefund/clif-cache","3638",true,true,MATCH
"oneacrefund/clif-cache","oneacrefund/clif-cache","3640",true,true,MATCH
"oneacrefund/clif-cache","oneacrefund/clif-cache","3642",true,true,MATCH
"oneacrefund/clif-cache","oneacrefund/clif-cache","3643",true,true,MATCH
"oneacrefund/clif-cache","oneacrefund/clif-cache","3656",true,true,MATCH
"oneacrefund/clif-cache","oneacrefund/clif-cache","3657",true,true,MATCH
"oneacrefund/clif-cache","oneacrefund/clif-cache","3659",true,true,MATCH
"oneacrefund/clif-cache","oneacrefund/clif-cache","3661",true,true,MATCH
"oneacrefund/clif-cache","oneacrefund/clif-cache","3663",true,true,MATCH
"oneacrefund/clif-cache","oneacrefund/clif-cache","3666",true,true,MATCH
"oneacrefund/clif-cache","oneacrefund/clif-cache","3745",true,true,MATCH
"oneacrefund/clif-cache","oneacrefund/clif-cache","3746",true,true,MATCH
"oneacrefund/clif-cache","oneacrefund/clif-cache","3747",true,true,MATCH
"oneacrefund/clif-cache","oneacrefund/clif-cache","3793",true,true,MATCH
"oneacrefund/clif-cache","oneacrefund/clif-cache","3859",true,true,MATCH
"oneacrefund/clif-cache","oneacrefund/clif-cache","3861",true,true,MATCH
"oneacrefund/clif-cache","oneacrefund/clif-cache","3862",true,true,MATCH
"oneacrefund/clif-cache","oneacrefund/clif-cache","3863",true,true,MATCH
"oneacrefund/clif-cache","oneacrefund/clif-cache","3865",true,true,MATCH
"oneacrefund/clif-cache","oneacrefund/clif-cache","3866",true,true,MATCH
"oneacrefund/clif-cache","oneacrefund/clif-cache","3919",true,true,MATCH
"oneacrefund/clif-cache","oneacrefund/clif-cache","3921",true,true,MATCH
"oneacrefund/clif-cache","oneacrefund/clif-cache","3928",true,true,MATCH
"oneacrefund/clif-cache","oneacrefund/clif-cache","3931",true,true,MATCH
"oneacrefund/clif-cache","oneacrefund/clif-cache","3936",true,true,MATCH
"oneacrefund/clif-cache","oneacrefund/clif-cache","3937",true,true,MATCH
"oneacrefund/clif-cache","oneacrefund/clif-cache","3961",true,true,MATCH
"oneacrefund/clif-cache","oneacrefund/clif-cache","3962",true,true,MATCH
"oneacrefund/clif-cache","oneacrefund/clif-cache","3964",true,true,MATCH
"oneacrefund/clif-cache","oneacrefund/clif-cache","3965",true,true,MATCH
"oneacrefund/clif-cache","oneacrefund/clif-cache","4026",true,true,MATCH
"oneacrefund/clif-cache","oneacrefund/clif-cache","4035",true,true,MATCH
"oneacrefund/clif-cache","oneacrefund/clif-cache","4043",true,true,MATCH
"oneacrefund/clif-cache","oneacrefund/clif-cache","4044",true,true,MATCH
"oneacrefund/clif-cache","oneacrefund/clif-cache","4045",true,true,MATCH
"oneacrefund/clif-cache","oneacrefund/clif-cache","4091",true,true,MATCH
"oneacrefund/clif-cache","oneacrefund/clif-cache","4092",true,true,MATCH
"oneacrefund/clif-cache","oneacrefund/clif-cache","4188",true,true,MATCH
"[SUMMARY]","oneacrefund/clif-cache","oneacrefund/clif-cache","ACR=61","ECR=61","MATCH=61 | MISSING_IN_ECR=0 | ECR_ONLY=0"
"oneacrefund/connector-template","oneacrefund/connector-template","1.0.1",true,true,MATCH
"oneacrefund/connector-template","oneacrefund/connector-template","latest",true,true,MATCH
"[SUMMARY]","oneacrefund/connector-template","oneacrefund/connector-template","ACR=2","ECR=2","MATCH=2 | MISSING_IN_ECR=0 | ECR_ONLY=0"
"oneacrefund/couchbase-duma","oneacrefund/couchbase-duma","latest",true,true,MATCH
"[SUMMARY]","oneacrefund/couchbase-duma","oneacrefund/couchbase-duma","ACR=1","ECR=1","MATCH=1 | MISSING_IN_ECR=0 | ECR_ONLY=0"
"oneacrefund/dbt","oneacrefund/dbt","1-_11f4ec045e710ccd24acd3781d0e0e1ee06770cf",true,true,MATCH
"oneacrefund/dbt","oneacrefund/dbt","1-_f54e62cdd9234f53d4689c0e909e57cae94afeb7",true,true,MATCH
"oneacrefund/dbt","oneacrefund/dbt","1.0.0",true,true,MATCH
"oneacrefund/dbt","oneacrefund/dbt","1.5.0-_31edaaaf52135373e345252c3e888275573fa200",true,true,MATCH
"oneacrefund/dbt","oneacrefund/dbt","develop",true,true,MATCH
"oneacrefund/dbt","oneacrefund/dbt","main",true,true,MATCH
"[SUMMARY]","oneacrefund/dbt","oneacrefund/dbt","ACR=6","ECR=6","MATCH=6 | MISSING_IN_ECR=0 | ECR_ONLY=0"
"oneacrefund/dumaapi","oneacrefund/dumaapi","_070abbe2f896d2a350f84a4f46cfc2067e71fe7d",true,true,MATCH
"oneacrefund/dumaapi","oneacrefund/dumaapi","_63b6eb53024134528b06f6e4e0b8340ca7468b49",true,true,MATCH
"oneacrefund/dumaapi","oneacrefund/dumaapi","_9abe7f24995ec5e7daf1e10552da3bb31a0e2d7e",true,true,MATCH
"oneacrefund/dumaapi","oneacrefund/dumaapi","_d73d1a2bd3ee2a2b11dc636e50114ebdab62042c",true,true,MATCH
"oneacrefund/dumaapi","oneacrefund/dumaapi","_dbb279d6bf9e164362ece041e6a40cde5e00a6f3",true,true,MATCH
"[SUMMARY]","oneacrefund/dumaapi","oneacrefund/dumaapi","ACR=5","ECR=5","MATCH=5 | MISSING_IN_ECR=0 | ECR_ONLY=0"
"oneacrefund/elasticsearch","oneacrefund/elasticsearch","7.17.28.2025.07.16.47",true,true,MATCH
"oneacrefund/elasticsearch","oneacrefund/elasticsearch","7.17.28.2025.07.16.48",true,true,MATCH
"oneacrefund/elasticsearch","oneacrefund/elasticsearch","7.17.28.2025.07.16.49",true,true,MATCH
"oneacrefund/elasticsearch","oneacrefund/elasticsearch","7.17.28.2025.07.16.50",true,true,MATCH
"oneacrefund/elasticsearch","oneacrefund/elasticsearch","7.17.28.2025.07.16.51",true,true,MATCH
"oneacrefund/elasticsearch","oneacrefund/elasticsearch","7.17.28.2025.07.29.53",true,true,MATCH
"oneacrefund/elasticsearch","oneacrefund/elasticsearch","7.17.28.2025.08.05.56",true,true,MATCH
"oneacrefund/elasticsearch","oneacrefund/elasticsearch","7.17.28.2025.08.06.57",true,true,MATCH
"oneacrefund/elasticsearch","oneacrefund/elasticsearch","7.17.28.2025.08.12.58",true,true,MATCH
"oneacrefund/elasticsearch","oneacrefund/elasticsearch","7.17.28.2025.08.12.59",true,true,MATCH
"oneacrefund/elasticsearch","oneacrefund/elasticsearch","7.17.28.2025.08.12.61",true,true,MATCH
"oneacrefund/elasticsearch","oneacrefund/elasticsearch","7.17.28.2025.08.13.62",true,true,MATCH
"oneacrefund/elasticsearch","oneacrefund/elasticsearch","7.17.28.2025.08.13.63",true,true,MATCH
"oneacrefund/elasticsearch","oneacrefund/elasticsearch","7.17.28.2025.08.18.65",true,true,MATCH
"oneacrefund/elasticsearch","oneacrefund/elasticsearch","7.17.29.2025.08.18.67",true,true,MATCH
"oneacrefund/elasticsearch","oneacrefund/elasticsearch","7.17.29.2025.10.07.68",true,true,MATCH
"oneacrefund/elasticsearch","oneacrefund/elasticsearch","7.17.6",true,true,MATCH
"oneacrefund/elasticsearch","oneacrefund/elasticsearch","7.17.6.2025.04.17.30",true,true,MATCH
"oneacrefund/elasticsearch","oneacrefund/elasticsearch","7.17.6.2025.04.28.31",true,true,MATCH
"oneacrefund/elasticsearch","oneacrefund/elasticsearch","7.17.6.2025.05.05.32",true,true,MATCH
"oneacrefund/elasticsearch","oneacrefund/elasticsearch","7.17.6.2025.05.05.33",true,true,MATCH
"oneacrefund/elasticsearch","oneacrefund/elasticsearch","7.17.6.2025.05.17.35",true,true,MATCH
"oneacrefund/elasticsearch","oneacrefund/elasticsearch","7.17.6.2025.06.08.36",true,true,MATCH
"oneacrefund/elasticsearch","oneacrefund/elasticsearch","7.17.6.2025.07.14.37",true,true,MATCH
"oneacrefund/elasticsearch","oneacrefund/elasticsearch","7.17.6.2025.07.14.38",true,true,MATCH
"oneacrefund/elasticsearch","oneacrefund/elasticsearch","7.17.6.2025.07.14.39",true,true,MATCH
"oneacrefund/elasticsearch","oneacrefund/elasticsearch","7.17.6.2025.07.15.40",true,true,MATCH
"oneacrefund/elasticsearch","oneacrefund/elasticsearch","7.17.6.2025.07.15.41",true,true,MATCH
"oneacrefund/elasticsearch","oneacrefund/elasticsearch","7.17.6.2025.07.15.42",true,true,MATCH
"oneacrefund/elasticsearch","oneacrefund/elasticsearch","7.17.6.2025.07.15.43",true,true,MATCH
"oneacrefund/elasticsearch","oneacrefund/elasticsearch","7.17.6.2025.07.15.44",true,true,MATCH
"oneacrefund/elasticsearch","oneacrefund/elasticsearch","latest",true,true,MATCH
"[SUMMARY]","oneacrefund/elasticsearch","oneacrefund/elasticsearch","ACR=32","ECR=32","MATCH=32 | MISSING_IN_ECR=0 | ECR_ONLY=0"
"oneacrefund/erply-cache","oneacrefund/erply-cache","158",true,true,MATCH
"oneacrefund/erply-cache","oneacrefund/erply-cache","160",true,true,MATCH
"oneacrefund/erply-cache","oneacrefund/erply-cache","162",true,true,MATCH
"oneacrefund/erply-cache","oneacrefund/erply-cache","164",true,true,MATCH
"oneacrefund/erply-cache","oneacrefund/erply-cache","165",true,true,MATCH
"oneacrefund/erply-cache","oneacrefund/erply-cache","180",true,true,MATCH
"oneacrefund/erply-cache","oneacrefund/erply-cache","20230929.6",true,true,MATCH
"oneacrefund/erply-cache","oneacrefund/erply-cache","20231101.1",true,true,MATCH
"oneacrefund/erply-cache","oneacrefund/erply-cache","20231121.1",true,true,MATCH
"oneacrefund/erply-cache","oneacrefund/erply-cache","20231121.2",true,true,MATCH
"oneacrefund/erply-cache","oneacrefund/erply-cache","20231122.5",true,true,MATCH
"oneacrefund/erply-cache","oneacrefund/erply-cache","20231128.4",true,true,MATCH
"oneacrefund/erply-cache","oneacrefund/erply-cache","20231129.1",true,true,MATCH
"oneacrefund/erply-cache","oneacrefund/erply-cache","20240103.2",true,true,MATCH
"oneacrefund/erply-cache","oneacrefund/erply-cache","20240103.6",true,true,MATCH
"oneacrefund/erply-cache","oneacrefund/erply-cache","20240103.7",true,true,MATCH
"oneacrefund/erply-cache","oneacrefund/erply-cache","20240115.11",true,true,MATCH
"oneacrefund/erply-cache","oneacrefund/erply-cache","20240115.2",true,true,MATCH
"oneacrefund/erply-cache","oneacrefund/erply-cache","20240115.4",true,true,MATCH
"oneacrefund/erply-cache","oneacrefund/erply-cache","20240115.5",true,true,MATCH
"oneacrefund/erply-cache","oneacrefund/erply-cache","20240115.6",true,true,MATCH
"oneacrefund/erply-cache","oneacrefund/erply-cache","20240115.9",true,true,MATCH
"oneacrefund/erply-cache","oneacrefund/erply-cache","20240118.1",true,true,MATCH
"oneacrefund/erply-cache","oneacrefund/erply-cache","20240118.2",true,true,MATCH
"oneacrefund/erply-cache","oneacrefund/erply-cache","20240119.3",true,true,MATCH
"oneacrefund/erply-cache","oneacrefund/erply-cache","20240119.5",true,true,MATCH
"oneacrefund/erply-cache","oneacrefund/erply-cache","20240119.6",true,true,MATCH
"oneacrefund/erply-cache","oneacrefund/erply-cache","20240122.1",true,true,MATCH
"oneacrefund/erply-cache","oneacrefund/erply-cache","20240209.1",true,true,MATCH
"oneacrefund/erply-cache","oneacrefund/erply-cache","276",true,true,MATCH
"oneacrefund/erply-cache","oneacrefund/erply-cache","293",true,true,MATCH
"oneacrefund/erply-cache","oneacrefund/erply-cache","300",true,true,MATCH
"oneacrefund/erply-cache","oneacrefund/erply-cache","301",true,true,MATCH
"oneacrefund/erply-cache","oneacrefund/erply-cache","304",true,true,MATCH
"oneacrefund/erply-cache","oneacrefund/erply-cache","306",true,true,MATCH
"oneacrefund/erply-cache","oneacrefund/erply-cache","534",true,true,MATCH
"oneacrefund/erply-cache","oneacrefund/erply-cache","544",true,true,MATCH
"oneacrefund/erply-cache","oneacrefund/erply-cache","77",true,true,MATCH
"oneacrefund/erply-cache","oneacrefund/erply-cache","78",true,true,MATCH
"oneacrefund/erply-cache","oneacrefund/erply-cache","80",true,true,MATCH
"[SUMMARY]","oneacrefund/erply-cache","oneacrefund/erply-cache","ACR=40","ECR=40","MATCH=40 | MISSING_IN_ECR=0 | ECR_ONLY=0"
"oneacrefund/erply-connector","oneacrefund/erply-connector","0.0.1",true,true,MATCH
"oneacrefund/erply-connector","oneacrefund/erply-connector","0.0.1.2023.03.01.",true,true,MATCH
"oneacrefund/erply-connector","oneacrefund/erply-connector","0.0.1.2023.03.01.3",true,true,MATCH
"oneacrefund/erply-connector","oneacrefund/erply-connector","0.0.2",true,true,MATCH
"oneacrefund/erply-connector","oneacrefund/erply-connector","0.0.2.2023.03.17.1",true,true,MATCH
"oneacrefund/erply-connector","oneacrefund/erply-connector","0.0.2.2023.03.23.1",true,true,MATCH
"oneacrefund/erply-connector","oneacrefund/erply-connector","0.0.3",true,true,MATCH
"oneacrefund/erply-connector","oneacrefund/erply-connector","0.0.3.2024.02.05.e03e8ca",true,true,MATCH
"oneacrefund/erply-connector","oneacrefund/erply-connector","0.0.3.2024.02.06.2fb8a97",true,true,MATCH
"oneacrefund/erply-connector","oneacrefund/erply-connector","0.0.3.2024.02.06.cdc84a0",true,true,MATCH
"oneacrefund/erply-connector","oneacrefund/erply-connector","0.0.3.2024.03.10.28a9a92",true,true,MATCH
"oneacrefund/erply-connector","oneacrefund/erply-connector","0.0.3.2024.03.10.31809f4",true,true,MATCH
"oneacrefund/erply-connector","oneacrefund/erply-connector","0.0.3.2024.03.10.7b61f30",true,true,MATCH
"oneacrefund/erply-connector","oneacrefund/erply-connector","0.0.3.2024.03.10.e0223b2",true,true,MATCH
"oneacrefund/erply-connector","oneacrefund/erply-connector","0.0.3.2024.03.11.13661e0",true,true,MATCH
"oneacrefund/erply-connector","oneacrefund/erply-connector","0.0.3.2024.03.11.183987c",true,true,MATCH
"oneacrefund/erply-connector","oneacrefund/erply-connector","0.0.3.2024.03.11.1be86b0",true,true,MATCH
"oneacrefund/erply-connector","oneacrefund/erply-connector","0.0.3.2024.03.11.1e4a076",true,true,MATCH
"oneacrefund/erply-connector","oneacrefund/erply-connector","0.0.3.2024.03.11.653db71",true,true,MATCH
"oneacrefund/erply-connector","oneacrefund/erply-connector","0.0.3.2024.03.11.66faee9",true,true,MATCH
"oneacrefund/erply-connector","oneacrefund/erply-connector","0.0.3.2024.03.11.6ef2388",true,true,MATCH
"oneacrefund/erply-connector","oneacrefund/erply-connector","0.0.3.2024.03.11.82b874a",true,true,MATCH
"oneacrefund/erply-connector","oneacrefund/erply-connector","0.0.3.2024.03.11.94d8333",true,true,MATCH
"oneacrefund/erply-connector","oneacrefund/erply-connector","1.0.0",true,true,MATCH
"oneacrefund/erply-connector","oneacrefund/erply-connector","1.0.0.2024.04.12.07eaefd",true,true,MATCH
"oneacrefund/erply-connector","oneacrefund/erply-connector","1.0.0.2024.04.12.dc5975d",true,true,MATCH
"oneacrefund/erply-connector","oneacrefund/erply-connector","1.0.1",true,true,MATCH
"oneacrefund/erply-connector","oneacrefund/erply-connector","1.0.1.2024.10.30.5cce614",true,true,MATCH
"oneacrefund/erply-connector","oneacrefund/erply-connector","1.1.0",true,true,MATCH
"oneacrefund/erply-connector","oneacrefund/erply-connector","1.1.0.2025.05.07.f0e56de",true,true,MATCH
"oneacrefund/erply-connector","oneacrefund/erply-connector","latest",true,true,MATCH
"[SUMMARY]","oneacrefund/erply-connector","oneacrefund/erply-connector","ACR=31","ECR=31","MATCH=31 | MISSING_IN_ECR=0 | ECR_ONLY=0"
"oneacrefund/erply-consumer","oneacrefund/erply-consumer","1872",true,true,MATCH
"oneacrefund/erply-consumer","oneacrefund/erply-consumer","1873",true,true,MATCH
"oneacrefund/erply-consumer","oneacrefund/erply-consumer","1874",true,true,MATCH
"oneacrefund/erply-consumer","oneacrefund/erply-consumer","1882",true,true,MATCH
"oneacrefund/erply-consumer","oneacrefund/erply-consumer","1883",true,true,MATCH
"oneacrefund/erply-consumer","oneacrefund/erply-consumer","1884",true,true,MATCH
"oneacrefund/erply-consumer","oneacrefund/erply-consumer","1885",true,true,MATCH
"oneacrefund/erply-consumer","oneacrefund/erply-consumer","1886",true,true,MATCH
"oneacrefund/erply-consumer","oneacrefund/erply-consumer","1892",true,true,MATCH
"oneacrefund/erply-consumer","oneacrefund/erply-consumer","1893",true,true,MATCH
"oneacrefund/erply-consumer","oneacrefund/erply-consumer","1896",true,true,MATCH
"oneacrefund/erply-consumer","oneacrefund/erply-consumer","1897",true,true,MATCH
"oneacrefund/erply-consumer","oneacrefund/erply-consumer","1898",true,true,MATCH
"oneacrefund/erply-consumer","oneacrefund/erply-consumer","1901",true,true,MATCH
"oneacrefund/erply-consumer","oneacrefund/erply-consumer","1903",true,true,MATCH
"oneacrefund/erply-consumer","oneacrefund/erply-consumer","1904",true,true,MATCH
"oneacrefund/erply-consumer","oneacrefund/erply-consumer","1906",true,true,MATCH
"oneacrefund/erply-consumer","oneacrefund/erply-consumer","1910",true,true,MATCH
"oneacrefund/erply-consumer","oneacrefund/erply-consumer","1912",true,true,MATCH
"oneacrefund/erply-consumer","oneacrefund/erply-consumer","1913",true,true,MATCH
"oneacrefund/erply-consumer","oneacrefund/erply-consumer","1914",true,true,MATCH
"oneacrefund/erply-consumer","oneacrefund/erply-consumer","1915",true,true,MATCH
"oneacrefund/erply-consumer","oneacrefund/erply-consumer","1916",true,true,MATCH
"oneacrefund/erply-consumer","oneacrefund/erply-consumer","1917",true,true,MATCH
"oneacrefund/erply-consumer","oneacrefund/erply-consumer","1921",true,true,MATCH
"oneacrefund/erply-consumer","oneacrefund/erply-consumer","1937",true,true,MATCH
"oneacrefund/erply-consumer","oneacrefund/erply-consumer","1939",true,true,MATCH
"oneacrefund/erply-consumer","oneacrefund/erply-consumer","1943",true,true,MATCH
"oneacrefund/erply-consumer","oneacrefund/erply-consumer","1949",true,true,MATCH
"oneacrefund/erply-consumer","oneacrefund/erply-consumer","1959",true,true,MATCH
"oneacrefund/erply-consumer","oneacrefund/erply-consumer","1960",true,true,MATCH
"oneacrefund/erply-consumer","oneacrefund/erply-consumer","1961",true,true,MATCH
"oneacrefund/erply-consumer","oneacrefund/erply-consumer","1962",true,true,MATCH
"oneacrefund/erply-consumer","oneacrefund/erply-consumer","1966",true,true,MATCH
"oneacrefund/erply-consumer","oneacrefund/erply-consumer","1968",true,true,MATCH
"oneacrefund/erply-consumer","oneacrefund/erply-consumer","1970",true,true,MATCH
"oneacrefund/erply-consumer","oneacrefund/erply-consumer","1971",true,true,MATCH
"oneacrefund/erply-consumer","oneacrefund/erply-consumer","1972",true,true,MATCH
"oneacrefund/erply-consumer","oneacrefund/erply-consumer","1973",true,true,MATCH
"oneacrefund/erply-consumer","oneacrefund/erply-consumer","2017",true,true,MATCH
"oneacrefund/erply-consumer","oneacrefund/erply-consumer","2126",true,true,MATCH
"oneacrefund/erply-consumer","oneacrefund/erply-consumer","2127",true,true,MATCH
"oneacrefund/erply-consumer","oneacrefund/erply-consumer","2128",true,true,MATCH
"oneacrefund/erply-consumer","oneacrefund/erply-consumer","2166",true,true,MATCH
"oneacrefund/erply-consumer","oneacrefund/erply-consumer","2172",true,true,MATCH
"oneacrefund/erply-consumer","oneacrefund/erply-consumer","2173",true,true,MATCH
"oneacrefund/erply-consumer","oneacrefund/erply-consumer","2174",true,true,MATCH
"oneacrefund/erply-consumer","oneacrefund/erply-consumer","2181",true,true,MATCH
"oneacrefund/erply-consumer","oneacrefund/erply-consumer","2187",true,true,MATCH
"oneacrefund/erply-consumer","oneacrefund/erply-consumer","2191",true,true,MATCH
"oneacrefund/erply-consumer","oneacrefund/erply-consumer","2192",true,true,MATCH
"oneacrefund/erply-consumer","oneacrefund/erply-consumer","2250",true,true,MATCH
"oneacrefund/erply-consumer","oneacrefund/erply-consumer","2251",true,true,MATCH
"oneacrefund/erply-consumer","oneacrefund/erply-consumer","2608",true,true,MATCH
"oneacrefund/erply-consumer","oneacrefund/erply-consumer","2611",true,true,MATCH
"oneacrefund/erply-consumer","oneacrefund/erply-consumer","2613",true,true,MATCH
"oneacrefund/erply-consumer","oneacrefund/erply-consumer","2617",true,true,MATCH
"oneacrefund/erply-consumer","oneacrefund/erply-consumer","2618",true,true,MATCH
"oneacrefund/erply-consumer","oneacrefund/erply-consumer","2750",true,true,MATCH
"oneacrefund/erply-consumer","oneacrefund/erply-consumer","2752",true,true,MATCH
"[SUMMARY]","oneacrefund/erply-consumer","oneacrefund/erply-consumer","ACR=60","ECR=60","MATCH=60 | MISSING_IN_ECR=0 | ECR_ONLY=0"
"oneacrefund/erply-create-payment","oneacrefund/erply-create-payment","latest",true,true,MATCH
"[SUMMARY]","oneacrefund/erply-create-payment","oneacrefund/erply-create-payment","ACR=1","ECR=1","MATCH=1 | MISSING_IN_ECR=0 | ECR_ONLY=0"
"oneacrefund/erply-payment","oneacrefund/erply-payment","1113",true,true,MATCH
"oneacrefund/erply-payment","oneacrefund/erply-payment","1132",true,true,MATCH
"oneacrefund/erply-payment","oneacrefund/erply-payment","1135",true,true,MATCH
"oneacrefund/erply-payment","oneacrefund/erply-payment","1195",true,true,MATCH
"oneacrefund/erply-payment","oneacrefund/erply-payment","1335",true,true,MATCH
"oneacrefund/erply-payment","oneacrefund/erply-payment","225",true,true,MATCH
"oneacrefund/erply-payment","oneacrefund/erply-payment","226",true,true,MATCH
"oneacrefund/erply-payment","oneacrefund/erply-payment","227",true,true,MATCH
"oneacrefund/erply-payment","oneacrefund/erply-payment","228",true,true,MATCH
"oneacrefund/erply-payment","oneacrefund/erply-payment","229",true,true,MATCH
"oneacrefund/erply-payment","oneacrefund/erply-payment","230",true,true,MATCH
"oneacrefund/erply-payment","oneacrefund/erply-payment","231",true,true,MATCH
"oneacrefund/erply-payment","oneacrefund/erply-payment","232",true,true,MATCH
"oneacrefund/erply-payment","oneacrefund/erply-payment","233",true,true,MATCH
"oneacrefund/erply-payment","oneacrefund/erply-payment","234",true,true,MATCH
"oneacrefund/erply-payment","oneacrefund/erply-payment","235",true,true,MATCH
"oneacrefund/erply-payment","oneacrefund/erply-payment","239",true,true,MATCH
"oneacrefund/erply-payment","oneacrefund/erply-payment","240",true,true,MATCH
"oneacrefund/erply-payment","oneacrefund/erply-payment","243",true,true,MATCH
"oneacrefund/erply-payment","oneacrefund/erply-payment","247",true,true,MATCH
"oneacrefund/erply-payment","oneacrefund/erply-payment","248",true,true,MATCH
"oneacrefund/erply-payment","oneacrefund/erply-payment","249",true,true,MATCH
"oneacrefund/erply-payment","oneacrefund/erply-payment","250",true,true,MATCH
"oneacrefund/erply-payment","oneacrefund/erply-payment","251",true,true,MATCH
"oneacrefund/erply-payment","oneacrefund/erply-payment","252",true,true,MATCH
"oneacrefund/erply-payment","oneacrefund/erply-payment","253",true,true,MATCH
"oneacrefund/erply-payment","oneacrefund/erply-payment","255",true,true,MATCH
"oneacrefund/erply-payment","oneacrefund/erply-payment","256",true,true,MATCH
"oneacrefund/erply-payment","oneacrefund/erply-payment","257",true,true,MATCH
"oneacrefund/erply-payment","oneacrefund/erply-payment","258",true,true,MATCH
"oneacrefund/erply-payment","oneacrefund/erply-payment","259",true,true,MATCH
"oneacrefund/erply-payment","oneacrefund/erply-payment","260",true,true,MATCH
"oneacrefund/erply-payment","oneacrefund/erply-payment","261",true,true,MATCH
"oneacrefund/erply-payment","oneacrefund/erply-payment","262",true,true,MATCH
"oneacrefund/erply-payment","oneacrefund/erply-payment","294",true,true,MATCH
"oneacrefund/erply-payment","oneacrefund/erply-payment","296",true,true,MATCH
"oneacrefund/erply-payment","oneacrefund/erply-payment","301",true,true,MATCH
"oneacrefund/erply-payment","oneacrefund/erply-payment","304",true,true,MATCH
"oneacrefund/erply-payment","oneacrefund/erply-payment","533",true,true,MATCH
"oneacrefund/erply-payment","oneacrefund/erply-payment","544",true,true,MATCH
"[SUMMARY]","oneacrefund/erply-payment","oneacrefund/erply-payment","ACR=40","ECR=40","MATCH=40 | MISSING_IN_ECR=0 | ECR_ONLY=0"
"oneacrefund/event-publisher","oneacrefund/event-publisher","20240312.8",true,true,MATCH
"oneacrefund/event-publisher","oneacrefund/event-publisher","534",true,true,MATCH
"oneacrefund/event-publisher","oneacrefund/event-publisher","544",true,true,MATCH
"oneacrefund/event-publisher","oneacrefund/event-publisher","latest",true,true,MATCH
"[SUMMARY]","oneacrefund/event-publisher","oneacrefund/event-publisher","ACR=4","ECR=4","MATCH=4 | MISSING_IN_ECR=0 | ECR_ONLY=0"
"oneacrefund/fds-api","oneacrefund/fds-api","3143",true,true,MATCH
"oneacrefund/fds-api","oneacrefund/fds-api","3147",true,true,MATCH
"oneacrefund/fds-api","oneacrefund/fds-api","3148",true,true,MATCH
"oneacrefund/fds-api","oneacrefund/fds-api","3149",true,true,MATCH
"oneacrefund/fds-api","oneacrefund/fds-api","3150",true,true,MATCH
"oneacrefund/fds-api","oneacrefund/fds-api","3198",true,true,MATCH
"oneacrefund/fds-api","oneacrefund/fds-api","3199",true,true,MATCH
"oneacrefund/fds-api","oneacrefund/fds-api","3200",true,true,MATCH
"oneacrefund/fds-api","oneacrefund/fds-api","3204",true,true,MATCH
"oneacrefund/fds-api","oneacrefund/fds-api","3207",true,true,MATCH
"oneacrefund/fds-api","oneacrefund/fds-api","3212",true,true,MATCH
"oneacrefund/fds-api","oneacrefund/fds-api","3213",true,true,MATCH
"oneacrefund/fds-api","oneacrefund/fds-api","3214",true,true,MATCH
"oneacrefund/fds-api","oneacrefund/fds-api","3215",true,true,MATCH
"oneacrefund/fds-api","oneacrefund/fds-api","3216",true,true,MATCH
"oneacrefund/fds-api","oneacrefund/fds-api","3217",true,true,MATCH
"oneacrefund/fds-api","oneacrefund/fds-api","3218",true,true,MATCH
"oneacrefund/fds-api","oneacrefund/fds-api","3231",true,true,MATCH
"oneacrefund/fds-api","oneacrefund/fds-api","3238",true,true,MATCH
"oneacrefund/fds-api","oneacrefund/fds-api","3239",true,true,MATCH
"oneacrefund/fds-api","oneacrefund/fds-api","3242",true,true,MATCH
"oneacrefund/fds-api","oneacrefund/fds-api","3243",true,true,MATCH
"oneacrefund/fds-api","oneacrefund/fds-api","3244",true,true,MATCH
"oneacrefund/fds-api","oneacrefund/fds-api","3245",true,true,MATCH
"oneacrefund/fds-api","oneacrefund/fds-api","3246",true,true,MATCH
"oneacrefund/fds-api","oneacrefund/fds-api","3247",true,true,MATCH
"oneacrefund/fds-api","oneacrefund/fds-api","3248",true,true,MATCH
"oneacrefund/fds-api","oneacrefund/fds-api","3249",true,true,MATCH
"oneacrefund/fds-api","oneacrefund/fds-api","3251",true,true,MATCH
"oneacrefund/fds-api","oneacrefund/fds-api","3253",true,true,MATCH
"oneacrefund/fds-api","oneacrefund/fds-api","3269",true,true,MATCH
"oneacrefund/fds-api","oneacrefund/fds-api","3270",true,true,MATCH
"oneacrefund/fds-api","oneacrefund/fds-api","3275",true,true,MATCH
"oneacrefund/fds-api","oneacrefund/fds-api","3277",true,true,MATCH
"oneacrefund/fds-api","oneacrefund/fds-api","3278",true,true,MATCH
"oneacrefund/fds-api","oneacrefund/fds-api","3279",true,true,MATCH
"oneacrefund/fds-api","oneacrefund/fds-api","3281",true,true,MATCH
"oneacrefund/fds-api","oneacrefund/fds-api","3282",true,true,MATCH
"oneacrefund/fds-api","oneacrefund/fds-api","3284",true,true,MATCH
"oneacrefund/fds-api","oneacrefund/fds-api","3285",true,true,MATCH
"oneacrefund/fds-api","oneacrefund/fds-api","3294",true,true,MATCH
"oneacrefund/fds-api","oneacrefund/fds-api","3665",true,true,MATCH
"oneacrefund/fds-api","oneacrefund/fds-api","3671",true,true,MATCH
"oneacrefund/fds-api","oneacrefund/fds-api","3695",true,true,MATCH
"oneacrefund/fds-api","oneacrefund/fds-api","3777",true,true,MATCH
"oneacrefund/fds-api","oneacrefund/fds-api","3781",true,true,MATCH
"oneacrefund/fds-api","oneacrefund/fds-api","3783",true,true,MATCH
"oneacrefund/fds-api","oneacrefund/fds-api","3859",true,true,MATCH
"oneacrefund/fds-api","oneacrefund/fds-api","3861",true,true,MATCH
"oneacrefund/fds-api","oneacrefund/fds-api","3864",true,true,MATCH
"oneacrefund/fds-api","oneacrefund/fds-api","3865",true,true,MATCH
"oneacrefund/fds-api","oneacrefund/fds-api","3866",true,true,MATCH
"oneacrefund/fds-api","oneacrefund/fds-api","4137",true,true,MATCH
"oneacrefund/fds-api","oneacrefund/fds-api","4138",true,true,MATCH
"oneacrefund/fds-api","oneacrefund/fds-api","4139",true,true,MATCH
"oneacrefund/fds-api","oneacrefund/fds-api","4140",true,true,MATCH
"oneacrefund/fds-api","oneacrefund/fds-api","4142",true,true,MATCH
"oneacrefund/fds-api","oneacrefund/fds-api","4149",true,true,MATCH
"oneacrefund/fds-api","oneacrefund/fds-api","4171",true,true,MATCH
"oneacrefund/fds-api","oneacrefund/fds-api","4172",true,true,MATCH
"oneacrefund/fds-api","oneacrefund/fds-api","4175",true,true,MATCH
"oneacrefund/fds-api","oneacrefund/fds-api","4181",true,true,MATCH
"oneacrefund/fds-api","oneacrefund/fds-api","4183",true,true,MATCH
"oneacrefund/fds-api","oneacrefund/fds-api","4185",true,true,MATCH
"oneacrefund/fds-api","oneacrefund/fds-api","4186",true,true,MATCH
"oneacrefund/fds-api","oneacrefund/fds-api","4188",true,true,MATCH
"oneacrefund/fds-api","oneacrefund/fds-api","4189",true,true,MATCH
"oneacrefund/fds-api","oneacrefund/fds-api","4190",true,true,MATCH
"oneacrefund/fds-api","oneacrefund/fds-api","4206",true,true,MATCH
"oneacrefund/fds-api","oneacrefund/fds-api","4207",true,true,MATCH
"oneacrefund/fds-api","oneacrefund/fds-api","4220",true,true,MATCH
"oneacrefund/fds-api","oneacrefund/fds-api","4222",true,true,MATCH
"oneacrefund/fds-api","oneacrefund/fds-api","4223",true,true,MATCH
"oneacrefund/fds-api","oneacrefund/fds-api","4230",true,true,MATCH
"oneacrefund/fds-api","oneacrefund/fds-api","4231",true,true,MATCH
"oneacrefund/fds-api","oneacrefund/fds-api","4232",true,true,MATCH
"oneacrefund/fds-api","oneacrefund/fds-api","4233",true,true,MATCH
"oneacrefund/fds-api","oneacrefund/fds-api","4234",true,true,MATCH
"oneacrefund/fds-api","oneacrefund/fds-api","4235",true,true,MATCH
"oneacrefund/fds-api","oneacrefund/fds-api","4236",true,true,MATCH
"oneacrefund/fds-api","oneacrefund/fds-api","4238",true,true,MATCH
"oneacrefund/fds-api","oneacrefund/fds-api","4240",true,true,MATCH
"oneacrefund/fds-api","oneacrefund/fds-api","4242",true,true,MATCH
"oneacrefund/fds-api","oneacrefund/fds-api","4245",true,true,MATCH
"oneacrefund/fds-api","oneacrefund/fds-api","4246",true,true,MATCH
"oneacrefund/fds-api","oneacrefund/fds-api","4260",true,true,MATCH
"[SUMMARY]","oneacrefund/fds-api","oneacrefund/fds-api","ACR=86","ECR=86","MATCH=86 | MISSING_IN_ECR=0 | ECR_ONLY=0"
"oneacrefund/fds-consumer","oneacrefund/fds-consumer","3079",true,true,MATCH
"oneacrefund/fds-consumer","oneacrefund/fds-consumer","3080",true,true,MATCH
"oneacrefund/fds-consumer","oneacrefund/fds-consumer","3081",true,true,MATCH
"oneacrefund/fds-consumer","oneacrefund/fds-consumer","3082",true,true,MATCH
"oneacrefund/fds-consumer","oneacrefund/fds-consumer","3083",true,true,MATCH
"oneacrefund/fds-consumer","oneacrefund/fds-consumer","3084",true,true,MATCH
"oneacrefund/fds-consumer","oneacrefund/fds-consumer","3085",true,true,MATCH
"oneacrefund/fds-consumer","oneacrefund/fds-consumer","3086",true,true,MATCH
"oneacrefund/fds-consumer","oneacrefund/fds-consumer","3100",true,true,MATCH
"oneacrefund/fds-consumer","oneacrefund/fds-consumer","3101",true,true,MATCH
"oneacrefund/fds-consumer","oneacrefund/fds-consumer","3102",true,true,MATCH
"oneacrefund/fds-consumer","oneacrefund/fds-consumer","3103",true,true,MATCH
"oneacrefund/fds-consumer","oneacrefund/fds-consumer","3104",true,true,MATCH
"oneacrefund/fds-consumer","oneacrefund/fds-consumer","3105",true,true,MATCH
"oneacrefund/fds-consumer","oneacrefund/fds-consumer","3106",true,true,MATCH
"oneacrefund/fds-consumer","oneacrefund/fds-consumer","3107",true,true,MATCH
"oneacrefund/fds-consumer","oneacrefund/fds-consumer","3112",true,true,MATCH
"oneacrefund/fds-consumer","oneacrefund/fds-consumer","3113",true,true,MATCH
"oneacrefund/fds-consumer","oneacrefund/fds-consumer","3114",true,true,MATCH
"oneacrefund/fds-consumer","oneacrefund/fds-consumer","3116",true,true,MATCH
"oneacrefund/fds-consumer","oneacrefund/fds-consumer","3118",true,true,MATCH
"oneacrefund/fds-consumer","oneacrefund/fds-consumer","3141",true,true,MATCH
"oneacrefund/fds-consumer","oneacrefund/fds-consumer","3142",true,true,MATCH
"oneacrefund/fds-consumer","oneacrefund/fds-consumer","3143",true,true,MATCH
"oneacrefund/fds-consumer","oneacrefund/fds-consumer","3144",true,true,MATCH
"oneacrefund/fds-consumer","oneacrefund/fds-consumer","3146",true,true,MATCH
"oneacrefund/fds-consumer","oneacrefund/fds-consumer","3147",true,true,MATCH
"oneacrefund/fds-consumer","oneacrefund/fds-consumer","3148",true,true,MATCH
"oneacrefund/fds-consumer","oneacrefund/fds-consumer","3149",true,true,MATCH
"oneacrefund/fds-consumer","oneacrefund/fds-consumer","3150",true,true,MATCH
"oneacrefund/fds-consumer","oneacrefund/fds-consumer","3198",true,true,MATCH
"oneacrefund/fds-consumer","oneacrefund/fds-consumer","3199",true,true,MATCH
"oneacrefund/fds-consumer","oneacrefund/fds-consumer","3200",true,true,MATCH
"oneacrefund/fds-consumer","oneacrefund/fds-consumer","3204",true,true,MATCH
"oneacrefund/fds-consumer","oneacrefund/fds-consumer","3207",true,true,MATCH
"oneacrefund/fds-consumer","oneacrefund/fds-consumer","3212",true,true,MATCH
"oneacrefund/fds-consumer","oneacrefund/fds-consumer","3213",true,true,MATCH
"oneacrefund/fds-consumer","oneacrefund/fds-consumer","3214",true,true,MATCH
"oneacrefund/fds-consumer","oneacrefund/fds-consumer","3215",true,true,MATCH
"oneacrefund/fds-consumer","oneacrefund/fds-consumer","3216",true,true,MATCH
"oneacrefund/fds-consumer","oneacrefund/fds-consumer","3218",true,true,MATCH
"oneacrefund/fds-consumer","oneacrefund/fds-consumer","3231",true,true,MATCH
"oneacrefund/fds-consumer","oneacrefund/fds-consumer","3275",true,true,MATCH
"oneacrefund/fds-consumer","oneacrefund/fds-consumer","3277",true,true,MATCH
"oneacrefund/fds-consumer","oneacrefund/fds-consumer","3279",true,true,MATCH
"oneacrefund/fds-consumer","oneacrefund/fds-consumer","3281",true,true,MATCH
"oneacrefund/fds-consumer","oneacrefund/fds-consumer","3282",true,true,MATCH
"oneacrefund/fds-consumer","oneacrefund/fds-consumer","3665",true,true,MATCH
"oneacrefund/fds-consumer","oneacrefund/fds-consumer","3671",true,true,MATCH
"oneacrefund/fds-consumer","oneacrefund/fds-consumer","3695",true,true,MATCH
"oneacrefund/fds-consumer","oneacrefund/fds-consumer","3781",true,true,MATCH
"oneacrefund/fds-consumer","oneacrefund/fds-consumer","3783",true,true,MATCH
"oneacrefund/fds-consumer","oneacrefund/fds-consumer","3859",true,true,MATCH
"oneacrefund/fds-consumer","oneacrefund/fds-consumer","3861",true,true,MATCH
"oneacrefund/fds-consumer","oneacrefund/fds-consumer","3864",true,true,MATCH
"oneacrefund/fds-consumer","oneacrefund/fds-consumer","3865",true,true,MATCH
"oneacrefund/fds-consumer","oneacrefund/fds-consumer","3866",true,true,MATCH
"oneacrefund/fds-consumer","oneacrefund/fds-consumer","4091",true,true,MATCH
"oneacrefund/fds-consumer","oneacrefund/fds-consumer","4092",true,true,MATCH
"oneacrefund/fds-consumer","oneacrefund/fds-consumer","4145",true,true,MATCH
"oneacrefund/fds-consumer","oneacrefund/fds-consumer","4188",true,true,MATCH
"oneacrefund/fds-consumer","oneacrefund/fds-consumer","4246",true,true,MATCH
"oneacrefund/fds-consumer","oneacrefund/fds-consumer","4257",true,true,MATCH
"[SUMMARY]","oneacrefund/fds-consumer","oneacrefund/fds-consumer","ACR=63","ECR=63","MATCH=63 | MISSING_IN_ECR=0 | ECR_ONLY=0"
"oneacrefund/ffp-consumer","oneacrefund/ffp-consumer","20240301.2",true,true,MATCH
"[SUMMARY]","oneacrefund/ffp-consumer","oneacrefund/ffp-consumer","ACR=1","ECR=1","MATCH=1 | MISSING_IN_ECR=0 | ECR_ONLY=0"
"oneacrefund/fineract-backend","oneacrefund/fineract-backend","1.8.15.2.2026.03.25.3930",true,true,MATCH
"oneacrefund/fineract-backend","oneacrefund/fineract-backend","1.8.16.1.2026.03.26.3933",true,true,MATCH
"oneacrefund/fineract-backend","oneacrefund/fineract-backend","1.8.16.1.2026.03.27.3935",true,true,MATCH
"oneacrefund/fineract-backend","oneacrefund/fineract-backend","1.8.16.1.2026.03.27.3936",true,true,MATCH
"oneacrefund/fineract-backend","oneacrefund/fineract-backend","1.8.16.1.2026.03.29.3941",true,true,MATCH
"oneacrefund/fineract-backend","oneacrefund/fineract-backend","1.8.16.1.2026.03.30.3944",true,true,MATCH
"oneacrefund/fineract-backend","oneacrefund/fineract-backend","1.8.16.1.2026.03.31.3963",true,true,MATCH
"oneacrefund/fineract-backend","oneacrefund/fineract-backend","1.8.16.1.2026.03.31.3965",true,true,MATCH
"oneacrefund/fineract-backend","oneacrefund/fineract-backend","1.8.16.1.2026.04.01.3969",true,true,MATCH
"oneacrefund/fineract-backend","oneacrefund/fineract-backend","1.8.16.1.2026.04.01.3971",true,true,MATCH
"oneacrefund/fineract-backend","oneacrefund/fineract-backend","1.8.16.1.2026.04.02.3975",true,true,MATCH
"oneacrefund/fineract-backend","oneacrefund/fineract-backend","1.8.16.1.2026.04.02.3980",true,true,MATCH
"oneacrefund/fineract-backend","oneacrefund/fineract-backend","1.8.16.1.2026.04.03.3983",true,true,MATCH
"oneacrefund/fineract-backend","oneacrefund/fineract-backend","1.8.16.2.2026.03.30.3959",true,true,MATCH
"oneacrefund/fineract-backend","oneacrefund/fineract-backend","1.8.16.2026.03.19.3904",true,true,MATCH
"oneacrefund/fineract-backend","oneacrefund/fineract-backend","1.8.16.2026.03.19.3905",true,true,MATCH
"oneacrefund/fineract-backend","oneacrefund/fineract-backend","1.8.16.2026.03.24.3918",true,true,MATCH
"oneacrefund/fineract-backend","oneacrefund/fineract-backend","1.8.16.2026.03.24.3919",true,true,MATCH
"oneacrefund/fineract-backend","oneacrefund/fineract-backend","1.8.16.2026.03.24.3921",true,true,MATCH
"oneacrefund/fineract-backend","oneacrefund/fineract-backend","1.8.16.2026.03.25.3926",true,true,MATCH
"oneacrefund/fineract-backend","oneacrefund/fineract-backend","1.8.16.2026.03.25.3929",true,true,MATCH
"oneacrefund/fineract-backend","oneacrefund/fineract-backend","1.8.17.1.2026.04.15.4039",true,true,MATCH
"oneacrefund/fineract-backend","oneacrefund/fineract-backend","1.8.17.2026.03.30.3953",true,true,MATCH
"oneacrefund/fineract-backend","oneacrefund/fineract-backend","1.8.17.2026.03.30.3956",true,true,MATCH
"oneacrefund/fineract-backend","oneacrefund/fineract-backend","1.8.17.2026.03.30.3958",true,true,MATCH
"oneacrefund/fineract-backend","oneacrefund/fineract-backend","1.8.17.2026.03.31.3962",true,true,MATCH
"oneacrefund/fineract-backend","oneacrefund/fineract-backend","1.8.17.2026.04.01.3973",true,true,MATCH
"oneacrefund/fineract-backend","oneacrefund/fineract-backend","1.8.17.2026.04.02.3976",true,true,MATCH
"oneacrefund/fineract-backend","oneacrefund/fineract-backend","1.8.17.2026.04.02.3977",true,true,MATCH
"oneacrefund/fineract-backend","oneacrefund/fineract-backend","1.8.17.2026.04.02.3979",true,true,MATCH
"oneacrefund/fineract-backend","oneacrefund/fineract-backend","1.8.17.2026.04.03.3984",true,true,MATCH
"oneacrefund/fineract-backend","oneacrefund/fineract-backend","1.8.17.2026.04.03.3985",true,true,MATCH
"oneacrefund/fineract-backend","oneacrefund/fineract-backend","1.8.17.2026.04.09.4002",true,true,MATCH
"oneacrefund/fineract-backend","oneacrefund/fineract-backend","1.8.17.2026.04.09.4005",true,true,MATCH
"oneacrefund/fineract-backend","oneacrefund/fineract-backend","1.8.17.2026.04.10.4012",true,true,MATCH
"oneacrefund/fineract-backend","oneacrefund/fineract-backend","1.8.17.2026.04.14.4028",true,true,MATCH
"oneacrefund/fineract-backend","oneacrefund/fineract-backend","1.8.17.2026.04.14.4030",true,true,MATCH
"oneacrefund/fineract-backend","oneacrefund/fineract-backend","1.8.17.2026.04.15.4040",true,true,MATCH
"oneacrefund/fineract-backend","oneacrefund/fineract-backend","1.8.18.1.2026.04.27.4112",true,true,MATCH
"oneacrefund/fineract-backend","oneacrefund/fineract-backend","1.8.18.1.2026.04.27.4113",true,true,MATCH
"oneacrefund/fineract-backend","oneacrefund/fineract-backend","1.8.18.1.2026.04.27.4114",true,true,MATCH
"oneacrefund/fineract-backend","oneacrefund/fineract-backend","1.8.18.1.2026.05.11.4149",true,true,MATCH
"oneacrefund/fineract-backend","oneacrefund/fineract-backend","1.8.18.1.2026.05.13.4160",true,true,MATCH
"oneacrefund/fineract-backend","oneacrefund/fineract-backend","1.8.18.2026.04.15.4042",true,true,MATCH
"oneacrefund/fineract-backend","oneacrefund/fineract-backend","1.8.18.2026.04.15.4045",true,true,MATCH
"oneacrefund/fineract-backend","oneacrefund/fineract-backend","1.8.18.2026.04.15.4047",true,true,MATCH
"oneacrefund/fineract-backend","oneacrefund/fineract-backend","1.8.18.2026.04.17.4057",true,true,MATCH
"oneacrefund/fineract-backend","oneacrefund/fineract-backend","1.8.18.2026.04.19.4060",true,true,MATCH
"oneacrefund/fineract-backend","oneacrefund/fineract-backend","1.8.18.2026.04.19.4061",true,true,MATCH
"oneacrefund/fineract-backend","oneacrefund/fineract-backend","1.8.18.2026.04.19.4062",true,true,MATCH
"oneacrefund/fineract-backend","oneacrefund/fineract-backend","1.8.18.2026.04.20.4071",true,true,MATCH
"oneacrefund/fineract-backend","oneacrefund/fineract-backend","1.8.18.2026.04.22.4078",true,true,MATCH
"oneacrefund/fineract-backend","oneacrefund/fineract-backend","1.8.18.2026.04.22.4079",true,true,MATCH
"oneacrefund/fineract-backend","oneacrefund/fineract-backend","1.8.18.2026.04.22.4081",true,true,MATCH
"oneacrefund/fineract-backend","oneacrefund/fineract-backend","1.8.18.2026.04.22.4082",true,true,MATCH
"oneacrefund/fineract-backend","oneacrefund/fineract-backend","1.8.18.2026.04.22.4083",true,true,MATCH
"oneacrefund/fineract-backend","oneacrefund/fineract-backend","1.8.18.2026.04.23.4090",true,true,MATCH
"oneacrefund/fineract-backend","oneacrefund/fineract-backend","1.8.18.2026.04.23.4092",true,true,MATCH
"oneacrefund/fineract-backend","oneacrefund/fineract-backend","1.8.18.2026.04.23.4096",true,true,MATCH
"oneacrefund/fineract-backend","oneacrefund/fineract-backend","1.8.18.2026.04.23.4099",true,true,MATCH
"oneacrefund/fineract-backend","oneacrefund/fineract-backend","1.8.18.2026.04.26.4110",true,true,MATCH
"oneacrefund/fineract-backend","oneacrefund/fineract-backend","latest",true,true,MATCH
"[SUMMARY]","oneacrefund/fineract-backend","oneacrefund/fineract-backend","ACR=62","ECR=62","MATCH=62 | MISSING_IN_ECR=0 | ECR_ONLY=0"
"oneacrefund/fineract-frontend","oneacrefund/fineract-frontend","1.2.0.2023.07.14.1",true,true,MATCH
"oneacrefund/fineract-frontend","oneacrefund/fineract-frontend","1.2.0.2023.07.14.3",true,true,MATCH
"oneacrefund/fineract-frontend","oneacrefund/fineract-frontend","1.2.0.2023.07.14.4",true,true,MATCH
"oneacrefund/fineract-frontend","oneacrefund/fineract-frontend","1.2.0.2023.07.18.1",true,true,MATCH
"oneacrefund/fineract-frontend","oneacrefund/fineract-frontend","1.2.0.2023.07.20.1",true,true,MATCH
"oneacrefund/fineract-frontend","oneacrefund/fineract-frontend","1.2.0.2023.07.21.1",true,true,MATCH
"oneacrefund/fineract-frontend","oneacrefund/fineract-frontend","1.2.0.2023.07.24.1",true,true,MATCH
"oneacrefund/fineract-frontend","oneacrefund/fineract-frontend","1.2.0.2023.07.27.1",true,true,MATCH
"oneacrefund/fineract-frontend","oneacrefund/fineract-frontend","1.2.0.2023.07.31.1",true,true,MATCH
"oneacrefund/fineract-frontend","oneacrefund/fineract-frontend","1.2.0.2023.08.08.1",true,true,MATCH
"oneacrefund/fineract-frontend","oneacrefund/fineract-frontend","1.2.0.2023.08.09.1",true,true,MATCH
"oneacrefund/fineract-frontend","oneacrefund/fineract-frontend","1.2.0.2023.08.14.1",true,true,MATCH
"oneacrefund/fineract-frontend","oneacrefund/fineract-frontend","1.2.1.2023.08.31.1",true,true,MATCH
"oneacrefund/fineract-frontend","oneacrefund/fineract-frontend","1.2.2.2023.09.19.1",true,true,MATCH
"oneacrefund/fineract-frontend","oneacrefund/fineract-frontend","1.2.2.2023.09.25.1",true,true,MATCH
"oneacrefund/fineract-frontend","oneacrefund/fineract-frontend","1.2.2.2023.10.03.1",true,true,MATCH
"oneacrefund/fineract-frontend","oneacrefund/fineract-frontend","1.2.2.2023.10.03.2",true,true,MATCH
"oneacrefund/fineract-frontend","oneacrefund/fineract-frontend","1.2.2.2023.10.04.1",true,true,MATCH
"oneacrefund/fineract-frontend","oneacrefund/fineract-frontend","1.2.2.2023.10.05.1",true,true,MATCH
"oneacrefund/fineract-frontend","oneacrefund/fineract-frontend","1.2.2.2023.10.09.1",true,true,MATCH
"oneacrefund/fineract-frontend","oneacrefund/fineract-frontend","1.2.2.2023.10.10.1",true,true,MATCH
"oneacrefund/fineract-frontend","oneacrefund/fineract-frontend","1.2.2.2023.10.11.1",true,true,MATCH
"oneacrefund/fineract-frontend","oneacrefund/fineract-frontend","1.2.2.2023.10.11.2",true,true,MATCH
"oneacrefund/fineract-frontend","oneacrefund/fineract-frontend","1.2.2.2023.11.08.1",true,true,MATCH
"oneacrefund/fineract-frontend","oneacrefund/fineract-frontend","1.2.5.2023.11.08.2",true,true,MATCH
"oneacrefund/fineract-frontend","oneacrefund/fineract-frontend","1.2.5.2023.11.10.1",true,true,MATCH
"oneacrefund/fineract-frontend","oneacrefund/fineract-frontend","1.2.5.2024.01.04.1",true,true,MATCH
"oneacrefund/fineract-frontend","oneacrefund/fineract-frontend","1.2.6.2024.01.04.1",true,true,MATCH
"oneacrefund/fineract-frontend","oneacrefund/fineract-frontend","1.2.6.2024.01.05.1",true,true,MATCH
"oneacrefund/fineract-frontend","oneacrefund/fineract-frontend","1.2.6.2024.01.08.1",true,true,MATCH
"oneacrefund/fineract-frontend","oneacrefund/fineract-frontend","1.2.6.2024.01.08.2",true,true,MATCH
"oneacrefund/fineract-frontend","oneacrefund/fineract-frontend","1.2.7.2024.02.05.1",true,true,MATCH
"oneacrefund/fineract-frontend","oneacrefund/fineract-frontend","1.2.7.2024.04.09.1",true,true,MATCH
"oneacrefund/fineract-frontend","oneacrefund/fineract-frontend","1.2.7.2024.04.15",true,true,MATCH
"oneacrefund/fineract-frontend","oneacrefund/fineract-frontend","1.2.7.2024.04.15.1",true,true,MATCH
"oneacrefund/fineract-frontend","oneacrefund/fineract-frontend","1.3.0.2023.09.26.1",true,true,MATCH
"oneacrefund/fineract-frontend","oneacrefund/fineract-frontend","1.3.0.2023.09.26.2",true,true,MATCH
"oneacrefund/fineract-frontend","oneacrefund/fineract-frontend","1.3.0.2023.10.03.1",true,true,MATCH
"oneacrefund/fineract-frontend","oneacrefund/fineract-frontend","1.3.0.2023.10.03.2",true,true,MATCH
"oneacrefund/fineract-frontend","oneacrefund/fineract-frontend","1.3.0.2023.10.05.1",true,true,MATCH
"oneacrefund/fineract-frontend","oneacrefund/fineract-frontend","1.3.0.2023.10.09.1",true,true,MATCH
"oneacrefund/fineract-frontend","oneacrefund/fineract-frontend","1.3.0.2023.10.24.1",true,true,MATCH
"oneacrefund/fineract-frontend","oneacrefund/fineract-frontend","1.3.0.2023.12.05.1",true,true,MATCH
"oneacrefund/fineract-frontend","oneacrefund/fineract-frontend","1.3.0.2023.12.18.1",true,true,MATCH
"oneacrefund/fineract-frontend","oneacrefund/fineract-frontend","1.3.0.2024.01.17.1",true,true,MATCH
"oneacrefund/fineract-frontend","oneacrefund/fineract-frontend","1.3.0.2024.02.19",true,true,MATCH
"oneacrefund/fineract-frontend","oneacrefund/fineract-frontend","1.3.0.2024.02.22",true,true,MATCH
"oneacrefund/fineract-frontend","oneacrefund/fineract-frontend","1.3.0.2024.03.04",true,true,MATCH
"oneacrefund/fineract-frontend","oneacrefund/fineract-frontend","1.3.0.2024.03.10",true,true,MATCH
"oneacrefund/fineract-frontend","oneacrefund/fineract-frontend","1.3.0.2024.03.11",true,true,MATCH
"oneacrefund/fineract-frontend","oneacrefund/fineract-frontend","1.3.0.2024.03.11.1",true,true,MATCH
"oneacrefund/fineract-frontend","oneacrefund/fineract-frontend","1.3.0.2024.03.22",true,true,MATCH
"oneacrefund/fineract-frontend","oneacrefund/fineract-frontend","1.3.0.2024.03.22.1",true,true,MATCH
"oneacrefund/fineract-frontend","oneacrefund/fineract-frontend","1.3.0.2024.05.06",true,true,MATCH
"oneacrefund/fineract-frontend","oneacrefund/fineract-frontend","1.3.0.2024.05.06.1",true,true,MATCH
"oneacrefund/fineract-frontend","oneacrefund/fineract-frontend","1.3.0.2024.05.14",true,true,MATCH
"oneacrefund/fineract-frontend","oneacrefund/fineract-frontend","1.3.0.2024.05.15",true,true,MATCH
"oneacrefund/fineract-frontend","oneacrefund/fineract-frontend","1.3.0.2024.06.07",true,true,MATCH
"oneacrefund/fineract-frontend","oneacrefund/fineract-frontend","1.3.0.2024.07.18",true,true,MATCH
"oneacrefund/fineract-frontend","oneacrefund/fineract-frontend","1.3.0.2024.08.07",true,true,MATCH
"[SUMMARY]","oneacrefund/fineract-frontend","oneacrefund/fineract-frontend","ACR=60","ECR=60","MATCH=60 | MISSING_IN_ECR=0 | ECR_ONLY=0"
"oneacrefund/fineract-frontend-v2","oneacrefund/fineract-frontend-v2","1.4.1.1.2025.10.08.678",true,true,MATCH
"oneacrefund/fineract-frontend-v2","oneacrefund/fineract-frontend-v2","1.4.1.1.2025.10.09.680",true,true,MATCH
"oneacrefund/fineract-frontend-v2","oneacrefund/fineract-frontend-v2","1.4.1.1.2025.10.13.692",true,true,MATCH
"oneacrefund/fineract-frontend-v2","oneacrefund/fineract-frontend-v2","1.4.1.1.2025.10.13.693",true,true,MATCH
"oneacrefund/fineract-frontend-v2","oneacrefund/fineract-frontend-v2","1.4.1.1.2025.10.13.698",true,true,MATCH
"oneacrefund/fineract-frontend-v2","oneacrefund/fineract-frontend-v2","1.4.1.1.2025.10.13.699",true,true,MATCH
"oneacrefund/fineract-frontend-v2","oneacrefund/fineract-frontend-v2","1.4.1.1.2025.10.14.701",true,true,MATCH
"oneacrefund/fineract-frontend-v2","oneacrefund/fineract-frontend-v2","1.4.1.1.2025.10.22.704",true,true,MATCH
"oneacrefund/fineract-frontend-v2","oneacrefund/fineract-frontend-v2","1.4.1.1.2025.10.28.709",true,true,MATCH
"oneacrefund/fineract-frontend-v2","oneacrefund/fineract-frontend-v2","1.4.1.1.2026.01.24.753",true,true,MATCH
"oneacrefund/fineract-frontend-v2","oneacrefund/fineract-frontend-v2","1.4.1.1.2026.02.13.758",true,true,MATCH
"oneacrefund/fineract-frontend-v2","oneacrefund/fineract-frontend-v2","1.4.1.2025.10.08.676",true,true,MATCH
"oneacrefund/fineract-frontend-v2","oneacrefund/fineract-frontend-v2","1.4.2.2025.10.31.711",true,true,MATCH
"oneacrefund/fineract-frontend-v2","oneacrefund/fineract-frontend-v2","1.4.2.2025.11.01.714",true,true,MATCH
"oneacrefund/fineract-frontend-v2","oneacrefund/fineract-frontend-v2","1.4.2.2025.11.04.719",true,true,MATCH
"oneacrefund/fineract-frontend-v2","oneacrefund/fineract-frontend-v2","1.4.2.2025.11.04.721",true,true,MATCH
"oneacrefund/fineract-frontend-v2","oneacrefund/fineract-frontend-v2","1.4.2.2025.11.18.723",true,true,MATCH
"oneacrefund/fineract-frontend-v2","oneacrefund/fineract-frontend-v2","1.4.2.2025.11.21.725",true,true,MATCH
"oneacrefund/fineract-frontend-v2","oneacrefund/fineract-frontend-v2","1.4.2.2025.11.24.727",true,true,MATCH
"oneacrefund/fineract-frontend-v2","oneacrefund/fineract-frontend-v2","1.4.2.2025.11.24.729",true,true,MATCH
"oneacrefund/fineract-frontend-v2","oneacrefund/fineract-frontend-v2","1.4.3.2025.12.02.730",true,true,MATCH
"oneacrefund/fineract-frontend-v2","oneacrefund/fineract-frontend-v2","1.4.3.2025.12.16.731",true,true,MATCH
"oneacrefund/fineract-frontend-v2","oneacrefund/fineract-frontend-v2","1.4.4.2025.12.17.736",true,true,MATCH
"oneacrefund/fineract-frontend-v2","oneacrefund/fineract-frontend-v2","1.4.4.2025.12.24.739",true,true,MATCH
"oneacrefund/fineract-frontend-v2","oneacrefund/fineract-frontend-v2","1.4.4.2025.12.25.740",true,true,MATCH
"oneacrefund/fineract-frontend-v2","oneacrefund/fineract-frontend-v2","1.4.4.2026.02.17.759",true,true,MATCH
"oneacrefund/fineract-frontend-v2","oneacrefund/fineract-frontend-v2","1.4.4.2026.02.17.762",true,true,MATCH
"oneacrefund/fineract-frontend-v2","oneacrefund/fineract-frontend-v2","1.4.4.2026.02.24.763",true,true,MATCH
"oneacrefund/fineract-frontend-v2","oneacrefund/fineract-frontend-v2","1.4.4.2026.02.27.769",true,true,MATCH
"oneacrefund/fineract-frontend-v2","oneacrefund/fineract-frontend-v2","1.4.4.2026.03.04.769",true,true,MATCH
"oneacrefund/fineract-frontend-v2","oneacrefund/fineract-frontend-v2","1.4.6.2026.03.26.790",true,true,MATCH
"oneacrefund/fineract-frontend-v2","oneacrefund/fineract-frontend-v2","1.4.6.2026.03.26.791",true,true,MATCH
"oneacrefund/fineract-frontend-v2","oneacrefund/fineract-frontend-v2","1.4.7.1.2026.03.27.794",true,true,MATCH
"oneacrefund/fineract-frontend-v2","oneacrefund/fineract-frontend-v2","1.4.7.1.2026.03.28.795",true,true,MATCH
"oneacrefund/fineract-frontend-v2","oneacrefund/fineract-frontend-v2","1.4.7.1.2026.03.28.796",true,true,MATCH
"oneacrefund/fineract-frontend-v2","oneacrefund/fineract-frontend-v2","1.4.7.2026.03.04.773",true,true,MATCH
"oneacrefund/fineract-frontend-v2","oneacrefund/fineract-frontend-v2","1.4.7.2026.03.04.774",true,true,MATCH
"oneacrefund/fineract-frontend-v2","oneacrefund/fineract-frontend-v2","1.4.7.2026.03.09.776",true,true,MATCH
"oneacrefund/fineract-frontend-v2","oneacrefund/fineract-frontend-v2","1.4.7.2026.03.09.777",true,true,MATCH
"oneacrefund/fineract-frontend-v2","oneacrefund/fineract-frontend-v2","1.4.7.2026.03.18.779",true,true,MATCH
"oneacrefund/fineract-frontend-v2","oneacrefund/fineract-frontend-v2","1.4.7.2026.03.18.783",true,true,MATCH
"oneacrefund/fineract-frontend-v2","oneacrefund/fineract-frontend-v2","1.4.7.2026.03.19.785",true,true,MATCH
"oneacrefund/fineract-frontend-v2","oneacrefund/fineract-frontend-v2","1.4.7.2026.03.25.787",true,true,MATCH
"oneacrefund/fineract-frontend-v2","oneacrefund/fineract-frontend-v2","1.4.8.1.2026.04.15.817",true,true,MATCH
"oneacrefund/fineract-frontend-v2","oneacrefund/fineract-frontend-v2","1.4.8.2026.03.18.780",true,true,MATCH
"oneacrefund/fineract-frontend-v2","oneacrefund/fineract-frontend-v2","1.4.8.2026.03.30.799",true,true,MATCH
"oneacrefund/fineract-frontend-v2","oneacrefund/fineract-frontend-v2","1.4.8.2026.03.30.801",true,true,MATCH
"oneacrefund/fineract-frontend-v2","oneacrefund/fineract-frontend-v2","1.4.8.2026.04.02.803",true,true,MATCH
"oneacrefund/fineract-frontend-v2","oneacrefund/fineract-frontend-v2","1.4.8.2026.04.08.807",true,true,MATCH
"oneacrefund/fineract-frontend-v2","oneacrefund/fineract-frontend-v2","1.4.8.2026.04.14.814",true,true,MATCH
"oneacrefund/fineract-frontend-v2","oneacrefund/fineract-frontend-v2","1.4.9.1.2026.04.24.833",true,true,MATCH
"oneacrefund/fineract-frontend-v2","oneacrefund/fineract-frontend-v2","1.4.9.1.2026.04.24.834",true,true,MATCH
"oneacrefund/fineract-frontend-v2","oneacrefund/fineract-frontend-v2","1.4.9.1.2026.04.27.835",true,true,MATCH
"oneacrefund/fineract-frontend-v2","oneacrefund/fineract-frontend-v2","1.4.9.1.2026.04.29.836",true,true,MATCH
"oneacrefund/fineract-frontend-v2","oneacrefund/fineract-frontend-v2","1.4.9.1.2026.04.30.840",true,true,MATCH
"oneacrefund/fineract-frontend-v2","oneacrefund/fineract-frontend-v2","1.4.9.1.2026.05.13.844",true,true,MATCH
"oneacrefund/fineract-frontend-v2","oneacrefund/fineract-frontend-v2","1.4.9.2026.04.10.810",true,true,MATCH
"oneacrefund/fineract-frontend-v2","oneacrefund/fineract-frontend-v2","1.4.9.2026.04.14.813",true,true,MATCH
"oneacrefund/fineract-frontend-v2","oneacrefund/fineract-frontend-v2","1.4.9.2026.04.15.818",true,true,MATCH
"oneacrefund/fineract-frontend-v2","oneacrefund/fineract-frontend-v2","1.4.9.2026.04.17.825",true,true,MATCH
"oneacrefund/fineract-frontend-v2","oneacrefund/fineract-frontend-v2","1.4.9.2026.04.20.827",true,true,MATCH
"oneacrefund/fineract-frontend-v2","oneacrefund/fineract-frontend-v2","1.4.9.2026.04.22.828",true,true,MATCH
"oneacrefund/fineract-frontend-v2","oneacrefund/fineract-frontend-v2","latest",true,true,MATCH
"[SUMMARY]","oneacrefund/fineract-frontend-v2","oneacrefund/fineract-frontend-v2","ACR=63","ECR=63","MATCH=63 | MISSING_IN_ECR=0 | ECR_ONLY=0"
"oneacrefund/fleet","oneacrefund/fleet","9.3.0",true,true,MATCH
"oneacrefund/fleet","oneacrefund/fleet","9.5.0",true,true,MATCH
"oneacrefund/fleet","oneacrefund/fleet","latest",true,true,MATCH
"[SUMMARY]","oneacrefund/fleet","oneacrefund/fleet","ACR=3","ECR=3","MATCH=3 | MISSING_IN_ECR=0 | ECR_ONLY=0"
"oneacrefund/flink","oneacrefund/flink","1.0.0",true,true,MATCH
"[SUMMARY]","oneacrefund/flink","oneacrefund/flink","ACR=1","ECR=1","MATCH=1 | MISSING_IN_ECR=0 | ECR_ONLY=0"
"oneacrefund/jenkins","oneacrefund/jenkins","latest",true,true,MATCH
"[SUMMARY]","oneacrefund/jenkins","oneacrefund/jenkins","ACR=1","ECR=1","MATCH=1 | MISSING_IN_ECR=0 | ECR_ONLY=0"
"oneacrefund/k8s-elastalert","oneacrefund/k8s-elastalert","_1711a1bcb4327d6831e5dcecfa5ace9a73e292fe",true,true,MATCH
"oneacrefund/k8s-elastalert","oneacrefund/k8s-elastalert","_1b642b674095c5e4bad3d9a334d54adc775dadb3",true,true,MATCH
"oneacrefund/k8s-elastalert","oneacrefund/k8s-elastalert","_490b596a635d6f7b527b5aed90ab6a932c033584",true,true,MATCH
"oneacrefund/k8s-elastalert","oneacrefund/k8s-elastalert","_a7615192b4dad3418ebe6ce58a484a5149f872bc",true,true,MATCH
"oneacrefund/k8s-elastalert","oneacrefund/k8s-elastalert","_c48b522065b665ec50873e250f71bf42cbf2bd67",true,true,MATCH
"oneacrefund/k8s-elastalert","oneacrefund/k8s-elastalert","_e083e34e5daa95a0d78d1245915040ab3b9ab781",true,true,MATCH
"oneacrefund/k8s-elastalert","oneacrefund/k8s-elastalert","_e21241787acabeaf9a3c5297d2fb7fc106b18c2d",true,true,MATCH
"[SUMMARY]","oneacrefund/k8s-elastalert","oneacrefund/k8s-elastalert","ACR=7","ECR=7","MATCH=7 | MISSING_IN_ECR=0 | ECR_ONLY=0"
"oneacrefund/k8s-kibana","oneacrefund/k8s-kibana","v0.1.0.2026.02.04.463",true,true,MATCH
"oneacrefund/k8s-kibana","oneacrefund/k8s-kibana","v0.1.0.2026.02.04.465",true,true,MATCH
"oneacrefund/k8s-kibana","oneacrefund/k8s-kibana","v0.1.0.2026.02.04.467",true,true,MATCH
"oneacrefund/k8s-kibana","oneacrefund/k8s-kibana","v0.1.0.2026.02.04.470",true,true,MATCH
"oneacrefund/k8s-kibana","oneacrefund/k8s-kibana","v0.1.0.2026.02.05.472",true,true,MATCH
"oneacrefund/k8s-kibana","oneacrefund/k8s-kibana","v0.1.0.2026.02.05.473",true,true,MATCH
"oneacrefund/k8s-kibana","oneacrefund/k8s-kibana","v0.1.0.2026.02.06.472",true,true,MATCH
"oneacrefund/k8s-kibana","oneacrefund/k8s-kibana","v0.1.0.2026.02.06.477",true,true,MATCH
"oneacrefund/k8s-kibana","oneacrefund/k8s-kibana","v0.1.0.2026.02.06.480",true,true,MATCH
"oneacrefund/k8s-kibana","oneacrefund/k8s-kibana","v0.1.0.2026.02.07.483",true,true,MATCH
"oneacrefund/k8s-kibana","oneacrefund/k8s-kibana","v0.1.0.2026.02.07.485",true,true,MATCH
"oneacrefund/k8s-kibana","oneacrefund/k8s-kibana","v0.1.0.2026.02.07.487",true,true,MATCH
"oneacrefund/k8s-kibana","oneacrefund/k8s-kibana","v0.1.0.2026.02.07.489",true,true,MATCH
"oneacrefund/k8s-kibana","oneacrefund/k8s-kibana","v0.1.0.2026.02.07.491",true,true,MATCH
"oneacrefund/k8s-kibana","oneacrefund/k8s-kibana","v0.1.0.2026.02.08.493",true,true,MATCH
"oneacrefund/k8s-kibana","oneacrefund/k8s-kibana","v0.1.0.2026.02.09.494",true,true,MATCH
"oneacrefund/k8s-kibana","oneacrefund/k8s-kibana","v0.1.0.2026.02.09.496",true,true,MATCH
"oneacrefund/k8s-kibana","oneacrefund/k8s-kibana","v0.1.0.2026.02.09.498",true,true,MATCH
"oneacrefund/k8s-kibana","oneacrefund/k8s-kibana","v0.1.0.2026.02.09.501",true,true,MATCH
"oneacrefund/k8s-kibana","oneacrefund/k8s-kibana","v0.1.0.2026.02.10.502",true,true,MATCH
"oneacrefund/k8s-kibana","oneacrefund/k8s-kibana","v0.1.0.2026.02.10.503",true,true,MATCH
"oneacrefund/k8s-kibana","oneacrefund/k8s-kibana","v0.1.0.2026.02.10.506",true,true,MATCH
"oneacrefund/k8s-kibana","oneacrefund/k8s-kibana","v0.1.0.2026.02.10.507",true,true,MATCH
"oneacrefund/k8s-kibana","oneacrefund/k8s-kibana","v0.1.0.2026.02.10.508",true,true,MATCH
"oneacrefund/k8s-kibana","oneacrefund/k8s-kibana","v0.1.0.2026.02.10.509",true,true,MATCH
"oneacrefund/k8s-kibana","oneacrefund/k8s-kibana","v0.1.0.2026.02.10.510",true,true,MATCH
"oneacrefund/k8s-kibana","oneacrefund/k8s-kibana","v0.1.0.2026.02.10.511",true,true,MATCH
"oneacrefund/k8s-kibana","oneacrefund/k8s-kibana","v0.1.0.2026.02.11.514",true,true,MATCH
"oneacrefund/k8s-kibana","oneacrefund/k8s-kibana","v0.1.0.2026.02.13.517",true,true,MATCH
"oneacrefund/k8s-kibana","oneacrefund/k8s-kibana","v0.1.0.2026.02.17.520",true,true,MATCH
"oneacrefund/k8s-kibana","oneacrefund/k8s-kibana","v0.1.0.2026.02.17.523",true,true,MATCH
"oneacrefund/k8s-kibana","oneacrefund/k8s-kibana","v0.1.0.2026.02.17.526",true,true,MATCH
"oneacrefund/k8s-kibana","oneacrefund/k8s-kibana","v0.1.0.2026.02.17.529",true,true,MATCH
"oneacrefund/k8s-kibana","oneacrefund/k8s-kibana","v0.1.0.2026.02.17.532",true,true,MATCH
"oneacrefund/k8s-kibana","oneacrefund/k8s-kibana","v0.1.0.2026.03.10.533",true,true,MATCH
"oneacrefund/k8s-kibana","oneacrefund/k8s-kibana","v0.1.0.2026.03.10.534",true,true,MATCH
"oneacrefund/k8s-kibana","oneacrefund/k8s-kibana","v0.1.0.2026.03.23.537",true,true,MATCH
"oneacrefund/k8s-kibana","oneacrefund/k8s-kibana","v0.1.0.2026.03.23.539",true,true,MATCH
"oneacrefund/k8s-kibana","oneacrefund/k8s-kibana","v0.1.0.2026.03.24.541",true,true,MATCH
"oneacrefund/k8s-kibana","oneacrefund/k8s-kibana","v0.1.0.2026.03.25.542",true,true,MATCH
"oneacrefund/k8s-kibana","oneacrefund/k8s-kibana","v0.1.0.2026.03.25.543",true,true,MATCH
"oneacrefund/k8s-kibana","oneacrefund/k8s-kibana","v0.1.0.2026.03.25.544",true,true,MATCH
"oneacrefund/k8s-kibana","oneacrefund/k8s-kibana","v0.1.0.2026.03.25.545",true,true,MATCH
"oneacrefund/k8s-kibana","oneacrefund/k8s-kibana","v0.1.0.2026.03.25.546",true,true,MATCH
"oneacrefund/k8s-kibana","oneacrefund/k8s-kibana","v0.1.0.2026.03.25.547",true,true,MATCH
"oneacrefund/k8s-kibana","oneacrefund/k8s-kibana","v0.1.0.2026.03.25.548",true,true,MATCH
"oneacrefund/k8s-kibana","oneacrefund/k8s-kibana","v0.1.0.2026.03.25.549",true,true,MATCH
"oneacrefund/k8s-kibana","oneacrefund/k8s-kibana","v0.1.0.2026.03.25.550",true,true,MATCH
"oneacrefund/k8s-kibana","oneacrefund/k8s-kibana","v0.1.0.2026.03.25.551",true,true,MATCH
"oneacrefund/k8s-kibana","oneacrefund/k8s-kibana","v0.1.0.2026.03.25.552",true,true,MATCH
"oneacrefund/k8s-kibana","oneacrefund/k8s-kibana","v0.1.0.2026.03.31.553",true,true,MATCH
"oneacrefund/k8s-kibana","oneacrefund/k8s-kibana","v0.1.0.2026.04.01.554",true,true,MATCH
"oneacrefund/k8s-kibana","oneacrefund/k8s-kibana","v0.1.0.2026.04.01.555",true,true,MATCH
"oneacrefund/k8s-kibana","oneacrefund/k8s-kibana","v0.1.0.2026.04.01.556",true,true,MATCH
"oneacrefund/k8s-kibana","oneacrefund/k8s-kibana","v0.1.0.2026.04.01.557",true,true,MATCH
"oneacrefund/k8s-kibana","oneacrefund/k8s-kibana","v0.1.0.2026.04.01.558",true,true,MATCH
"oneacrefund/k8s-kibana","oneacrefund/k8s-kibana","v0.1.0.2026.04.01.559",true,true,MATCH
"oneacrefund/k8s-kibana","oneacrefund/k8s-kibana","v0.1.0.2026.04.01.560",true,true,MATCH
"oneacrefund/k8s-kibana","oneacrefund/k8s-kibana","v0.1.0.2026.04.01.561",true,true,MATCH
"oneacrefund/k8s-kibana","oneacrefund/k8s-kibana","v0.1.0.2026.04.01.562",true,true,MATCH
"oneacrefund/k8s-kibana","oneacrefund/k8s-kibana","v0.1.0.2026.05.05.563",true,true,MATCH
"oneacrefund/k8s-kibana","oneacrefund/k8s-kibana","v0.1.0.2026.05.05.564",true,true,MATCH
"oneacrefund/k8s-kibana","oneacrefund/k8s-kibana","v0.1.0.2026.05.05.565",true,true,MATCH
"oneacrefund/k8s-kibana","oneacrefund/k8s-kibana","v0.1.0.2026.05.05.566",true,true,MATCH
"oneacrefund/k8s-kibana","oneacrefund/k8s-kibana","v0.1.0.2026.05.05.567",true,true,MATCH
"oneacrefund/k8s-kibana","oneacrefund/k8s-kibana","v0.1.0.2026.05.05.568",true,true,MATCH
"oneacrefund/k8s-kibana","oneacrefund/k8s-kibana","v0.1.0.2026.05.11.569",true,true,MATCH
"oneacrefund/k8s-kibana","oneacrefund/k8s-kibana","v0.1.0.2026.05.11.570",true,true,MATCH
"oneacrefund/k8s-kibana","oneacrefund/k8s-kibana","v0.1.0.2026.05.11.571",true,true,MATCH
"oneacrefund/k8s-kibana","oneacrefund/k8s-kibana","v0.1.0.2026.05.11.572",true,true,MATCH
"oneacrefund/k8s-kibana","oneacrefund/k8s-kibana","v0.1.0.2026.05.11.573",true,true,MATCH
"oneacrefund/k8s-kibana","oneacrefund/k8s-kibana","v0.1.0.2026.05.11.574",true,true,MATCH
"oneacrefund/k8s-kibana","oneacrefund/k8s-kibana","v0.1.0.2026.05.11.575",true,true,MATCH
"[SUMMARY]","oneacrefund/k8s-kibana","oneacrefund/k8s-kibana","ACR=73","ECR=73","MATCH=73 | MISSING_IN_ECR=0 | ECR_ONLY=0"
"oneacrefund/k8s-logstash","oneacrefund/k8s-logstash","0122db3.2025.06.24.166",true,true,MATCH
"oneacrefund/k8s-logstash","oneacrefund/k8s-logstash","0129112.2024.10.27.129",true,true,MATCH
"oneacrefund/k8s-logstash","oneacrefund/k8s-logstash","1283001.2025.01.23.137",true,true,MATCH
"oneacrefund/k8s-logstash","oneacrefund/k8s-logstash","137e7e8.2025.03.13.151",true,true,MATCH
"oneacrefund/k8s-logstash","oneacrefund/k8s-logstash","2179f4b.2025.06.22.164",true,true,MATCH
"oneacrefund/k8s-logstash","oneacrefund/k8s-logstash","24d7167.2024.10.31.130",true,true,MATCH
"oneacrefund/k8s-logstash","oneacrefund/k8s-logstash","25622d2.2025.03.06.139",true,true,MATCH
"oneacrefund/k8s-logstash","oneacrefund/k8s-logstash","30ecc3b.2025.02.13.138",true,true,MATCH
"oneacrefund/k8s-logstash","oneacrefund/k8s-logstash","353f583.2025.06.24.167",true,true,MATCH
"oneacrefund/k8s-logstash","oneacrefund/k8s-logstash","35ef4ce.2025.03.13.150",true,true,MATCH
"oneacrefund/k8s-logstash","oneacrefund/k8s-logstash","37f0cc9.2025.06.19.159",true,true,MATCH
"oneacrefund/k8s-logstash","oneacrefund/k8s-logstash","44c84a5.2025.06.19.162",true,true,MATCH
"oneacrefund/k8s-logstash","oneacrefund/k8s-logstash","45be091.2025.06.19.160",true,true,MATCH
"oneacrefund/k8s-logstash","oneacrefund/k8s-logstash","4787003.2025.03.12.144",true,true,MATCH
"oneacrefund/k8s-logstash","oneacrefund/k8s-logstash","4f2992a.2025.10.24.174",true,true,MATCH
"oneacrefund/k8s-logstash","oneacrefund/k8s-logstash","5502c18.2025.06.03.155",true,true,MATCH
"oneacrefund/k8s-logstash","oneacrefund/k8s-logstash","5520814.2026.03.02.183",true,true,MATCH
"oneacrefund/k8s-logstash","oneacrefund/k8s-logstash","5585836.2025.10.22.172",true,true,MATCH
"oneacrefund/k8s-logstash","oneacrefund/k8s-logstash","5585836.2025.10.23.172",true,true,MATCH
"oneacrefund/k8s-logstash","oneacrefund/k8s-logstash","56ba2b2.2025.03.11.142",true,true,MATCH
"oneacrefund/k8s-logstash","oneacrefund/k8s-logstash","604ca98.2025.06.22.165",true,true,MATCH
"oneacrefund/k8s-logstash","oneacrefund/k8s-logstash","61aa288.2025.10.24.175",true,true,MATCH
"oneacrefund/k8s-logstash","oneacrefund/k8s-logstash","6a01e24.2025.03.10.140",true,true,MATCH
"oneacrefund/k8s-logstash","oneacrefund/k8s-logstash","6a9d729.2025.04.11.154",true,true,MATCH
"oneacrefund/k8s-logstash","oneacrefund/k8s-logstash","71d14cd.2025.06.11.158",true,true,MATCH
"oneacrefund/k8s-logstash","oneacrefund/k8s-logstash","7707e46.2025.10.24.173",true,true,MATCH
"oneacrefund/k8s-logstash","oneacrefund/k8s-logstash","79c0b9b.2024.11.20.132",true,true,MATCH
"oneacrefund/k8s-logstash","oneacrefund/k8s-logstash","7a3e3af.2025.03.12.146",true,true,MATCH
"oneacrefund/k8s-logstash","oneacrefund/k8s-logstash","80c7ac8.2026.01.30.182",true,true,MATCH
"oneacrefund/k8s-logstash","oneacrefund/k8s-logstash","8b3c162.2025.11.10.181",true,true,MATCH
"oneacrefund/k8s-logstash","oneacrefund/k8s-logstash","8b4f930.2025.06.05.156",true,true,MATCH
"oneacrefund/k8s-logstash","oneacrefund/k8s-logstash","974b053.2025.06.25.169",true,true,MATCH
"oneacrefund/k8s-logstash","oneacrefund/k8s-logstash","9bd689c.2024.10.31.131",true,true,MATCH
"oneacrefund/k8s-logstash","oneacrefund/k8s-logstash","9d572bb.2025.06.25.168",true,true,MATCH
"oneacrefund/k8s-logstash","oneacrefund/k8s-logstash","a1e370d.2025.01.22.135",true,true,MATCH
"oneacrefund/k8s-logstash","oneacrefund/k8s-logstash","aa9bf1d.2026.03.02.184",true,true,MATCH
"oneacrefund/k8s-logstash","oneacrefund/k8s-logstash","acb7d59.2025.06.25.170",true,true,MATCH
"oneacrefund/k8s-logstash","oneacrefund/k8s-logstash","b61af0a.2025.04.09.152",true,true,MATCH
"oneacrefund/k8s-logstash","oneacrefund/k8s-logstash","b89cfc9.2025.10.28.178",true,true,MATCH
"oneacrefund/k8s-logstash","oneacrefund/k8s-logstash","b9fd7e3.2025.01.21.134",true,true,MATCH
"oneacrefund/k8s-logstash","oneacrefund/k8s-logstash","bb86b9c.2025.03.12.145",true,true,MATCH
"oneacrefund/k8s-logstash","oneacrefund/k8s-logstash","c640824.2025.10.27.177",true,true,MATCH
"oneacrefund/k8s-logstash","oneacrefund/k8s-logstash","c9ecd97.2025.03.13.147",true,true,MATCH
"oneacrefund/k8s-logstash","oneacrefund/k8s-logstash","cba1a7e.2025.03.11.141",true,true,MATCH
"oneacrefund/k8s-logstash","oneacrefund/k8s-logstash","d0c50bb.2025.06.22.163",true,true,MATCH
"oneacrefund/k8s-logstash","oneacrefund/k8s-logstash","d2b76d7.2025.11.03.179",true,true,MATCH
"oneacrefund/k8s-logstash","oneacrefund/k8s-logstash","d60a6fa.2025.01.23.136",true,true,MATCH
"oneacrefund/k8s-logstash","oneacrefund/k8s-logstash","d6193d3.2025.11.03.180",true,true,MATCH
"oneacrefund/k8s-logstash","oneacrefund/k8s-logstash","d724d69.2025.04.10.153",true,true,MATCH
"oneacrefund/k8s-logstash","oneacrefund/k8s-logstash","d870100.2025.03.12.143",true,true,MATCH
"oneacrefund/k8s-logstash","oneacrefund/k8s-logstash","d8c40bc.2025.03.13.148",true,true,MATCH
"oneacrefund/k8s-logstash","oneacrefund/k8s-logstash","e1c32e9.2024.11.21.133",true,true,MATCH
"oneacrefund/k8s-logstash","oneacrefund/k8s-logstash","e2b887f.2025.06.10.157",true,true,MATCH
"oneacrefund/k8s-logstash","oneacrefund/k8s-logstash","e6aa249.2025.06.19.161",true,true,MATCH
"oneacrefund/k8s-logstash","oneacrefund/k8s-logstash","ef608fe.2025.03.13.149",true,true,MATCH
"oneacrefund/k8s-logstash","oneacrefund/k8s-logstash","f5eb104.2025.10.27.176",true,true,MATCH
"oneacrefund/k8s-logstash","oneacrefund/k8s-logstash","f64be26.2025.06.25.171",true,true,MATCH
"[SUMMARY]","oneacrefund/k8s-logstash","oneacrefund/k8s-logstash","ACR=57","ECR=57","MATCH=57 | MISSING_IN_ECR=0 | ECR_ONLY=0"
"oneacrefund/k8s-logstash-polling","oneacrefund/k8s-logstash-polling","0122db3.2025.06.24.166",true,true,MATCH
"oneacrefund/k8s-logstash-polling","oneacrefund/k8s-logstash-polling","0129112.2024.10.27.129",true,true,MATCH
"oneacrefund/k8s-logstash-polling","oneacrefund/k8s-logstash-polling","1283001.2025.01.23.137",true,true,MATCH
"oneacrefund/k8s-logstash-polling","oneacrefund/k8s-logstash-polling","137e7e8.2025.03.13.151",true,true,MATCH
"oneacrefund/k8s-logstash-polling","oneacrefund/k8s-logstash-polling","2179f4b.2025.06.22.164",true,true,MATCH
"oneacrefund/k8s-logstash-polling","oneacrefund/k8s-logstash-polling","24d7167.2024.10.31.130",true,true,MATCH
"oneacrefund/k8s-logstash-polling","oneacrefund/k8s-logstash-polling","25622d2.2025.03.06.139",true,true,MATCH
"oneacrefund/k8s-logstash-polling","oneacrefund/k8s-logstash-polling","30ecc3b.2025.02.13.138",true,true,MATCH
"oneacrefund/k8s-logstash-polling","oneacrefund/k8s-logstash-polling","353f583.2025.06.24.167",true,true,MATCH
"oneacrefund/k8s-logstash-polling","oneacrefund/k8s-logstash-polling","35ef4ce.2025.03.13.150",true,true,MATCH
"oneacrefund/k8s-logstash-polling","oneacrefund/k8s-logstash-polling","37f0cc9.2025.06.19.159",true,true,MATCH
"oneacrefund/k8s-logstash-polling","oneacrefund/k8s-logstash-polling","44c84a5.2025.06.19.162",true,true,MATCH
"oneacrefund/k8s-logstash-polling","oneacrefund/k8s-logstash-polling","45be091.2025.06.19.160",true,true,MATCH
"oneacrefund/k8s-logstash-polling","oneacrefund/k8s-logstash-polling","4787003.2025.03.12.144",true,true,MATCH
"oneacrefund/k8s-logstash-polling","oneacrefund/k8s-logstash-polling","4f2992a.2025.10.24.174",true,true,MATCH
"oneacrefund/k8s-logstash-polling","oneacrefund/k8s-logstash-polling","5502c18.2025.06.03.155",true,true,MATCH
"oneacrefund/k8s-logstash-polling","oneacrefund/k8s-logstash-polling","5520814.2026.03.02.183",true,true,MATCH
"oneacrefund/k8s-logstash-polling","oneacrefund/k8s-logstash-polling","5585836.2025.10.22.172",true,true,MATCH
"oneacrefund/k8s-logstash-polling","oneacrefund/k8s-logstash-polling","5585836.2025.10.23.172",true,true,MATCH
"oneacrefund/k8s-logstash-polling","oneacrefund/k8s-logstash-polling","56ba2b2.2025.03.11.142",true,true,MATCH
"oneacrefund/k8s-logstash-polling","oneacrefund/k8s-logstash-polling","604ca98.2025.06.22.165",true,true,MATCH
"oneacrefund/k8s-logstash-polling","oneacrefund/k8s-logstash-polling","61aa288.2025.10.24.175",true,true,MATCH
"oneacrefund/k8s-logstash-polling","oneacrefund/k8s-logstash-polling","6a01e24.2025.03.10.140",true,true,MATCH
"oneacrefund/k8s-logstash-polling","oneacrefund/k8s-logstash-polling","6a9d729.2025.04.11.154",true,true,MATCH
"oneacrefund/k8s-logstash-polling","oneacrefund/k8s-logstash-polling","71d14cd.2025.06.11.158",true,true,MATCH
"oneacrefund/k8s-logstash-polling","oneacrefund/k8s-logstash-polling","7707e46.2025.10.24.173",true,true,MATCH
"oneacrefund/k8s-logstash-polling","oneacrefund/k8s-logstash-polling","79c0b9b.2024.11.20.132",true,true,MATCH
"oneacrefund/k8s-logstash-polling","oneacrefund/k8s-logstash-polling","7a3e3af.2025.03.12.146",true,true,MATCH
"oneacrefund/k8s-logstash-polling","oneacrefund/k8s-logstash-polling","80c7ac8.2026.01.30.182",true,true,MATCH
"oneacrefund/k8s-logstash-polling","oneacrefund/k8s-logstash-polling","8b3c162.2025.11.10.181",true,true,MATCH
"oneacrefund/k8s-logstash-polling","oneacrefund/k8s-logstash-polling","8b4f930.2025.06.05.156",true,true,MATCH
"oneacrefund/k8s-logstash-polling","oneacrefund/k8s-logstash-polling","974b053.2025.06.25.169",true,true,MATCH
"oneacrefund/k8s-logstash-polling","oneacrefund/k8s-logstash-polling","9bd689c.2024.10.31.131",true,true,MATCH
"oneacrefund/k8s-logstash-polling","oneacrefund/k8s-logstash-polling","9d572bb.2025.06.25.168",true,true,MATCH
"oneacrefund/k8s-logstash-polling","oneacrefund/k8s-logstash-polling","a1e370d.2025.01.22.135",true,true,MATCH
"oneacrefund/k8s-logstash-polling","oneacrefund/k8s-logstash-polling","aa9bf1d.2026.03.02.184",true,true,MATCH
"oneacrefund/k8s-logstash-polling","oneacrefund/k8s-logstash-polling","acb7d59.2025.06.25.170",true,true,MATCH
"oneacrefund/k8s-logstash-polling","oneacrefund/k8s-logstash-polling","b61af0a.2025.04.09.152",true,true,MATCH
"oneacrefund/k8s-logstash-polling","oneacrefund/k8s-logstash-polling","b89cfc9.2025.10.28.178",true,true,MATCH
"oneacrefund/k8s-logstash-polling","oneacrefund/k8s-logstash-polling","b9fd7e3.2025.01.21.134",true,true,MATCH
"oneacrefund/k8s-logstash-polling","oneacrefund/k8s-logstash-polling","bb86b9c.2025.03.12.145",true,true,MATCH
"oneacrefund/k8s-logstash-polling","oneacrefund/k8s-logstash-polling","c640824.2025.10.27.177",true,true,MATCH
"oneacrefund/k8s-logstash-polling","oneacrefund/k8s-logstash-polling","c9ecd97.2025.03.13.147",true,true,MATCH
"oneacrefund/k8s-logstash-polling","oneacrefund/k8s-logstash-polling","cba1a7e.2025.03.11.141",true,true,MATCH
"oneacrefund/k8s-logstash-polling","oneacrefund/k8s-logstash-polling","d0c50bb.2025.06.22.163",true,true,MATCH
"oneacrefund/k8s-logstash-polling","oneacrefund/k8s-logstash-polling","d2b76d7.2025.11.03.179",true,true,MATCH
"oneacrefund/k8s-logstash-polling","oneacrefund/k8s-logstash-polling","d60a6fa.2025.01.23.136",true,true,MATCH
"oneacrefund/k8s-logstash-polling","oneacrefund/k8s-logstash-polling","d6193d3.2025.11.03.180",true,true,MATCH
"oneacrefund/k8s-logstash-polling","oneacrefund/k8s-logstash-polling","d724d69.2025.04.10.153",true,true,MATCH
"oneacrefund/k8s-logstash-polling","oneacrefund/k8s-logstash-polling","d870100.2025.03.12.143",true,true,MATCH
"oneacrefund/k8s-logstash-polling","oneacrefund/k8s-logstash-polling","d8c40bc.2025.03.13.148",true,true,MATCH
"oneacrefund/k8s-logstash-polling","oneacrefund/k8s-logstash-polling","e1c32e9.2024.11.21.133",true,true,MATCH
"oneacrefund/k8s-logstash-polling","oneacrefund/k8s-logstash-polling","e2b887f.2025.06.10.157",true,true,MATCH
"oneacrefund/k8s-logstash-polling","oneacrefund/k8s-logstash-polling","e6aa249.2025.06.19.161",true,true,MATCH
"oneacrefund/k8s-logstash-polling","oneacrefund/k8s-logstash-polling","ef608fe.2025.03.13.149",true,true,MATCH
"oneacrefund/k8s-logstash-polling","oneacrefund/k8s-logstash-polling","f5eb104.2025.10.27.176",true,true,MATCH
"oneacrefund/k8s-logstash-polling","oneacrefund/k8s-logstash-polling","f64be26.2025.06.25.171",true,true,MATCH
"[SUMMARY]","oneacrefund/k8s-logstash-polling","oneacrefund/k8s-logstash-polling","ACR=57","ECR=57","MATCH=57 | MISSING_IN_ECR=0 | ECR_ONLY=0"
"oneacrefund/keycloak-api","oneacrefund/keycloak-api","2985",true,true,MATCH
"oneacrefund/keycloak-api","oneacrefund/keycloak-api","2986",true,true,MATCH
"oneacrefund/keycloak-api","oneacrefund/keycloak-api","2987",true,true,MATCH
"oneacrefund/keycloak-api","oneacrefund/keycloak-api","2989",true,true,MATCH
"oneacrefund/keycloak-api","oneacrefund/keycloak-api","3001",true,true,MATCH
"oneacrefund/keycloak-api","oneacrefund/keycloak-api","3021",true,true,MATCH
"oneacrefund/keycloak-api","oneacrefund/keycloak-api","3022",true,true,MATCH
"oneacrefund/keycloak-api","oneacrefund/keycloak-api","3023",true,true,MATCH
"oneacrefund/keycloak-api","oneacrefund/keycloak-api","3024",true,true,MATCH
"oneacrefund/keycloak-api","oneacrefund/keycloak-api","3025",true,true,MATCH
"oneacrefund/keycloak-api","oneacrefund/keycloak-api","3026",true,true,MATCH
"oneacrefund/keycloak-api","oneacrefund/keycloak-api","3589",true,true,MATCH
"oneacrefund/keycloak-api","oneacrefund/keycloak-api","3640",true,true,MATCH
"oneacrefund/keycloak-api","oneacrefund/keycloak-api","3641",true,true,MATCH
"oneacrefund/keycloak-api","oneacrefund/keycloak-api","3665",true,true,MATCH
"oneacrefund/keycloak-api","oneacrefund/keycloak-api","3695",true,true,MATCH
"oneacrefund/keycloak-api","oneacrefund/keycloak-api","3808",true,true,MATCH
"oneacrefund/keycloak-api","oneacrefund/keycloak-api","3809",true,true,MATCH
"oneacrefund/keycloak-api","oneacrefund/keycloak-api","3816",true,true,MATCH
"oneacrefund/keycloak-api","oneacrefund/keycloak-api","3817",true,true,MATCH
"oneacrefund/keycloak-api","oneacrefund/keycloak-api","3818",true,true,MATCH
"oneacrefund/keycloak-api","oneacrefund/keycloak-api","3819",true,true,MATCH
"oneacrefund/keycloak-api","oneacrefund/keycloak-api","3820",true,true,MATCH
"oneacrefund/keycloak-api","oneacrefund/keycloak-api","3821",true,true,MATCH
"oneacrefund/keycloak-api","oneacrefund/keycloak-api","3833",true,true,MATCH
"oneacrefund/keycloak-api","oneacrefund/keycloak-api","3834",true,true,MATCH
"oneacrefund/keycloak-api","oneacrefund/keycloak-api","3835",true,true,MATCH
"oneacrefund/keycloak-api","oneacrefund/keycloak-api","3836",true,true,MATCH
"oneacrefund/keycloak-api","oneacrefund/keycloak-api","3837",true,true,MATCH
"oneacrefund/keycloak-api","oneacrefund/keycloak-api","3838",true,true,MATCH
"oneacrefund/keycloak-api","oneacrefund/keycloak-api","3839",true,true,MATCH
"oneacrefund/keycloak-api","oneacrefund/keycloak-api","3840",true,true,MATCH
"oneacrefund/keycloak-api","oneacrefund/keycloak-api","3841",true,true,MATCH
"oneacrefund/keycloak-api","oneacrefund/keycloak-api","3842",true,true,MATCH
"oneacrefund/keycloak-api","oneacrefund/keycloak-api","3843",true,true,MATCH
"oneacrefund/keycloak-api","oneacrefund/keycloak-api","3844",true,true,MATCH
"oneacrefund/keycloak-api","oneacrefund/keycloak-api","3845",true,true,MATCH
"oneacrefund/keycloak-api","oneacrefund/keycloak-api","3846",true,true,MATCH
"oneacrefund/keycloak-api","oneacrefund/keycloak-api","3891",true,true,MATCH
"oneacrefund/keycloak-api","oneacrefund/keycloak-api","3892",true,true,MATCH
"oneacrefund/keycloak-api","oneacrefund/keycloak-api","3914",true,true,MATCH
"oneacrefund/keycloak-api","oneacrefund/keycloak-api","3919",true,true,MATCH
"oneacrefund/keycloak-api","oneacrefund/keycloak-api","3921",true,true,MATCH
"oneacrefund/keycloak-api","oneacrefund/keycloak-api","3927",true,true,MATCH
"oneacrefund/keycloak-api","oneacrefund/keycloak-api","3928",true,true,MATCH
"oneacrefund/keycloak-api","oneacrefund/keycloak-api","3931",true,true,MATCH
"oneacrefund/keycloak-api","oneacrefund/keycloak-api","3934",true,true,MATCH
"oneacrefund/keycloak-api","oneacrefund/keycloak-api","3936",true,true,MATCH
"oneacrefund/keycloak-api","oneacrefund/keycloak-api","3937",true,true,MATCH
"oneacrefund/keycloak-api","oneacrefund/keycloak-api","3938",true,true,MATCH
"oneacrefund/keycloak-api","oneacrefund/keycloak-api","3941",true,true,MATCH
"oneacrefund/keycloak-api","oneacrefund/keycloak-api","3943",true,true,MATCH
"oneacrefund/keycloak-api","oneacrefund/keycloak-api","3944",true,true,MATCH
"oneacrefund/keycloak-api","oneacrefund/keycloak-api","3949",true,true,MATCH
"oneacrefund/keycloak-api","oneacrefund/keycloak-api","3962",true,true,MATCH
"oneacrefund/keycloak-api","oneacrefund/keycloak-api","3964",true,true,MATCH
"oneacrefund/keycloak-api","oneacrefund/keycloak-api","3965",true,true,MATCH
"oneacrefund/keycloak-api","oneacrefund/keycloak-api","3967",true,true,MATCH
"oneacrefund/keycloak-api","oneacrefund/keycloak-api","4091",true,true,MATCH
"oneacrefund/keycloak-api","oneacrefund/keycloak-api","4092",true,true,MATCH
"oneacrefund/keycloak-api","oneacrefund/keycloak-api","4188",true,true,MATCH
"oneacrefund/keycloak-api","oneacrefund/keycloak-api","4246",true,true,MATCH
"oneacrefund/keycloak-api","oneacrefund/keycloak-api","4257",true,true,MATCH
"oneacrefund/keycloak-api","oneacrefund/keycloak-api","4266",true,true,MATCH
"oneacrefund/keycloak-api","oneacrefund/keycloak-api","4267",true,true,MATCH
"oneacrefund/keycloak-api","oneacrefund/keycloak-api","4271",true,true,MATCH
"oneacrefund/keycloak-api","oneacrefund/keycloak-api","4272",true,true,MATCH
"[SUMMARY]","oneacrefund/keycloak-api","oneacrefund/keycloak-api","ACR=67","ECR=67","MATCH=67 | MISSING_IN_ECR=0 | ECR_ONLY=0"
"oneacrefund/keycloak-themes","oneacrefund/keycloak-themes","_04360c0fce94ca639d5850d7136b907293cde394",true,true,MATCH
"oneacrefund/keycloak-themes","oneacrefund/keycloak-themes","_0849fc63b0635146cc974191c03557bf29e9906a",true,true,MATCH
"oneacrefund/keycloak-themes","oneacrefund/keycloak-themes","_0a5574fe670b17cfb6a30c4e160f926e32a86386",true,true,MATCH
"oneacrefund/keycloak-themes","oneacrefund/keycloak-themes","_151cf4f3b1f8e1cb6b790878a0d0a2282138913a",true,true,MATCH
"oneacrefund/keycloak-themes","oneacrefund/keycloak-themes","_1fe15fd820143cd3de707fe5874fa04b9be06f7a",true,true,MATCH
"oneacrefund/keycloak-themes","oneacrefund/keycloak-themes","_24049feec3f8d5576b79c73c4c0f4b50c928e07d",true,true,MATCH
"oneacrefund/keycloak-themes","oneacrefund/keycloak-themes","_2a559d5a970014456674815244a949f3d20dccec",true,true,MATCH
"oneacrefund/keycloak-themes","oneacrefund/keycloak-themes","_2a9bc228329dad4ee4a53950fe56ed7e8fd51a90",true,true,MATCH
"oneacrefund/keycloak-themes","oneacrefund/keycloak-themes","_2cfd84be399bcabe64dfc0982ca7171939f173a1",true,true,MATCH
"oneacrefund/keycloak-themes","oneacrefund/keycloak-themes","_2e2d4193e2dad73d7607c52c93528a7b2bdbd89e",true,true,MATCH
"oneacrefund/keycloak-themes","oneacrefund/keycloak-themes","_34950450a47c01abe3561b58e02c8373917100e0",true,true,MATCH
"oneacrefund/keycloak-themes","oneacrefund/keycloak-themes","_3bc1ac923b90e61226661bad4db8f76b254c8c87",true,true,MATCH
"oneacrefund/keycloak-themes","oneacrefund/keycloak-themes","_433625074b27ab26287cf7abc4bd55adcae7c622",true,true,MATCH
"oneacrefund/keycloak-themes","oneacrefund/keycloak-themes","_4832b075b7aa99d11242fdab49ea138f9972805f",true,true,MATCH
"oneacrefund/keycloak-themes","oneacrefund/keycloak-themes","_4cc27c0eee1189eb62af3ac1071c3f2e5a10e7dc",true,true,MATCH
"oneacrefund/keycloak-themes","oneacrefund/keycloak-themes","_4ec77411a9f17894b4b169aeaf209e29e1022112",true,true,MATCH
"oneacrefund/keycloak-themes","oneacrefund/keycloak-themes","_4fdc8db071666cb9c43a0a63124bebee5267217f",true,true,MATCH
"oneacrefund/keycloak-themes","oneacrefund/keycloak-themes","_5ad7dbb5e43bc988e19d4ad9581393a53a9b9b57",true,true,MATCH
"oneacrefund/keycloak-themes","oneacrefund/keycloak-themes","_5dea36c03b6c7a339436921faff7bb4cadd4ab45",true,true,MATCH
"oneacrefund/keycloak-themes","oneacrefund/keycloak-themes","_6bdbb25d1f8ea9d12bc94cdfbf8e285597937782",true,true,MATCH
"oneacrefund/keycloak-themes","oneacrefund/keycloak-themes","_75718dabd4e360f2d4fbb52394b4d50e13df546e",true,true,MATCH
"oneacrefund/keycloak-themes","oneacrefund/keycloak-themes","_779fcfd2336da81f6f5f0418ed0f814db4b45e53",true,true,MATCH
"oneacrefund/keycloak-themes","oneacrefund/keycloak-themes","_7a061cbd1fa952e565399a2156f5c7d371ad29e3",true,true,MATCH
"oneacrefund/keycloak-themes","oneacrefund/keycloak-themes","_7a60a19f7f1e03c4d7d439acba46817d6e3de1a6",true,true,MATCH
"oneacrefund/keycloak-themes","oneacrefund/keycloak-themes","_7d5446ed8462bb3b6aaf26e72297572c1885ef09",true,true,MATCH
"oneacrefund/keycloak-themes","oneacrefund/keycloak-themes","_828d8309905f9224e88bca80c2c6d6c59953c549",true,true,MATCH
"oneacrefund/keycloak-themes","oneacrefund/keycloak-themes","_83a754c9e26c56293702dd0e07530d6b50df014e",true,true,MATCH
"oneacrefund/keycloak-themes","oneacrefund/keycloak-themes","_8c6882e142f943cea300a77b10b51219381342ad",true,true,MATCH
"oneacrefund/keycloak-themes","oneacrefund/keycloak-themes","_8e37e77ffd1f816e3ddd2ae8ed3586f12893e148",true,true,MATCH
"oneacrefund/keycloak-themes","oneacrefund/keycloak-themes","_92af6f084a25a86c05f7a4f8e48109732184a3dd",true,true,MATCH
"oneacrefund/keycloak-themes","oneacrefund/keycloak-themes","_9f29ae2fe53f7a82f72b969949ae23ae17982814",true,true,MATCH
"oneacrefund/keycloak-themes","oneacrefund/keycloak-themes","_a068426ad983b93771579482ebcab03ad4fa009f",true,true,MATCH
"oneacrefund/keycloak-themes","oneacrefund/keycloak-themes","_a446bdda9ece3fe9791de3c792a37c7e9cf62e3d",true,true,MATCH
"oneacrefund/keycloak-themes","oneacrefund/keycloak-themes","_accf71c7c04e8c570819bc12c6f7700614ae6cce",true,true,MATCH
"oneacrefund/keycloak-themes","oneacrefund/keycloak-themes","_ad584e3c8d5a7b8036530f58079f37091a93f7cb",true,true,MATCH
"oneacrefund/keycloak-themes","oneacrefund/keycloak-themes","_b25cb5f6e963a0a64b356ffec230ecba20c8acf7",true,true,MATCH
"oneacrefund/keycloak-themes","oneacrefund/keycloak-themes","_b4a89f39292cd898a1e85a7dc6b562e61ec8f42b",true,true,MATCH
"oneacrefund/keycloak-themes","oneacrefund/keycloak-themes","_b7b5cb48c49e74e05a0f681e7bb8dc181a4c28ad",true,true,MATCH
"oneacrefund/keycloak-themes","oneacrefund/keycloak-themes","_b8b456fbe3beaa6f67cd1c665415060accf825b3",true,true,MATCH
"oneacrefund/keycloak-themes","oneacrefund/keycloak-themes","_b9973234d230437374906cdf7609051880479f97",true,true,MATCH
"oneacrefund/keycloak-themes","oneacrefund/keycloak-themes","_bc93027fbe2317348ad10a04ddc674bc2ac88761",true,true,MATCH
"oneacrefund/keycloak-themes","oneacrefund/keycloak-themes","_c2b03df36ad7e47dfa81b18728dfc0908ca1c2cf",true,true,MATCH
"oneacrefund/keycloak-themes","oneacrefund/keycloak-themes","_c7d498282e6d6abd2fd703b20a7a471165f7dce2",true,true,MATCH
"oneacrefund/keycloak-themes","oneacrefund/keycloak-themes","_cdf0eacee3798c3a008cf4f1e2c20c306e1c9866",true,true,MATCH
"oneacrefund/keycloak-themes","oneacrefund/keycloak-themes","_cdf612f165fc849e50ebee0dbec0f530c0952889",true,true,MATCH
"oneacrefund/keycloak-themes","oneacrefund/keycloak-themes","_d7b44b9a38c146d80fd6e92031c6d68affbc89b6",true,true,MATCH
"oneacrefund/keycloak-themes","oneacrefund/keycloak-themes","_d8a052e215cf7e0f894009701b3141a057344ba0",true,true,MATCH
"oneacrefund/keycloak-themes","oneacrefund/keycloak-themes","_ddc2af6e3d09b375472a526b07227d0f62597399",true,true,MATCH
"oneacrefund/keycloak-themes","oneacrefund/keycloak-themes","_e473e842baf98380a7dce87ee7920c08808a8ca3",true,true,MATCH
"oneacrefund/keycloak-themes","oneacrefund/keycloak-themes","_e737e8f65c27824c14efb0065e630bbae90f8e67",true,true,MATCH
"oneacrefund/keycloak-themes","oneacrefund/keycloak-themes","_e80dd63ab43b60db3cbbf3f3a3d48357267d13c2",true,true,MATCH
"oneacrefund/keycloak-themes","oneacrefund/keycloak-themes","_ee94aebac6415687e43ac0e9c8e6e88661131bf4",true,true,MATCH
"oneacrefund/keycloak-themes","oneacrefund/keycloak-themes","_eee9ca9126eee96f472dbce104279296cb881f21",true,true,MATCH
"oneacrefund/keycloak-themes","oneacrefund/keycloak-themes","_fc48facdf1bc5d28fd51c6cf84dcd61197b16619",true,true,MATCH
"oneacrefund/keycloak-themes","oneacrefund/keycloak-themes","latest",true,true,MATCH
"oneacrefund/keycloak-themes","oneacrefund/keycloak-themes","v1.0.0.2024.09.27",true,true,MATCH
"oneacrefund/keycloak-themes","oneacrefund/keycloak-themes","v1.0.0.2025.08.13",true,true,MATCH
"oneacrefund/keycloak-themes","oneacrefund/keycloak-themes","v1.0.0.2025.09.09",true,true,MATCH
"oneacrefund/keycloak-themes","oneacrefund/keycloak-themes","v1.0.0.2025.09.11",true,true,MATCH
"oneacrefund/keycloak-themes","oneacrefund/keycloak-themes","v1.0.0.2026.02.12",true,true,MATCH
"[SUMMARY]","oneacrefund/keycloak-themes","oneacrefund/keycloak-themes","ACR=60","ECR=60","MATCH=60 | MISSING_IN_ECR=0 | ECR_ONLY=0"
"oneacrefund/kibana","oneacrefund/kibana","7.17.28.2025.07.16.47",true,true,MATCH
"oneacrefund/kibana","oneacrefund/kibana","7.17.28.2025.07.16.48",true,true,MATCH
"oneacrefund/kibana","oneacrefund/kibana","7.17.28.2025.07.16.49",true,true,MATCH
"oneacrefund/kibana","oneacrefund/kibana","7.17.28.2025.07.16.50",true,true,MATCH
"oneacrefund/kibana","oneacrefund/kibana","7.17.28.2025.07.16.51",true,true,MATCH
"oneacrefund/kibana","oneacrefund/kibana","7.17.28.2025.07.29.53",true,true,MATCH
"oneacrefund/kibana","oneacrefund/kibana","7.17.28.2025.08.05.56",true,true,MATCH
"oneacrefund/kibana","oneacrefund/kibana","7.17.28.2025.08.06.57",true,true,MATCH
"oneacrefund/kibana","oneacrefund/kibana","7.17.28.2025.08.12.58",true,true,MATCH
"oneacrefund/kibana","oneacrefund/kibana","7.17.28.2025.08.12.59",true,true,MATCH
"oneacrefund/kibana","oneacrefund/kibana","7.17.28.2025.08.12.61",true,true,MATCH
"oneacrefund/kibana","oneacrefund/kibana","7.17.28.2025.08.13.62",true,true,MATCH
"oneacrefund/kibana","oneacrefund/kibana","7.17.28.2025.08.13.63",true,true,MATCH
"oneacrefund/kibana","oneacrefund/kibana","7.17.28.2025.08.18.65",true,true,MATCH
"oneacrefund/kibana","oneacrefund/kibana","7.17.29.2025.08.18.67",true,true,MATCH
"oneacrefund/kibana","oneacrefund/kibana","7.17.29.2025.10.07.68",true,true,MATCH
"oneacrefund/kibana","oneacrefund/kibana","7.17.6",true,true,MATCH
"oneacrefund/kibana","oneacrefund/kibana","7.17.6.2025.04.17.30",true,true,MATCH
"oneacrefund/kibana","oneacrefund/kibana","7.17.6.2025.04.28.31",true,true,MATCH
"oneacrefund/kibana","oneacrefund/kibana","7.17.6.2025.05.05.32",true,true,MATCH
"oneacrefund/kibana","oneacrefund/kibana","7.17.6.2025.05.05.33",true,true,MATCH
"oneacrefund/kibana","oneacrefund/kibana","7.17.6.2025.05.17.35",true,true,MATCH
"oneacrefund/kibana","oneacrefund/kibana","7.17.6.2025.06.08.36",true,true,MATCH
"oneacrefund/kibana","oneacrefund/kibana","7.17.6.2025.07.14.37",true,true,MATCH
"oneacrefund/kibana","oneacrefund/kibana","7.17.6.2025.07.14.38",true,true,MATCH
"oneacrefund/kibana","oneacrefund/kibana","7.17.6.2025.07.14.39",true,true,MATCH
"oneacrefund/kibana","oneacrefund/kibana","7.17.6.2025.07.15.40",true,true,MATCH
"oneacrefund/kibana","oneacrefund/kibana","7.17.6.2025.07.15.41",true,true,MATCH
"oneacrefund/kibana","oneacrefund/kibana","7.17.6.2025.07.15.42",true,true,MATCH
"oneacrefund/kibana","oneacrefund/kibana","7.17.6.2025.07.15.43",true,true,MATCH
"oneacrefund/kibana","oneacrefund/kibana","7.17.6.2025.07.15.44",true,true,MATCH
"oneacrefund/kibana","oneacrefund/kibana","latest",true,true,MATCH
"[SUMMARY]","oneacrefund/kibana","oneacrefund/kibana","ACR=32","ECR=32","MATCH=32 | MISSING_IN_ECR=0 | ECR_ONLY=0"
"oneacrefund/knowi-agent","oneacrefund/knowi-agent","3352",true,true,MATCH
"oneacrefund/knowi-agent","oneacrefund/knowi-agent","3353",true,true,MATCH
"[SUMMARY]","oneacrefund/knowi-agent","oneacrefund/knowi-agent","ACR=2","ECR=2","MATCH=2 | MISSING_IN_ECR=0 | ECR_ONLY=0"
"oneacrefund/logistics-app","oneacrefund/logistics-app","0a67040.2024.03.10",true,true,MATCH
"oneacrefund/logistics-app","oneacrefund/logistics-app","44e1d42.2024.07.30",true,true,MATCH
"oneacrefund/logistics-app","oneacrefund/logistics-app","4c6df3e.2024.08.15",true,true,MATCH
"oneacrefund/logistics-app","oneacrefund/logistics-app","4c6df3e.2024.08.16",true,true,MATCH
"oneacrefund/logistics-app","oneacrefund/logistics-app","_0203fda929b1734064c8ec6b8b8f288b8f282470",true,true,MATCH
"oneacrefund/logistics-app","oneacrefund/logistics-app","_0931d76b2a63c397a761fbdbc6ffc06c021badb7",true,true,MATCH
"oneacrefund/logistics-app","oneacrefund/logistics-app","_0a670400a96fa96b062a9095725afceeca9390f6",true,true,MATCH
"oneacrefund/logistics-app","oneacrefund/logistics-app","_149e01862dd59047b7737e03cd15371be05ad1f5",true,true,MATCH
"oneacrefund/logistics-app","oneacrefund/logistics-app","_15ebce3cdd888187c18a4014806ae87381504536",true,true,MATCH
"oneacrefund/logistics-app","oneacrefund/logistics-app","_1eb6087c70c51a4955c87ab4c90366a7afb227ce",true,true,MATCH
"oneacrefund/logistics-app","oneacrefund/logistics-app","_27aa5ea93c325a811ddf1c81eb72986b4c982674",true,true,MATCH
"oneacrefund/logistics-app","oneacrefund/logistics-app","_2a959f2989f1449474b1b4e1a453afbed2c32152",true,true,MATCH
"oneacrefund/logistics-app","oneacrefund/logistics-app","_3112de17c9871b5e8480bfc6b8736873a010b041",true,true,MATCH
"oneacrefund/logistics-app","oneacrefund/logistics-app","_3329d5428080ccdb4593c42b250a64f89c18df47",true,true,MATCH
"oneacrefund/logistics-app","oneacrefund/logistics-app","_3616cb3b313b3a6c000683692b9997c8cc473c47",true,true,MATCH
"oneacrefund/logistics-app","oneacrefund/logistics-app","_3b1ede8cc7c67884d12ef33cf181550b166569ab",true,true,MATCH
"oneacrefund/logistics-app","oneacrefund/logistics-app","_446fa7b17460d08b56c0566775856e1af0cfb129",true,true,MATCH
"oneacrefund/logistics-app","oneacrefund/logistics-app","_44e1d427a995ab9693d3b9de5e8c3999e1589c72",true,true,MATCH
"oneacrefund/logistics-app","oneacrefund/logistics-app","_4c6df3eda55dd3991fccf3916cd377a59862461e",true,true,MATCH
"oneacrefund/logistics-app","oneacrefund/logistics-app","_50681e8a292b70729165cafd47e75cc77517bdef",true,true,MATCH
"oneacrefund/logistics-app","oneacrefund/logistics-app","_732889c7e60cd282867decc1e1d63566119602eb",true,true,MATCH
"oneacrefund/logistics-app","oneacrefund/logistics-app","_757835c7cf34b6c44ac2b50f02b969b888a5d3ea",true,true,MATCH
"oneacrefund/logistics-app","oneacrefund/logistics-app","_89152eab3c39e16aec0a3dc2ac5a97561c942169",true,true,MATCH
"oneacrefund/logistics-app","oneacrefund/logistics-app","_a7fc78eca79d12e8e9e513df206f3c6c1b3e0d80",true,true,MATCH
"oneacrefund/logistics-app","oneacrefund/logistics-app","_b8aea9d517080d56b79679e39c8b5183e7606c1d",true,true,MATCH
"oneacrefund/logistics-app","oneacrefund/logistics-app","_c1c124fc82ae6e469c4bea0af1cff8f7d700bbd9",true,true,MATCH
"oneacrefund/logistics-app","oneacrefund/logistics-app","_ca0ea0c0761031208858466783bb03572cb73656",true,true,MATCH
"oneacrefund/logistics-app","oneacrefund/logistics-app","_cd0bf5086260174b6917ed2d04da4f2ddfa7faf8",true,true,MATCH
"oneacrefund/logistics-app","oneacrefund/logistics-app","_d006e00271fbf11b3020268d581c48526158e006",true,true,MATCH
"oneacrefund/logistics-app","oneacrefund/logistics-app","_d3cdf6f470124631f778f99e5918bfe24f79c98c",true,true,MATCH
"oneacrefund/logistics-app","oneacrefund/logistics-app","_d56c6256efa07803e333c570b74cbe4f375f2e5e",true,true,MATCH
"oneacrefund/logistics-app","oneacrefund/logistics-app","_d6461536437edd96caa16d31b349c35325029e85",true,true,MATCH
"oneacrefund/logistics-app","oneacrefund/logistics-app","_eb7a0d83792bf70b2437318f3fe95c6a7bf240db",true,true,MATCH
"oneacrefund/logistics-app","oneacrefund/logistics-app","_f3ff2b2dbc5c6dcd1d03025272472f9d02e15409",true,true,MATCH
"oneacrefund/logistics-app","oneacrefund/logistics-app","_f9727d0647e4080d2d4b312739993f6e9bc5eb38",true,true,MATCH
"oneacrefund/logistics-app","oneacrefund/logistics-app","_fc9c3cb7e038d7f15232000291276b5e0e7c1efb",true,true,MATCH
"oneacrefund/logistics-app","oneacrefund/logistics-app","b8aea9d.2024.07.30",true,true,MATCH
"oneacrefund/logistics-app","oneacrefund/logistics-app","d646153.2024.03.10",true,true,MATCH
"oneacrefund/logistics-app","oneacrefund/logistics-app","eb7a0d8.2024.04.02",true,true,MATCH
"oneacrefund/logistics-app","oneacrefund/logistics-app","fc9c3cb.2024.07.30",true,true,MATCH
"[SUMMARY]","oneacrefund/logistics-app","oneacrefund/logistics-app","ACR=40","ECR=40","MATCH=40 | MISSING_IN_ECR=0 | ECR_ONLY=0"
"oneacrefund/logstash","oneacrefund/logstash","7.10.1",true,true,MATCH
"oneacrefund/logstash","oneacrefund/logstash","7.11.1",true,true,MATCH
"oneacrefund/logstash","oneacrefund/logstash","7.6.2",true,true,MATCH
"oneacrefund/logstash","oneacrefund/logstash","7.8.0",true,true,MATCH
"oneacrefund/logstash","oneacrefund/logstash","7.9.1",true,true,MATCH
"oneacrefund/logstash","oneacrefund/logstash","7.9.3",true,true,MATCH
"oneacrefund/logstash","oneacrefund/logstash","7.91",true,true,MATCH
"oneacrefund/logstash","oneacrefund/logstash","latest",true,true,MATCH
"[SUMMARY]","oneacrefund/logstash","oneacrefund/logstash","ACR=8","ECR=8","MATCH=8 | MISSING_IN_ECR=0 | ECR_ONLY=0"
"oneacrefund/master-data-odoo-consumer","oneacrefund/master-data-odoo-consumer","20240122.1",true,true,MATCH
"[SUMMARY]","oneacrefund/master-data-odoo-consumer","oneacrefund/master-data-odoo-consumer","ACR=1","ECR=1","MATCH=1 | MISSING_IN_ECR=0 | ECR_ONLY=0"
"oneacrefund/message-gateway","oneacrefund/message-gateway","1.0.2-mifos-1.0.0.2024.11.07.85",true,true,MATCH
"oneacrefund/message-gateway","oneacrefund/message-gateway","1.0.2-mifos-1.0.0.2024.11.08.86",true,true,MATCH
"oneacrefund/message-gateway","oneacrefund/message-gateway","1.0.2-mifos-1.0.0.2024.11.09.87",true,true,MATCH
"oneacrefund/message-gateway","oneacrefund/message-gateway","1.0.2-mifos-1.0.0.2024.11.10.88",true,true,MATCH
"oneacrefund/message-gateway","oneacrefund/message-gateway","1.0.2-mifos-1.0.0.2024.11.11.89",true,true,MATCH
"oneacrefund/message-gateway","oneacrefund/message-gateway","1.0.2-mifos-1.0.0.2024.11.12.90",true,true,MATCH
"oneacrefund/message-gateway","oneacrefund/message-gateway","1.0.2-mifos-1.0.0.2024.11.13.91",true,true,MATCH
"oneacrefund/message-gateway","oneacrefund/message-gateway","1.0.2-mifos-1.0.0.2024.11.14.92",true,true,MATCH
"oneacrefund/message-gateway","oneacrefund/message-gateway","1.0.2-mifos-1.0.0.2024.11.15.93",true,true,MATCH
"oneacrefund/message-gateway","oneacrefund/message-gateway","1.0.2-mifos-1.0.0.2024.11.16.94",true,true,MATCH
"oneacrefund/message-gateway","oneacrefund/message-gateway","1.0.2-mifos-1.0.0.2024.11.17.95",true,true,MATCH
"oneacrefund/message-gateway","oneacrefund/message-gateway","1.0.2-mifos-1.0.0.2024.11.18.96",true,true,MATCH
"oneacrefund/message-gateway","oneacrefund/message-gateway","1.0.2-mifos-1.0.0.2024.11.19.97",true,true,MATCH
"oneacrefund/message-gateway","oneacrefund/message-gateway","1.0.2-mifos-1.0.0.2024.11.20.98",true,true,MATCH
"oneacrefund/message-gateway","oneacrefund/message-gateway","1.0.2-mifos-1.0.0.2024.11.21.99",true,true,MATCH
"oneacrefund/message-gateway","oneacrefund/message-gateway","1.0.2-mifos-1.0.0.2024.11.22.100",true,true,MATCH
"oneacrefund/message-gateway","oneacrefund/message-gateway","1.0.2-mifos-1.0.0.2024.11.23.101",true,true,MATCH
"oneacrefund/message-gateway","oneacrefund/message-gateway","1.0.2-mifos-1.0.0.2024.11.24.102",true,true,MATCH
"oneacrefund/message-gateway","oneacrefund/message-gateway","1.0.2-mifos-1.0.0.2024.11.25.103",true,true,MATCH
"oneacrefund/message-gateway","oneacrefund/message-gateway","1.0.2-mifos-1.0.0.2024.11.26.104",true,true,MATCH
"oneacrefund/message-gateway","oneacrefund/message-gateway","1.0.2-mifos-1.0.0.2024.11.27.105",true,true,MATCH
"oneacrefund/message-gateway","oneacrefund/message-gateway","1.0.2-mifos-1.0.0.2024.11.28.106",true,true,MATCH
"oneacrefund/message-gateway","oneacrefund/message-gateway","1.0.2-mifos-1.0.0.2024.11.29.107",true,true,MATCH
"oneacrefund/message-gateway","oneacrefund/message-gateway","1.0.2-mifos-1.0.0.2024.11.30.108",true,true,MATCH
"oneacrefund/message-gateway","oneacrefund/message-gateway","1.0.2-mifos-1.0.0.2024.12.01.109",true,true,MATCH
"oneacrefund/message-gateway","oneacrefund/message-gateway","1.0.2-mifos-1.0.0.2024.12.02.110",true,true,MATCH
"oneacrefund/message-gateway","oneacrefund/message-gateway","1.0.2-mifos-1.0.0.2024.12.03.111",true,true,MATCH
"oneacrefund/message-gateway","oneacrefund/message-gateway","1.0.2-mifos-1.0.0.2024.12.04.112",true,true,MATCH
"oneacrefund/message-gateway","oneacrefund/message-gateway","1.0.2-mifos-1.0.0.2024.12.05.113",true,true,MATCH
"oneacrefund/message-gateway","oneacrefund/message-gateway","1.0.2-mifos-1.0.0.2024.12.06.114",true,true,MATCH
"oneacrefund/message-gateway","oneacrefund/message-gateway","1.0.2-mifos-1.0.0.2024.12.07.115",true,true,MATCH
"oneacrefund/message-gateway","oneacrefund/message-gateway","1.0.2-mifos-1.0.0.2024.12.08.116",true,true,MATCH
"oneacrefund/message-gateway","oneacrefund/message-gateway","1.0.2-mifos-1.0.0.2024.12.09.117",true,true,MATCH
"oneacrefund/message-gateway","oneacrefund/message-gateway","1.0.2-mifos-1.0.0.2024.12.10.118",true,true,MATCH
"oneacrefund/message-gateway","oneacrefund/message-gateway","1.0.2-mifos-1.0.0.2024.12.11.119",true,true,MATCH
"oneacrefund/message-gateway","oneacrefund/message-gateway","1.0.2-mifos-1.0.0.2024.12.12.120",true,true,MATCH
"oneacrefund/message-gateway","oneacrefund/message-gateway","1.0.2-mifos-1.0.0.2024.12.13.121",true,true,MATCH
"oneacrefund/message-gateway","oneacrefund/message-gateway","1.0.2-mifos-1.0.0.2024.12.14.122",true,true,MATCH
"oneacrefund/message-gateway","oneacrefund/message-gateway","1.0.2-mifos-1.0.0.2024.12.15.123",true,true,MATCH
"oneacrefund/message-gateway","oneacrefund/message-gateway","1.0.2-mifos-1.0.0.2024.12.16.124",true,true,MATCH
"oneacrefund/message-gateway","oneacrefund/message-gateway","1.0.2-mifos-1.0.0.2024.12.17.125",true,true,MATCH
"oneacrefund/message-gateway","oneacrefund/message-gateway","1.0.2-mifos-1.0.0.2024.12.18.126",true,true,MATCH
"oneacrefund/message-gateway","oneacrefund/message-gateway","1.0.2-mifos-1.0.0.2024.12.19.127",true,true,MATCH
"oneacrefund/message-gateway","oneacrefund/message-gateway","1.0.2-mifos-1.0.0.2024.12.20.128",true,true,MATCH
"oneacrefund/message-gateway","oneacrefund/message-gateway","1.0.2-mifos-1.0.0.2024.12.21.129",true,true,MATCH
"oneacrefund/message-gateway","oneacrefund/message-gateway","1.0.2-mifos-1.0.0.2024.12.22.130",true,true,MATCH
"oneacrefund/message-gateway","oneacrefund/message-gateway","1.0.2-mifos-1.0.0.2024.12.23.131",true,true,MATCH
"oneacrefund/message-gateway","oneacrefund/message-gateway","1.0.2-mifos-1.0.0.2024.12.24.132",true,true,MATCH
"oneacrefund/message-gateway","oneacrefund/message-gateway","1.0.2-mifos-1.0.0.2024.12.25.133",true,true,MATCH
"oneacrefund/message-gateway","oneacrefund/message-gateway","1.0.2-mifos-1.0.0.2024.12.26.134",true,true,MATCH
"oneacrefund/message-gateway","oneacrefund/message-gateway","1.0.2-mifos-1.0.0.2024.12.27.135",true,true,MATCH
"oneacrefund/message-gateway","oneacrefund/message-gateway","1.0.2-mifos-1.0.0.2024.12.28.136",true,true,MATCH
"oneacrefund/message-gateway","oneacrefund/message-gateway","1.0.2-mifos-1.0.0.2024.12.29.137",true,true,MATCH
"oneacrefund/message-gateway","oneacrefund/message-gateway","1.0.2-mifos-1.0.0.2024.12.30.138",true,true,MATCH
"oneacrefund/message-gateway","oneacrefund/message-gateway","1.0.2-mifos-1.0.0.2024.12.31.139",true,true,MATCH
"oneacrefund/message-gateway","oneacrefund/message-gateway","1.0.2-mifos-1.0.0.2025.01.01.140",true,true,MATCH
"oneacrefund/message-gateway","oneacrefund/message-gateway","1.0.2-mifos-1.0.0.2025.01.02.141",true,true,MATCH
"oneacrefund/message-gateway","oneacrefund/message-gateway","1.0.2-mifos-1.0.0.2025.01.03.142",true,true,MATCH
"oneacrefund/message-gateway","oneacrefund/message-gateway","1.0.2-mifos-1.0.0.2025.01.04.143",true,true,MATCH
"oneacrefund/message-gateway","oneacrefund/message-gateway","1.0.2-mifos-1.0.0.2025.01.05.144",true,true,MATCH
"[SUMMARY]","oneacrefund/message-gateway","oneacrefund/message-gateway","ACR=60","ECR=60","MATCH=60 | MISSING_IN_ECR=0 | ECR_ONLY=0"
"oneacrefund/metabase","oneacrefund/metabase","_2ce3b3094e7976596b0c2f6c547581a272be7ea5",true,true,MATCH
"[SUMMARY]","oneacrefund/metabase","oneacrefund/metabase","ACR=1","ECR=1","MATCH=1 | MISSING_IN_ECR=0 | ECR_ONLY=0"
"oneacrefund/mpesa-connector","oneacrefund/mpesa-connector","1.0.0",true,true,MATCH
"oneacrefund/mpesa-connector","oneacrefund/mpesa-connector","1.0.0.2023.08.11.2",true,true,MATCH
"oneacrefund/mpesa-connector","oneacrefund/mpesa-connector","1.1.0",true,true,MATCH
"oneacrefund/mpesa-connector","oneacrefund/mpesa-connector","1.1.0.2023.10.23.1",true,true,MATCH
"oneacrefund/mpesa-connector","oneacrefund/mpesa-connector","1.1.1",true,true,MATCH
"oneacrefund/mpesa-connector","oneacrefund/mpesa-connector","1.1.1.2023.11.08.1",true,true,MATCH
"oneacrefund/mpesa-connector","oneacrefund/mpesa-connector","1.2.0",true,true,MATCH
"oneacrefund/mpesa-connector","oneacrefund/mpesa-connector","1.2.0.2024.03.14.1",true,true,MATCH
"oneacrefund/mpesa-connector","oneacrefund/mpesa-connector","1.2.0.2024.03.26.1",true,true,MATCH
"oneacrefund/mpesa-connector","oneacrefund/mpesa-connector","1.3.0",true,true,MATCH
"oneacrefund/mpesa-connector","oneacrefund/mpesa-connector","1.3.0.2024.07.22.1",true,true,MATCH
"oneacrefund/mpesa-connector","oneacrefund/mpesa-connector","1.3.0.2024.07.23.1",true,true,MATCH
"oneacrefund/mpesa-connector","oneacrefund/mpesa-connector","1.3.1",true,true,MATCH
"oneacrefund/mpesa-connector","oneacrefund/mpesa-connector","1.3.1.2024.09.04.1",true,true,MATCH
"oneacrefund/mpesa-connector","oneacrefund/mpesa-connector","1.3.1.2024.09.05.1",true,true,MATCH
"oneacrefund/mpesa-connector","oneacrefund/mpesa-connector","1.3.2",true,true,MATCH
"oneacrefund/mpesa-connector","oneacrefund/mpesa-connector","1.3.2.2024.11.27.1",true,true,MATCH
"oneacrefund/mpesa-connector","oneacrefund/mpesa-connector","1.3.2.2024.11.27.3",true,true,MATCH
"oneacrefund/mpesa-connector","oneacrefund/mpesa-connector","1.3.3",true,true,MATCH
"oneacrefund/mpesa-connector","oneacrefund/mpesa-connector","1.3.3.2025.06.30.10",true,true,MATCH
"oneacrefund/mpesa-connector","oneacrefund/mpesa-connector","1.3.3.2025.06.30.11",true,true,MATCH
"oneacrefund/mpesa-connector","oneacrefund/mpesa-connector","1.3.3.2025.06.30.9",true,true,MATCH
"oneacrefund/mpesa-connector","oneacrefund/mpesa-connector","1.3.3.2025.07.01.1",true,true,MATCH
"oneacrefund/mpesa-connector","oneacrefund/mpesa-connector","1.3.3.2025.07.01.2",true,true,MATCH
"oneacrefund/mpesa-connector","oneacrefund/mpesa-connector","1.3.3.2025.10.04.1",true,true,MATCH
"oneacrefund/mpesa-connector","oneacrefund/mpesa-connector","1.3.3.2025.10.04.2",true,true,MATCH
"oneacrefund/mpesa-connector","oneacrefund/mpesa-connector","1.3.4",true,true,MATCH
"oneacrefund/mpesa-connector","oneacrefund/mpesa-connector","1.3.5",true,true,MATCH
"oneacrefund/mpesa-connector","oneacrefund/mpesa-connector","1.3.6",true,true,MATCH
"oneacrefund/mpesa-connector","oneacrefund/mpesa-connector","1.3.6.1",true,true,MATCH
"oneacrefund/mpesa-connector","oneacrefund/mpesa-connector","latest",true,true,MATCH
"[SUMMARY]","oneacrefund/mpesa-connector","oneacrefund/mpesa-connector","ACR=31","ECR=31","MATCH=31 | MISSING_IN_ECR=0 | ECR_ONLY=0"
"oneacrefund/msg-refresh-v3","oneacrefund/msg-refresh-v3","latest",true,true,MATCH
"[SUMMARY]","oneacrefund/msg-refresh-v3","oneacrefund/msg-refresh-v3","ACR=1","ECR=1","MATCH=1 | MISSING_IN_ECR=0 | ECR_ONLY=0"
"oneacrefund/mtn-connector","oneacrefund/mtn-connector","1.0.0",true,true,MATCH
"oneacrefund/mtn-connector","oneacrefund/mtn-connector","1.0.1",true,true,MATCH
"oneacrefund/mtn-connector","oneacrefund/mtn-connector","1.0.2",true,true,MATCH
"oneacrefund/mtn-connector","oneacrefund/mtn-connector","1.0.3",true,true,MATCH
"oneacrefund/mtn-connector","oneacrefund/mtn-connector","1.0.4",true,true,MATCH
"oneacrefund/mtn-connector","oneacrefund/mtn-connector","1.0.5",true,true,MATCH
"oneacrefund/mtn-connector","oneacrefund/mtn-connector","1.1.0",true,true,MATCH
"oneacrefund/mtn-connector","oneacrefund/mtn-connector","1.1.0.2025.05.15.2",true,true,MATCH
"oneacrefund/mtn-connector","oneacrefund/mtn-connector","1.1.0.2025.05.15.3",true,true,MATCH
"oneacrefund/mtn-connector","oneacrefund/mtn-connector","1.1.0.2025.05.16.1",true,true,MATCH
"oneacrefund/mtn-connector","oneacrefund/mtn-connector","1.1.1",true,true,MATCH
"oneacrefund/mtn-connector","oneacrefund/mtn-connector","1.1.1.2025.08.05.1",true,true,MATCH
"oneacrefund/mtn-connector","oneacrefund/mtn-connector","1.1.2",true,true,MATCH
"oneacrefund/mtn-connector","oneacrefund/mtn-connector","1.1.2.2025.08.07.1",true,true,MATCH
"oneacrefund/mtn-connector","oneacrefund/mtn-connector","1.1.3",true,true,MATCH
"oneacrefund/mtn-connector","oneacrefund/mtn-connector","1.1.3.2025.08.11.5",true,true,MATCH
"oneacrefund/mtn-connector","oneacrefund/mtn-connector","1.1.4",true,true,MATCH
"oneacrefund/mtn-connector","oneacrefund/mtn-connector","1.1.4.2025.08.14.3",true,true,MATCH
"oneacrefund/mtn-connector","oneacrefund/mtn-connector","1.1.5",true,true,MATCH
"oneacrefund/mtn-connector","oneacrefund/mtn-connector","1.1.5.1",true,true,MATCH
"oneacrefund/mtn-connector","oneacrefund/mtn-connector","1.1.5.1.2025.08.18.3",true,true,MATCH
"oneacrefund/mtn-connector","oneacrefund/mtn-connector","1.1.5.2",true,true,MATCH
"oneacrefund/mtn-connector","oneacrefund/mtn-connector","1.1.5.2025.08.14.5",true,true,MATCH
"oneacrefund/mtn-connector","oneacrefund/mtn-connector","1.1.5.3",true,true,MATCH
"oneacrefund/mtn-connector","oneacrefund/mtn-connector","1.1.6",true,true,MATCH
"oneacrefund/mtn-connector","oneacrefund/mtn-connector","1.1.6.2025.11.21.40",true,true,MATCH
"oneacrefund/mtn-connector","oneacrefund/mtn-connector","1.1.6.2025.11.24.42",true,true,MATCH
"oneacrefund/mtn-connector","oneacrefund/mtn-connector","1.1.6.2025.11.25.43",true,true,MATCH
"oneacrefund/mtn-connector","oneacrefund/mtn-connector","1.1.6.2025.11.27.44",true,true,MATCH
"oneacrefund/mtn-connector","oneacrefund/mtn-connector","1.1.7.2026.02.16.47",true,true,MATCH
"oneacrefund/mtn-connector","oneacrefund/mtn-connector","1.1.7.2026.02.24.47",true,true,MATCH
"oneacrefund/mtn-connector","oneacrefund/mtn-connector","1.1.8.2026.02.25.52",true,true,MATCH
"oneacrefund/mtn-connector","oneacrefund/mtn-connector","1.1.8.2026.04.07.59",true,true,MATCH
"oneacrefund/mtn-connector","oneacrefund/mtn-connector","1.1.8.2026.04.10.63",true,true,MATCH
"oneacrefund/mtn-connector","oneacrefund/mtn-connector","1.1.8.2026.04.10.65",true,true,MATCH
"oneacrefund/mtn-connector","oneacrefund/mtn-connector","2e2e747b66f0cbe2fced7a4e11308db40a983e0e_2e2e747b66f0cbe2fced7a4e11308db40a983e0e",true,true,MATCH
"oneacrefund/mtn-connector","oneacrefund/mtn-connector","f9c0941d77fe75dd319015cb14a6ea0c10ac0608_f9c0941d77fe75dd319015cb14a6ea0c10ac0608",true,true,MATCH
"oneacrefund/mtn-connector","oneacrefund/mtn-connector","latest",true,true,MATCH
"oneacrefund/mtn-connector","oneacrefund/mtn-connector","v1.0.0_2e2e747b66f0cbe2fced7a4e11308db40a983e0e",true,true,MATCH
"[SUMMARY]","oneacrefund/mtn-connector","oneacrefund/mtn-connector","ACR=39","ECR=39","MATCH=39 | MISSING_IN_ECR=0 | ECR_ONLY=0"
"oneacrefund/mw-ai-services","oneacrefund/mw-ai-services","1914",true,true,MATCH
"oneacrefund/mw-ai-services","oneacrefund/mw-ai-services","1915",true,true,MATCH
"oneacrefund/mw-ai-services","oneacrefund/mw-ai-services","1916",true,true,MATCH
"oneacrefund/mw-ai-services","oneacrefund/mw-ai-services","1917",true,true,MATCH
"oneacrefund/mw-ai-services","oneacrefund/mw-ai-services","1921",true,true,MATCH
"oneacrefund/mw-ai-services","oneacrefund/mw-ai-services","2203",true,true,MATCH
"oneacrefund/mw-ai-services","oneacrefund/mw-ai-services","2204",true,true,MATCH
"oneacrefund/mw-ai-services","oneacrefund/mw-ai-services","2205",true,true,MATCH
"oneacrefund/mw-ai-services","oneacrefund/mw-ai-services","794",true,true,MATCH
"oneacrefund/mw-ai-services","oneacrefund/mw-ai-services","795",true,true,MATCH
"oneacrefund/mw-ai-services","oneacrefund/mw-ai-services","797",true,true,MATCH
"oneacrefund/mw-ai-services","oneacrefund/mw-ai-services","851",true,true,MATCH
"oneacrefund/mw-ai-services","oneacrefund/mw-ai-services","853",true,true,MATCH
"oneacrefund/mw-ai-services","oneacrefund/mw-ai-services","855",true,true,MATCH
"oneacrefund/mw-ai-services","oneacrefund/mw-ai-services","871",true,true,MATCH
"oneacrefund/mw-ai-services","oneacrefund/mw-ai-services","872",true,true,MATCH
"oneacrefund/mw-ai-services","oneacrefund/mw-ai-services","873",true,true,MATCH
"oneacrefund/mw-ai-services","oneacrefund/mw-ai-services","877",true,true,MATCH
"oneacrefund/mw-ai-services","oneacrefund/mw-ai-services","884",true,true,MATCH
"oneacrefund/mw-ai-services","oneacrefund/mw-ai-services","885",true,true,MATCH
"oneacrefund/mw-ai-services","oneacrefund/mw-ai-services","886",true,true,MATCH
"oneacrefund/mw-ai-services","oneacrefund/mw-ai-services","887",true,true,MATCH
"oneacrefund/mw-ai-services","oneacrefund/mw-ai-services","889",true,true,MATCH
"oneacrefund/mw-ai-services","oneacrefund/mw-ai-services","890",true,true,MATCH
"oneacrefund/mw-ai-services","oneacrefund/mw-ai-services","892",true,true,MATCH
"oneacrefund/mw-ai-services","oneacrefund/mw-ai-services","893",true,true,MATCH
"oneacrefund/mw-ai-services","oneacrefund/mw-ai-services","894",true,true,MATCH
"oneacrefund/mw-ai-services","oneacrefund/mw-ai-services","898",true,true,MATCH
"oneacrefund/mw-ai-services","oneacrefund/mw-ai-services","899",true,true,MATCH
"oneacrefund/mw-ai-services","oneacrefund/mw-ai-services","900",true,true,MATCH
"oneacrefund/mw-ai-services","oneacrefund/mw-ai-services","901",true,true,MATCH
"oneacrefund/mw-ai-services","oneacrefund/mw-ai-services","902",true,true,MATCH
"oneacrefund/mw-ai-services","oneacrefund/mw-ai-services","903",true,true,MATCH
"oneacrefund/mw-ai-services","oneacrefund/mw-ai-services","904",true,true,MATCH
"oneacrefund/mw-ai-services","oneacrefund/mw-ai-services","905",true,true,MATCH
"oneacrefund/mw-ai-services","oneacrefund/mw-ai-services","906",true,true,MATCH
"oneacrefund/mw-ai-services","oneacrefund/mw-ai-services","935",true,true,MATCH
"[SUMMARY]","oneacrefund/mw-ai-services","oneacrefund/mw-ai-services","ACR=37","ECR=37","MATCH=37 | MISSING_IN_ECR=0 | ECR_ONLY=0"
"oneacrefund/my-project-api","oneacrefund/my-project-api","4021",true,true,MATCH
"oneacrefund/my-project-api","oneacrefund/my-project-api","4022",true,true,MATCH
"oneacrefund/my-project-api","oneacrefund/my-project-api","4023",true,true,MATCH
"oneacrefund/my-project-api","oneacrefund/my-project-api","4025",true,true,MATCH
"oneacrefund/my-project-api","oneacrefund/my-project-api","4026",true,true,MATCH
"oneacrefund/my-project-api","oneacrefund/my-project-api","4035",true,true,MATCH
"oneacrefund/my-project-api","oneacrefund/my-project-api","4152",true,true,MATCH
"oneacrefund/my-project-api","oneacrefund/my-project-api","4155",true,true,MATCH
"oneacrefund/my-project-api","oneacrefund/my-project-api","4212",true,true,MATCH
"oneacrefund/my-project-api","oneacrefund/my-project-api","4213",true,true,MATCH
"oneacrefund/my-project-api","oneacrefund/my-project-api","4219",true,true,MATCH
"[SUMMARY]","oneacrefund/my-project-api","oneacrefund/my-project-api","ACR=11","ECR=11","MATCH=11 | MISSING_IN_ECR=0 | ECR_ONLY=0"
"oneacrefund/my-project-worker","oneacrefund/my-project-worker","4020",true,true,MATCH
"oneacrefund/my-project-worker","oneacrefund/my-project-worker","4021",true,true,MATCH
"oneacrefund/my-project-worker","oneacrefund/my-project-worker","4022",true,true,MATCH
"oneacrefund/my-project-worker","oneacrefund/my-project-worker","4023",true,true,MATCH
"oneacrefund/my-project-worker","oneacrefund/my-project-worker","4024",true,true,MATCH
"oneacrefund/my-project-worker","oneacrefund/my-project-worker","4025",true,true,MATCH
"oneacrefund/my-project-worker","oneacrefund/my-project-worker","4026",true,true,MATCH
"oneacrefund/my-project-worker","oneacrefund/my-project-worker","4035",true,true,MATCH
"[SUMMARY]","oneacrefund/my-project-worker","oneacrefund/my-project-worker","ACR=8","ECR=8","MATCH=8 | MISSING_IN_ECR=0 | ECR_ONLY=0"
"oneacrefund/n8n","oneacrefund/n8n","0.203.0.6b3f00df87e84f29c146a04a60f6186f56e1ce5f",true,true,MATCH
"oneacrefund/n8n","oneacrefund/n8n","0.203.0.935a8a98be3fe61e74f5efab3bca8ab815059f84",true,true,MATCH
"oneacrefund/n8n","oneacrefund/n8n","0.203.0.ea67f615d8eb98f4240cdf6a46e4848f4c4a6eb2",true,true,MATCH
"oneacrefund/n8n","oneacrefund/n8n","0.203.1.03a74c7b9d1f251c6982fc26bcd7c0dd082762bd",true,true,MATCH
"oneacrefund/n8n","oneacrefund/n8n","0.203.1.3ae4a57ddf4a04054057093aba88a8a702a13081",true,true,MATCH
"oneacrefund/n8n","oneacrefund/n8n","0.203.1.48d65730c6e99ca6764dac78c6b55ac74cff2eb8",true,true,MATCH
"oneacrefund/n8n","oneacrefund/n8n","0.203.1.4e80954a2a5e592d3c361d7dbccb4046ad8f74ce",true,true,MATCH
"oneacrefund/n8n","oneacrefund/n8n","0.203.1.574fedbeef572885d48a47ccc237300ab1057c5c",true,true,MATCH
"oneacrefund/n8n","oneacrefund/n8n","0.203.1.e1b06d2ae66ee1451ec38a25505d3a68f960f0c4",true,true,MATCH
"oneacrefund/n8n","oneacrefund/n8n","0.204.0.ed6ade056879d9b6c30afadf898795ba5d4ea875",true,true,MATCH
"oneacrefund/n8n","oneacrefund/n8n","0.206.1.2425f4f9d89da018b20cd8eadb1da1571fc1e054",true,true,MATCH
"oneacrefund/n8n","oneacrefund/n8n","0.206.1.46834553bbc11ca850d99123e0ac9f9ce3771bf0",true,true,MATCH
"oneacrefund/n8n","oneacrefund/n8n","0.206.1.7b278efad03d2957f2e764316374cf51592090ab",true,true,MATCH
"oneacrefund/n8n","oneacrefund/n8n","0.206.1.c9857804a1b16a631ae30f6b3184d4a8b92f1628",true,true,MATCH
"oneacrefund/n8n","oneacrefund/n8n","0.206.1.d0c9270d50779bddd469f302f0513ec663beabde",true,true,MATCH
"oneacrefund/n8n","oneacrefund/n8n","0.212.0.e120fc1ec6a345bdffe0da20a04bafdf6bd7bc66",true,true,MATCH
"oneacrefund/n8n","oneacrefund/n8n","0.218.0.532fb5aa47b5152d2988266a7f2d39cb7caab0a3",true,true,MATCH
"oneacrefund/n8n","oneacrefund/n8n","0.222.1.2488cddc3edb95f1dd9c1d714fe3af8326c5097b",true,true,MATCH
"oneacrefund/n8n","oneacrefund/n8n","0.222.1.623311c8d7abf43a1901d1a291ae16b0d6863968",true,true,MATCH
"oneacrefund/n8n","oneacrefund/n8n","0.230.3.6b4069bc887eb85fb38baad3e5d7d5a35fce0f88",true,true,MATCH
"oneacrefund/n8n","oneacrefund/n8n","0.233.1.6b97278bde35c160455d0bc79b8d114a95c715e6",true,true,MATCH
"oneacrefund/n8n","oneacrefund/n8n","0.233.1.d44fd1f6b64c094506651a413be5ebf2a8c0797b",true,true,MATCH
"oneacrefund/n8n","oneacrefund/n8n","0.237.0.e67ba42137673226b8ebba694959965755cadf22",true,true,MATCH
"oneacrefund/n8n","oneacrefund/n8n","1.107.3",true,true,MATCH
"oneacrefund/n8n","oneacrefund/n8n","1.109.1",true,true,MATCH
"oneacrefund/n8n","oneacrefund/n8n","1.123.20",true,true,MATCH
"oneacrefund/n8n","oneacrefund/n8n","1.17.1.2024.03.20.11",true,true,MATCH
"oneacrefund/n8n","oneacrefund/n8n","1.17.1.2024.03.20.12",true,true,MATCH
"oneacrefund/n8n","oneacrefund/n8n","1.17.1.2024.03.21.22",true,true,MATCH
"oneacrefund/n8n","oneacrefund/n8n","1.17.1.2024.03.21.23",true,true,MATCH
"oneacrefund/n8n","oneacrefund/n8n","1.17.1.2024.03.21.24",true,true,MATCH
"oneacrefund/n8n","oneacrefund/n8n","1.17.1.2024.08.15.25",true,true,MATCH
"oneacrefund/n8n","oneacrefund/n8n","1.17.1.b5621cb9da427cb06755cb2f0b1edffb3ab3c956",true,true,MATCH
"oneacrefund/n8n","oneacrefund/n8n","1.31.2.2024.03.10.18",true,true,MATCH
"oneacrefund/n8n","oneacrefund/n8n","1.55.3",true,true,MATCH
"oneacrefund/n8n","oneacrefund/n8n","1.55.3.2024.08.28.27",true,true,MATCH
"oneacrefund/n8n","oneacrefund/n8n","1.57.0",true,true,MATCH
"oneacrefund/n8n","oneacrefund/n8n","1.69.2",true,true,MATCH
"oneacrefund/n8n","oneacrefund/n8n","1.80.3",true,true,MATCH
"oneacrefund/n8n","oneacrefund/n8n","1.83.2",true,true,MATCH
"oneacrefund/n8n","oneacrefund/n8n","_215cb790554f72d1e1bb4658ac5a08b51e49c54b",true,true,MATCH
"oneacrefund/n8n","oneacrefund/n8n","_3a11bf7b0ba505f126aee4d236e39af698ec6c13",true,true,MATCH
"oneacrefund/n8n","oneacrefund/n8n","_4451b9df1db6e0af8cc3d99c7ddfa8d17a316cd9",true,true,MATCH
"oneacrefund/n8n","oneacrefund/n8n","_6b2dd03020d6fde580609ec1685b0c80aed1ff68",true,true,MATCH
"oneacrefund/n8n","oneacrefund/n8n","_971cca19da22aae1c95152fe4fe27565f156c5d4",true,true,MATCH
"[SUMMARY]","oneacrefund/n8n","oneacrefund/n8n","ACR=45","ECR=45","MATCH=45 | MISSING_IN_ECR=0 | ECR_ONLY=0"
"oneacrefund/notificationapi","oneacrefund/notificationapi","0.0.1",true,true,MATCH
"[SUMMARY]","oneacrefund/notificationapi","oneacrefund/notificationapi","ACR=1","ECR=1","MATCH=1 | MISSING_IN_ECR=0 | ECR_ONLY=0"
"oneacrefund/oaf-client-update","oneacrefund/oaf-client-update","1.0.0",true,true,MATCH
"oneacrefund/oaf-client-update","oneacrefund/oaf-client-update","1.0.1",true,true,MATCH
"[SUMMARY]","oneacrefund/oaf-client-update","oneacrefund/oaf-client-update","ACR=2","ECR=2","MATCH=2 | MISSING_IN_ECR=0 | ECR_ONLY=0"
"oneacrefund/oaf-dbt","oneacrefund/oaf-dbt","1.0.0",true,true,MATCH
"[SUMMARY]","oneacrefund/oaf-dbt","oneacrefund/oaf-dbt","ACR=1","ECR=1","MATCH=1 | MISSING_IN_ECR=0 | ECR_ONLY=0"
"oneacrefund/oaf-jenkins","oneacrefund/oaf-jenkins","2.544-jdk21.2026.03.09.473",true,true,MATCH
"oneacrefund/oaf-jenkins","oneacrefund/oaf-jenkins","2.544-jdk21.2026.03.09.474",true,true,MATCH
"oneacrefund/oaf-jenkins","oneacrefund/oaf-jenkins","2.544-jdk21.2026.03.09.475",true,true,MATCH
"oneacrefund/oaf-jenkins","oneacrefund/oaf-jenkins","2.544-jdk21.2026.03.09.476",true,true,MATCH
"oneacrefund/oaf-jenkins","oneacrefund/oaf-jenkins","2.544-jdk21.2026.03.09.477",true,true,MATCH
"oneacrefund/oaf-jenkins","oneacrefund/oaf-jenkins","2.544-jdk21.2026.03.09.478",true,true,MATCH
"oneacrefund/oaf-jenkins","oneacrefund/oaf-jenkins","2.544-jdk21.2026.03.09.479",true,true,MATCH
"oneacrefund/oaf-jenkins","oneacrefund/oaf-jenkins","2.544-jdk21.2026.03.09.480",true,true,MATCH
"oneacrefund/oaf-jenkins","oneacrefund/oaf-jenkins","2.544-jdk21.2026.03.09.481",true,true,MATCH
"oneacrefund/oaf-jenkins","oneacrefund/oaf-jenkins","2.544-jdk21.2026.03.09.482",true,true,MATCH
"oneacrefund/oaf-jenkins","oneacrefund/oaf-jenkins","2.544-jdk21.2026.03.09.483",true,true,MATCH
"oneacrefund/oaf-jenkins","oneacrefund/oaf-jenkins","2.544-jdk21.2026.03.09.484",true,true,MATCH
"oneacrefund/oaf-jenkins","oneacrefund/oaf-jenkins","2.544-jdk21.2026.03.09.485",true,true,MATCH
"oneacrefund/oaf-jenkins","oneacrefund/oaf-jenkins","2.544-jdk21.2026.03.09.486",true,true,MATCH
"oneacrefund/oaf-jenkins","oneacrefund/oaf-jenkins","2.544-jdk21.2026.03.09.487",true,true,MATCH
"oneacrefund/oaf-jenkins","oneacrefund/oaf-jenkins","2.544-jdk21.2026.03.09.488",true,true,MATCH
"oneacrefund/oaf-jenkins","oneacrefund/oaf-jenkins","2.544-jdk21.2026.03.09.489",true,true,MATCH
"oneacrefund/oaf-jenkins","oneacrefund/oaf-jenkins","2.544-jdk21.2026.03.09.490",true,true,MATCH
"oneacrefund/oaf-jenkins","oneacrefund/oaf-jenkins","2.544-jdk21.2026.03.09.491",true,true,MATCH
"oneacrefund/oaf-jenkins","oneacrefund/oaf-jenkins","2.544-jdk21.2026.03.10.492",true,true,MATCH
"oneacrefund/oaf-jenkins","oneacrefund/oaf-jenkins","2.544-jdk21.2026.03.11.493",true,true,MATCH
"oneacrefund/oaf-jenkins","oneacrefund/oaf-jenkins","2.544-jdk21.2026.03.11.494",true,true,MATCH
"oneacrefund/oaf-jenkins","oneacrefund/oaf-jenkins","2.544-jdk21.2026.03.11.495",true,true,MATCH
"oneacrefund/oaf-jenkins","oneacrefund/oaf-jenkins","2.544-jdk21.2026.03.11.496",true,true,MATCH
"oneacrefund/oaf-jenkins","oneacrefund/oaf-jenkins","2.544-jdk21.2026.03.11.497",true,true,MATCH
"oneacrefund/oaf-jenkins","oneacrefund/oaf-jenkins","2.544-jdk21.2026.03.11.498",true,true,MATCH
"oneacrefund/oaf-jenkins","oneacrefund/oaf-jenkins","2.544-jdk21.2026.03.11.499",true,true,MATCH
"oneacrefund/oaf-jenkins","oneacrefund/oaf-jenkins","2.544-jdk21.2026.03.16.500",true,true,MATCH
"oneacrefund/oaf-jenkins","oneacrefund/oaf-jenkins","2.544-jdk21.2026.03.16.501",true,true,MATCH
"oneacrefund/oaf-jenkins","oneacrefund/oaf-jenkins","2.544-jdk21.2026.03.16.502",true,true,MATCH
"oneacrefund/oaf-jenkins","oneacrefund/oaf-jenkins","2.544-jdk21.2026.03.16.503",true,true,MATCH
"oneacrefund/oaf-jenkins","oneacrefund/oaf-jenkins","2.544-jdk21.2026.03.16.504",true,true,MATCH
"oneacrefund/oaf-jenkins","oneacrefund/oaf-jenkins","2.544-jdk21.2026.03.16.505",true,true,MATCH
"oneacrefund/oaf-jenkins","oneacrefund/oaf-jenkins","2.544-jdk21.2026.03.16.506",true,true,MATCH
"oneacrefund/oaf-jenkins","oneacrefund/oaf-jenkins","2.544-jdk21.2026.03.16.507",true,true,MATCH
"oneacrefund/oaf-jenkins","oneacrefund/oaf-jenkins","2.544-jdk21.2026.03.16.508",true,true,MATCH
"oneacrefund/oaf-jenkins","oneacrefund/oaf-jenkins","2.544-jdk21.2026.03.16.509",true,true,MATCH
"oneacrefund/oaf-jenkins","oneacrefund/oaf-jenkins","2.544-jdk21.2026.03.16.510",true,true,MATCH
"oneacrefund/oaf-jenkins","oneacrefund/oaf-jenkins","2.544-jdk21.2026.03.16.511",true,true,MATCH
"oneacrefund/oaf-jenkins","oneacrefund/oaf-jenkins","2.544-jdk21.2026.03.18.512",true,true,MATCH
"oneacrefund/oaf-jenkins","oneacrefund/oaf-jenkins","2.544-jdk21.2026.03.18.513",true,true,MATCH
"oneacrefund/oaf-jenkins","oneacrefund/oaf-jenkins","2.544-jdk21.2026.04.15.514",true,true,MATCH
"oneacrefund/oaf-jenkins","oneacrefund/oaf-jenkins","2.544-jdk21.2026.04.15.515",true,true,MATCH
"oneacrefund/oaf-jenkins","oneacrefund/oaf-jenkins","2.544-jdk21.2026.04.15.516",true,true,MATCH
"oneacrefund/oaf-jenkins","oneacrefund/oaf-jenkins","2.544-jdk21.2026.04.15.517",true,true,MATCH
"oneacrefund/oaf-jenkins","oneacrefund/oaf-jenkins","2.544-jdk21.2026.04.16.518",true,true,MATCH
"oneacrefund/oaf-jenkins","oneacrefund/oaf-jenkins","2.544-jdk21.2026.04.16.519",true,true,MATCH
"oneacrefund/oaf-jenkins","oneacrefund/oaf-jenkins","2.544-jdk21.2026.04.16.520",true,true,MATCH
"oneacrefund/oaf-jenkins","oneacrefund/oaf-jenkins","2.544-jdk21.2026.04.16.521",true,true,MATCH
"oneacrefund/oaf-jenkins","oneacrefund/oaf-jenkins","2.544-jdk21.2026.04.16.523",true,true,MATCH
"oneacrefund/oaf-jenkins","oneacrefund/oaf-jenkins","2.544-jdk21.2026.04.16.524",true,true,MATCH
"oneacrefund/oaf-jenkins","oneacrefund/oaf-jenkins","2.544-jdk21.2026.04.16.525",true,true,MATCH
"oneacrefund/oaf-jenkins","oneacrefund/oaf-jenkins","2.544-jdk21.2026.04.16.526",true,true,MATCH
"oneacrefund/oaf-jenkins","oneacrefund/oaf-jenkins","2.544-jdk21.2026.04.16.527",true,true,MATCH
"oneacrefund/oaf-jenkins","oneacrefund/oaf-jenkins","2.544-jdk21.2026.04.16.528",true,true,MATCH
"oneacrefund/oaf-jenkins","oneacrefund/oaf-jenkins","2.544-jdk21.2026.04.16.529",true,true,MATCH
"oneacrefund/oaf-jenkins","oneacrefund/oaf-jenkins","2.544-jdk21.2026.04.16.530",true,true,MATCH
"oneacrefund/oaf-jenkins","oneacrefund/oaf-jenkins","2.544-jdk21.2026.04.20.531",true,true,MATCH
"oneacrefund/oaf-jenkins","oneacrefund/oaf-jenkins","2.544-jdk21.2026.04.20.532",true,true,MATCH
"oneacrefund/oaf-jenkins","oneacrefund/oaf-jenkins","2.544-jdk21.2026.04.20.533",true,true,MATCH
"oneacrefund/oaf-jenkins","oneacrefund/oaf-jenkins","2.544-jdk21.2026.05.03.537",true,true,MATCH
"oneacrefund/oaf-jenkins","oneacrefund/oaf-jenkins","2.544-jdk21.2026.05.03.539",true,true,MATCH
"oneacrefund/oaf-jenkins","oneacrefund/oaf-jenkins","2.544-jdk21.2026.05.03.541",true,true,MATCH
"oneacrefund/oaf-jenkins","oneacrefund/oaf-jenkins","2.544-jdk21.2026.05.03.543",true,true,MATCH
"oneacrefund/oaf-jenkins","oneacrefund/oaf-jenkins","2.544-jdk21.2026.05.03.545",true,true,MATCH
"oneacrefund/oaf-jenkins","oneacrefund/oaf-jenkins","2.544-jdk21.2026.05.03.547",true,true,MATCH
"oneacrefund/oaf-jenkins","oneacrefund/oaf-jenkins","2.544-jdk21.2026.05.03.549",true,true,MATCH
"oneacrefund/oaf-jenkins","oneacrefund/oaf-jenkins","2.544-jdk21.2026.05.03.551",true,true,MATCH
"oneacrefund/oaf-jenkins","oneacrefund/oaf-jenkins","2.544-jdk21.2026.05.08.552",true,true,MATCH
"oneacrefund/oaf-jenkins","oneacrefund/oaf-jenkins","2.544-jdk21.2026.05.08.553",true,true,MATCH
"[SUMMARY]","oneacrefund/oaf-jenkins","oneacrefund/oaf-jenkins","ACR=70","ECR=70","MATCH=70 | MISSING_IN_ECR=0 | ECR_ONLY=0"
"oneacrefund/oaf-logstash","oneacrefund/oaf-logstash","7.11.1",true,true,MATCH
"oneacrefund/oaf-logstash","oneacrefund/oaf-logstash","7.11.1.2025.04.17.2",true,true,MATCH
"oneacrefund/oaf-logstash","oneacrefund/oaf-logstash","7.11.1.2025.04.17.9",true,true,MATCH
"oneacrefund/oaf-logstash","oneacrefund/oaf-logstash","7.11.1.2025.05.27.10",true,true,MATCH
"oneacrefund/oaf-logstash","oneacrefund/oaf-logstash","7.11.1.2025.05.27.11",true,true,MATCH
"oneacrefund/oaf-logstash","oneacrefund/oaf-logstash","7.17.28.2025.07.16.12",true,true,MATCH
"oneacrefund/oaf-logstash","oneacrefund/oaf-logstash","7.17.28.2025.07.16.13",true,true,MATCH
"oneacrefund/oaf-logstash","oneacrefund/oaf-logstash","latest",true,true,MATCH
"[SUMMARY]","oneacrefund/oaf-logstash","oneacrefund/oaf-logstash","ACR=8","ECR=8","MATCH=8 | MISSING_IN_ECR=0 | ECR_ONLY=0"
"oneacrefund/oaf-moodle","oneacrefund/oaf-moodle","01c99560325ed536895b65661258b30517ccb5ac.20260306",true,true,MATCH
"oneacrefund/oaf-moodle","oneacrefund/oaf-moodle","05da196a702095128d4d0906f18a552528e08d18.20241121",true,true,MATCH
"oneacrefund/oaf-moodle","oneacrefund/oaf-moodle","0b9ccc3f99251ca7b06b5de4367d9beca383453f.20240305",true,true,MATCH
"oneacrefund/oaf-moodle","oneacrefund/oaf-moodle","170f12c040ee9fc5502611d3ed09e54e9e8890ad.20260309",true,true,MATCH
"oneacrefund/oaf-moodle","oneacrefund/oaf-moodle","6a39b9f49078211c3a4f9a8b3a9e4e47c39f4305.20240310",true,true,MATCH
"oneacrefund/oaf-moodle","oneacrefund/oaf-moodle","8f6e4706e5cac65a6b1f85a635a8ffac275cf6b3.20240305",true,true,MATCH
"oneacrefund/oaf-moodle","oneacrefund/oaf-moodle","9517026a9357c511acd26af85356003d7e1831e9.20241121",true,true,MATCH
"oneacrefund/oaf-moodle","oneacrefund/oaf-moodle","9a329617fe029a5ed5831eca712a217ee1143481.20241121",true,true,MATCH
"oneacrefund/oaf-moodle","oneacrefund/oaf-moodle","_01b42fab582cadc87002557a5162b5495223e395",true,true,MATCH
"oneacrefund/oaf-moodle","oneacrefund/oaf-moodle","_0eb968942d689d216468d628046b7f2e751241bb",true,true,MATCH
"oneacrefund/oaf-moodle","oneacrefund/oaf-moodle","_1f4df20e2d12dbf70aa78c2d7a36924fd775df93",true,true,MATCH
"oneacrefund/oaf-moodle","oneacrefund/oaf-moodle","_3a48efdff7d3c7ac5fea8ee076561e7d50af53d8",true,true,MATCH
"oneacrefund/oaf-moodle","oneacrefund/oaf-moodle","_4b01ae954d5effd5c4fbd47abb49daf61fa66a9c",true,true,MATCH
"oneacrefund/oaf-moodle","oneacrefund/oaf-moodle","_531f0110379944360e35ece3f2829a4dd52f580e",true,true,MATCH
"oneacrefund/oaf-moodle","oneacrefund/oaf-moodle","_65eb088327b1c737d4659935982b1a55e7a127cb",true,true,MATCH
"oneacrefund/oaf-moodle","oneacrefund/oaf-moodle","_6d4eb49927b0d888506cce47553c796137662727",true,true,MATCH
"oneacrefund/oaf-moodle","oneacrefund/oaf-moodle","_705631f9d4f6fe6a27bf3f3ef696610b0922819f",true,true,MATCH
"oneacrefund/oaf-moodle","oneacrefund/oaf-moodle","_81c7b870d214377abda545073212682da605d051",true,true,MATCH
"oneacrefund/oaf-moodle","oneacrefund/oaf-moodle","_9e6d621055dde53b7bcfebd0b382a67cc68fdd18",true,true,MATCH
"oneacrefund/oaf-moodle","oneacrefund/oaf-moodle","_b5f218e5dcdf9c45edd92e5dde12266c947d0550",true,true,MATCH
"oneacrefund/oaf-moodle","oneacrefund/oaf-moodle","_cdc2596908c762919bf1d02489a9e731ba4aec55",true,true,MATCH
"oneacrefund/oaf-moodle","oneacrefund/oaf-moodle","_ce10892d99a2ca637051db84edc7a0eecf6f6129",true,true,MATCH
"oneacrefund/oaf-moodle","oneacrefund/oaf-moodle","a36f2f94beb17455889b70a0927847a880677e57.20240305",true,true,MATCH
"oneacrefund/oaf-moodle","oneacrefund/oaf-moodle","a47ca2d873e9656a5cecd8d8742c9fc145664bd7.20240305",true,true,MATCH
"oneacrefund/oaf-moodle","oneacrefund/oaf-moodle","dd91695cfe04770bed53df95ca3cc02f95e99fb2.20260323",true,true,MATCH
"oneacrefund/oaf-moodle","oneacrefund/oaf-moodle","fdb51998a8d0ed4725a9b413c1e83687d20f3892.20240305",true,true,MATCH
"oneacrefund/oaf-moodle","oneacrefund/oaf-moodle","v1.0_17dcbc4a06856c45ba092651d956e346aa3824ed",true,true,MATCH
"oneacrefund/oaf-moodle","oneacrefund/oaf-moodle","v1.0_1eef88516136c3ca5a938f386465de3422d88a7d",true,true,MATCH
"oneacrefund/oaf-moodle","oneacrefund/oaf-moodle","v1.0_40eaa3b462e2c6106dbcb1f7036097c462cc100f",true,true,MATCH
"oneacrefund/oaf-moodle","oneacrefund/oaf-moodle","v1.0_47085451ee160aea010c093104cf30953a8687e0",true,true,MATCH
"oneacrefund/oaf-moodle","oneacrefund/oaf-moodle","v1.0_531f0110379944360e35ece3f2829a4dd52f580e",true,true,MATCH
"oneacrefund/oaf-moodle","oneacrefund/oaf-moodle","v1.0_6c08b1cd0bd3692fed9bc3c3214d3ef3271c83b3",true,true,MATCH
"oneacrefund/oaf-moodle","oneacrefund/oaf-moodle","v1.0_88c3dded224e533163736068b3aec7d55f136e45",true,true,MATCH
"oneacrefund/oaf-moodle","oneacrefund/oaf-moodle","v1.0_9ff140f4049eafe54c0cdebaca37e3e2a5b31724",true,true,MATCH
"oneacrefund/oaf-moodle","oneacrefund/oaf-moodle","v1.0_e2ce1d5da3dc6c6be8cacc1a3f40402dfee02bcf",true,true,MATCH
"oneacrefund/oaf-moodle","oneacrefund/oaf-moodle","v1.0_fb91c3113a570991f075b1365c323e4e6641d957",true,true,MATCH
"[SUMMARY]","oneacrefund/oaf-moodle","oneacrefund/oaf-moodle","ACR=36","ECR=36","MATCH=36 | MISSING_IN_ECR=0 | ECR_ONLY=0"
"oneacrefund/oaf-odoo-data-migration","oneacrefund/oaf-odoo-data-migration","1.0.0",true,true,MATCH
"oneacrefund/oaf-odoo-data-migration","oneacrefund/oaf-odoo-data-migration","1.0.1",true,true,MATCH
"[SUMMARY]","oneacrefund/oaf-odoo-data-migration","oneacrefund/oaf-odoo-data-migration","ACR=2","ECR=2","MATCH=2 | MISSING_IN_ECR=0 | ECR_ONLY=0"
"oneacrefund/oaf-toolbox","oneacrefund/oaf-toolbox","0185f95a366353f399469a7e904f2fc9d7ca0b54.20240325",true,true,MATCH
"oneacrefund/oaf-toolbox","oneacrefund/oaf-toolbox","864175b33f9046f1dcf3f93c388c2dd5581faf0e.20240325",true,true,MATCH
"oneacrefund/oaf-toolbox","oneacrefund/oaf-toolbox","_4d5419bfce468c576ded751eaaadfc88a0ee3183",true,true,MATCH
"oneacrefund/oaf-toolbox","oneacrefund/oaf-toolbox","_6d740dc9c8d1ae3637414ffe4a1ccbf0e8f92262",true,true,MATCH
"oneacrefund/oaf-toolbox","oneacrefund/oaf-toolbox","_7e18f6739e269ac2fd37ce5a3098404f2e68bdcc",true,true,MATCH
"oneacrefund/oaf-toolbox","oneacrefund/oaf-toolbox","_9839cd360a184dd761b809f98e2d5035eb5ee3b6",true,true,MATCH
"oneacrefund/oaf-toolbox","oneacrefund/oaf-toolbox","_efeea1ef204be8208bee3317511b3fe7a930f760",true,true,MATCH
"oneacrefund/oaf-toolbox","oneacrefund/oaf-toolbox","latest",true,true,MATCH
"[SUMMARY]","oneacrefund/oaf-toolbox","oneacrefund/oaf-toolbox","ACR=8","ECR=8","MATCH=8 | MISSING_IN_ECR=0 | ECR_ONLY=0"
"oneacrefund/ocs-fulfillment-plan","oneacrefund/ocs-fulfillment-plan","1516",true,true,MATCH
"oneacrefund/ocs-fulfillment-plan","oneacrefund/ocs-fulfillment-plan","1517",true,true,MATCH
"oneacrefund/ocs-fulfillment-plan","oneacrefund/ocs-fulfillment-plan","1519",true,true,MATCH
"oneacrefund/ocs-fulfillment-plan","oneacrefund/ocs-fulfillment-plan","1520",true,true,MATCH
"oneacrefund/ocs-fulfillment-plan","oneacrefund/ocs-fulfillment-plan","1522",true,true,MATCH
"oneacrefund/ocs-fulfillment-plan","oneacrefund/ocs-fulfillment-plan","1527",true,true,MATCH
"oneacrefund/ocs-fulfillment-plan","oneacrefund/ocs-fulfillment-plan","1528",true,true,MATCH
"oneacrefund/ocs-fulfillment-plan","oneacrefund/ocs-fulfillment-plan","1530",true,true,MATCH
"oneacrefund/ocs-fulfillment-plan","oneacrefund/ocs-fulfillment-plan","1604",true,true,MATCH
"oneacrefund/ocs-fulfillment-plan","oneacrefund/ocs-fulfillment-plan","1606",true,true,MATCH
"oneacrefund/ocs-fulfillment-plan","oneacrefund/ocs-fulfillment-plan","1607",true,true,MATCH
"oneacrefund/ocs-fulfillment-plan","oneacrefund/ocs-fulfillment-plan","1608",true,true,MATCH
"oneacrefund/ocs-fulfillment-plan","oneacrefund/ocs-fulfillment-plan","1785",true,true,MATCH
"oneacrefund/ocs-fulfillment-plan","oneacrefund/ocs-fulfillment-plan","1786",true,true,MATCH
"oneacrefund/ocs-fulfillment-plan","oneacrefund/ocs-fulfillment-plan","1792",true,true,MATCH
"oneacrefund/ocs-fulfillment-plan","oneacrefund/ocs-fulfillment-plan","1794",true,true,MATCH
"oneacrefund/ocs-fulfillment-plan","oneacrefund/ocs-fulfillment-plan","1796",true,true,MATCH
"oneacrefund/ocs-fulfillment-plan","oneacrefund/ocs-fulfillment-plan","1797",true,true,MATCH
"oneacrefund/ocs-fulfillment-plan","oneacrefund/ocs-fulfillment-plan","1853",true,true,MATCH
"oneacrefund/ocs-fulfillment-plan","oneacrefund/ocs-fulfillment-plan","1857",true,true,MATCH
"oneacrefund/ocs-fulfillment-plan","oneacrefund/ocs-fulfillment-plan","1989",true,true,MATCH
"oneacrefund/ocs-fulfillment-plan","oneacrefund/ocs-fulfillment-plan","1993",true,true,MATCH
"oneacrefund/ocs-fulfillment-plan","oneacrefund/ocs-fulfillment-plan","1996",true,true,MATCH
"oneacrefund/ocs-fulfillment-plan","oneacrefund/ocs-fulfillment-plan","2012",true,true,MATCH
"oneacrefund/ocs-fulfillment-plan","oneacrefund/ocs-fulfillment-plan","2014",true,true,MATCH
"oneacrefund/ocs-fulfillment-plan","oneacrefund/ocs-fulfillment-plan","2015",true,true,MATCH
"oneacrefund/ocs-fulfillment-plan","oneacrefund/ocs-fulfillment-plan","2017",true,true,MATCH
"oneacrefund/ocs-fulfillment-plan","oneacrefund/ocs-fulfillment-plan","2018",true,true,MATCH
"oneacrefund/ocs-fulfillment-plan","oneacrefund/ocs-fulfillment-plan","2019",true,true,MATCH
"oneacrefund/ocs-fulfillment-plan","oneacrefund/ocs-fulfillment-plan","2026",true,true,MATCH
"oneacrefund/ocs-fulfillment-plan","oneacrefund/ocs-fulfillment-plan","2028",true,true,MATCH
"oneacrefund/ocs-fulfillment-plan","oneacrefund/ocs-fulfillment-plan","2032",true,true,MATCH
"oneacrefund/ocs-fulfillment-plan","oneacrefund/ocs-fulfillment-plan","2034",true,true,MATCH
"oneacrefund/ocs-fulfillment-plan","oneacrefund/ocs-fulfillment-plan","2039",true,true,MATCH
"oneacrefund/ocs-fulfillment-plan","oneacrefund/ocs-fulfillment-plan","2041",true,true,MATCH
"oneacrefund/ocs-fulfillment-plan","oneacrefund/ocs-fulfillment-plan","2046",true,true,MATCH
"oneacrefund/ocs-fulfillment-plan","oneacrefund/ocs-fulfillment-plan","2050",true,true,MATCH
"oneacrefund/ocs-fulfillment-plan","oneacrefund/ocs-fulfillment-plan","2053",true,true,MATCH
"oneacrefund/ocs-fulfillment-plan","oneacrefund/ocs-fulfillment-plan","2056",true,true,MATCH
"oneacrefund/ocs-fulfillment-plan","oneacrefund/ocs-fulfillment-plan","2058",true,true,MATCH
"oneacrefund/ocs-fulfillment-plan","oneacrefund/ocs-fulfillment-plan","2177",true,true,MATCH
"oneacrefund/ocs-fulfillment-plan","oneacrefund/ocs-fulfillment-plan","2198",true,true,MATCH
"oneacrefund/ocs-fulfillment-plan","oneacrefund/ocs-fulfillment-plan","2230",true,true,MATCH
"oneacrefund/ocs-fulfillment-plan","oneacrefund/ocs-fulfillment-plan","2233",true,true,MATCH
"oneacrefund/ocs-fulfillment-plan","oneacrefund/ocs-fulfillment-plan","2234",true,true,MATCH
"oneacrefund/ocs-fulfillment-plan","oneacrefund/ocs-fulfillment-plan","2236",true,true,MATCH
"oneacrefund/ocs-fulfillment-plan","oneacrefund/ocs-fulfillment-plan","2238",true,true,MATCH
"oneacrefund/ocs-fulfillment-plan","oneacrefund/ocs-fulfillment-plan","2250",true,true,MATCH
"oneacrefund/ocs-fulfillment-plan","oneacrefund/ocs-fulfillment-plan","2439",true,true,MATCH
"oneacrefund/ocs-fulfillment-plan","oneacrefund/ocs-fulfillment-plan","2468",true,true,MATCH
"oneacrefund/ocs-fulfillment-plan","oneacrefund/ocs-fulfillment-plan","2472",true,true,MATCH
"oneacrefund/ocs-fulfillment-plan","oneacrefund/ocs-fulfillment-plan","2473",true,true,MATCH
"oneacrefund/ocs-fulfillment-plan","oneacrefund/ocs-fulfillment-plan","2474",true,true,MATCH
"oneacrefund/ocs-fulfillment-plan","oneacrefund/ocs-fulfillment-plan","2475",true,true,MATCH
"oneacrefund/ocs-fulfillment-plan","oneacrefund/ocs-fulfillment-plan","2478",true,true,MATCH
"oneacrefund/ocs-fulfillment-plan","oneacrefund/ocs-fulfillment-plan","2479",true,true,MATCH
"oneacrefund/ocs-fulfillment-plan","oneacrefund/ocs-fulfillment-plan","2484",true,true,MATCH
"oneacrefund/ocs-fulfillment-plan","oneacrefund/ocs-fulfillment-plan","2539",true,true,MATCH
"oneacrefund/ocs-fulfillment-plan","oneacrefund/ocs-fulfillment-plan","2872",true,true,MATCH
"oneacrefund/ocs-fulfillment-plan","oneacrefund/ocs-fulfillment-plan","2873",true,true,MATCH
"[SUMMARY]","oneacrefund/ocs-fulfillment-plan","oneacrefund/ocs-fulfillment-plan","ACR=60","ECR=60","MATCH=60 | MISSING_IN_ECR=0 | ECR_ONLY=0"
"oneacrefund/ocs-reserve-consumer","oneacrefund/ocs-reserve-consumer","1523",true,true,MATCH
"oneacrefund/ocs-reserve-consumer","oneacrefund/ocs-reserve-consumer","1524",true,true,MATCH
"oneacrefund/ocs-reserve-consumer","oneacrefund/ocs-reserve-consumer","1525",true,true,MATCH
"oneacrefund/ocs-reserve-consumer","oneacrefund/ocs-reserve-consumer","1526",true,true,MATCH
"oneacrefund/ocs-reserve-consumer","oneacrefund/ocs-reserve-consumer","1528",true,true,MATCH
"oneacrefund/ocs-reserve-consumer","oneacrefund/ocs-reserve-consumer","1529",true,true,MATCH
"oneacrefund/ocs-reserve-consumer","oneacrefund/ocs-reserve-consumer","1530",true,true,MATCH
"oneacrefund/ocs-reserve-consumer","oneacrefund/ocs-reserve-consumer","1537",true,true,MATCH
"oneacrefund/ocs-reserve-consumer","oneacrefund/ocs-reserve-consumer","1538",true,true,MATCH
"oneacrefund/ocs-reserve-consumer","oneacrefund/ocs-reserve-consumer","1609",true,true,MATCH
"oneacrefund/ocs-reserve-consumer","oneacrefund/ocs-reserve-consumer","1612",true,true,MATCH
"oneacrefund/ocs-reserve-consumer","oneacrefund/ocs-reserve-consumer","1613",true,true,MATCH
"oneacrefund/ocs-reserve-consumer","oneacrefund/ocs-reserve-consumer","1708",true,true,MATCH
"oneacrefund/ocs-reserve-consumer","oneacrefund/ocs-reserve-consumer","1727",true,true,MATCH
"oneacrefund/ocs-reserve-consumer","oneacrefund/ocs-reserve-consumer","1762",true,true,MATCH
"oneacrefund/ocs-reserve-consumer","oneacrefund/ocs-reserve-consumer","1763",true,true,MATCH
"oneacrefund/ocs-reserve-consumer","oneacrefund/ocs-reserve-consumer","1764",true,true,MATCH
"oneacrefund/ocs-reserve-consumer","oneacrefund/ocs-reserve-consumer","1765",true,true,MATCH
"oneacrefund/ocs-reserve-consumer","oneacrefund/ocs-reserve-consumer","1766",true,true,MATCH
"oneacrefund/ocs-reserve-consumer","oneacrefund/ocs-reserve-consumer","1767",true,true,MATCH
"oneacrefund/ocs-reserve-consumer","oneacrefund/ocs-reserve-consumer","1785",true,true,MATCH
"oneacrefund/ocs-reserve-consumer","oneacrefund/ocs-reserve-consumer","1786",true,true,MATCH
"oneacrefund/ocs-reserve-consumer","oneacrefund/ocs-reserve-consumer","1792",true,true,MATCH
"oneacrefund/ocs-reserve-consumer","oneacrefund/ocs-reserve-consumer","1794",true,true,MATCH
"oneacrefund/ocs-reserve-consumer","oneacrefund/ocs-reserve-consumer","1796",true,true,MATCH
"oneacrefund/ocs-reserve-consumer","oneacrefund/ocs-reserve-consumer","1797",true,true,MATCH
"oneacrefund/ocs-reserve-consumer","oneacrefund/ocs-reserve-consumer","1853",true,true,MATCH
"oneacrefund/ocs-reserve-consumer","oneacrefund/ocs-reserve-consumer","1857",true,true,MATCH
"oneacrefund/ocs-reserve-consumer","oneacrefund/ocs-reserve-consumer","1987",true,true,MATCH
"oneacrefund/ocs-reserve-consumer","oneacrefund/ocs-reserve-consumer","1989",true,true,MATCH
"oneacrefund/ocs-reserve-consumer","oneacrefund/ocs-reserve-consumer","1993",true,true,MATCH
"oneacrefund/ocs-reserve-consumer","oneacrefund/ocs-reserve-consumer","1996",true,true,MATCH
"oneacrefund/ocs-reserve-consumer","oneacrefund/ocs-reserve-consumer","2012",true,true,MATCH
"oneacrefund/ocs-reserve-consumer","oneacrefund/ocs-reserve-consumer","2014",true,true,MATCH
"oneacrefund/ocs-reserve-consumer","oneacrefund/ocs-reserve-consumer","2015",true,true,MATCH
"oneacrefund/ocs-reserve-consumer","oneacrefund/ocs-reserve-consumer","2017",true,true,MATCH
"oneacrefund/ocs-reserve-consumer","oneacrefund/ocs-reserve-consumer","2018",true,true,MATCH
"oneacrefund/ocs-reserve-consumer","oneacrefund/ocs-reserve-consumer","2019",true,true,MATCH
"oneacrefund/ocs-reserve-consumer","oneacrefund/ocs-reserve-consumer","2039",true,true,MATCH
"oneacrefund/ocs-reserve-consumer","oneacrefund/ocs-reserve-consumer","2041",true,true,MATCH
"oneacrefund/ocs-reserve-consumer","oneacrefund/ocs-reserve-consumer","2046",true,true,MATCH
"oneacrefund/ocs-reserve-consumer","oneacrefund/ocs-reserve-consumer","2053",true,true,MATCH
"oneacrefund/ocs-reserve-consumer","oneacrefund/ocs-reserve-consumer","2056",true,true,MATCH
"oneacrefund/ocs-reserve-consumer","oneacrefund/ocs-reserve-consumer","2058",true,true,MATCH
"oneacrefund/ocs-reserve-consumer","oneacrefund/ocs-reserve-consumer","2198",true,true,MATCH
"oneacrefund/ocs-reserve-consumer","oneacrefund/ocs-reserve-consumer","2230",true,true,MATCH
"oneacrefund/ocs-reserve-consumer","oneacrefund/ocs-reserve-consumer","2233",true,true,MATCH
"oneacrefund/ocs-reserve-consumer","oneacrefund/ocs-reserve-consumer","2234",true,true,MATCH
"oneacrefund/ocs-reserve-consumer","oneacrefund/ocs-reserve-consumer","2250",true,true,MATCH
"oneacrefund/ocs-reserve-consumer","oneacrefund/ocs-reserve-consumer","2439",true,true,MATCH
"oneacrefund/ocs-reserve-consumer","oneacrefund/ocs-reserve-consumer","2468",true,true,MATCH
"oneacrefund/ocs-reserve-consumer","oneacrefund/ocs-reserve-consumer","2472",true,true,MATCH
"oneacrefund/ocs-reserve-consumer","oneacrefund/ocs-reserve-consumer","2474",true,true,MATCH
"oneacrefund/ocs-reserve-consumer","oneacrefund/ocs-reserve-consumer","2475",true,true,MATCH
"oneacrefund/ocs-reserve-consumer","oneacrefund/ocs-reserve-consumer","2478",true,true,MATCH
"oneacrefund/ocs-reserve-consumer","oneacrefund/ocs-reserve-consumer","2479",true,true,MATCH
"oneacrefund/ocs-reserve-consumer","oneacrefund/ocs-reserve-consumer","2484",true,true,MATCH
"oneacrefund/ocs-reserve-consumer","oneacrefund/ocs-reserve-consumer","2539",true,true,MATCH
"oneacrefund/ocs-reserve-consumer","oneacrefund/ocs-reserve-consumer","2872",true,true,MATCH
"oneacrefund/ocs-reserve-consumer","oneacrefund/ocs-reserve-consumer","2873",true,true,MATCH
"[SUMMARY]","oneacrefund/ocs-reserve-consumer","oneacrefund/ocs-reserve-consumer","ACR=60","ECR=60","MATCH=60 | MISSING_IN_ECR=0 | ECR_ONLY=0"
"oneacrefund/odoo","oneacrefund/odoo","latest",true,true,MATCH
"oneacrefund/odoo","oneacrefund/odoo","v17.3.2.2026.04.30.10998",true,true,MATCH
"oneacrefund/odoo","oneacrefund/odoo","v17.3.2.2026.04.30.10999",true,true,MATCH
"oneacrefund/odoo","oneacrefund/odoo","v17.3.2.2026.04.30.11000",true,true,MATCH
"oneacrefund/odoo","oneacrefund/odoo","v17.3.2.2026.04.30.11001",true,true,MATCH
"oneacrefund/odoo","oneacrefund/odoo","v17.3.2.2026.04.30.11002",true,true,MATCH
"oneacrefund/odoo","oneacrefund/odoo","v17.3.2.2026.04.30.11003",true,true,MATCH
"oneacrefund/odoo","oneacrefund/odoo","v17.3.3.2026.04.22.10913",true,true,MATCH
"oneacrefund/odoo","oneacrefund/odoo","v17.3.3.2026.04.22.10917",true,true,MATCH
"oneacrefund/odoo","oneacrefund/odoo","v17.3.3.2026.04.22.10918",true,true,MATCH
"oneacrefund/odoo","oneacrefund/odoo","v17.3.3.2026.04.22.10919",true,true,MATCH
"oneacrefund/odoo","oneacrefund/odoo","v17.3.3.2026.04.22.10920",true,true,MATCH
"oneacrefund/odoo","oneacrefund/odoo","v17.3.3.2026.04.22.10921",true,true,MATCH
"oneacrefund/odoo","oneacrefund/odoo","v17.3.3.2026.04.22.10922",true,true,MATCH
"oneacrefund/odoo","oneacrefund/odoo","v17.3.3.2026.04.23.10924",true,true,MATCH
"oneacrefund/odoo","oneacrefund/odoo","v17.3.3.2026.04.23.10926",true,true,MATCH
"oneacrefund/odoo","oneacrefund/odoo","v17.3.3.2026.04.23.10927",true,true,MATCH
"oneacrefund/odoo","oneacrefund/odoo","v17.3.3.2026.04.23.10932",true,true,MATCH
"oneacrefund/odoo","oneacrefund/odoo","v17.3.3.2026.04.23.10933",true,true,MATCH
"oneacrefund/odoo","oneacrefund/odoo","v17.3.3.2026.04.23.10934",true,true,MATCH
"oneacrefund/odoo","oneacrefund/odoo","v17.3.3.2026.04.23.10938",true,true,MATCH
"oneacrefund/odoo","oneacrefund/odoo","v17.3.3.2026.04.23.10939",true,true,MATCH
"oneacrefund/odoo","oneacrefund/odoo","v17.3.3.2026.04.23.10940",true,true,MATCH
"oneacrefund/odoo","oneacrefund/odoo","v17.3.3.2026.04.23.10942",true,true,MATCH
"oneacrefund/odoo","oneacrefund/odoo","v17.3.3.2026.04.23.10943",true,true,MATCH
"oneacrefund/odoo","oneacrefund/odoo","v17.3.3.2026.04.23.10944",true,true,MATCH
"oneacrefund/odoo","oneacrefund/odoo","v17.3.3.2026.04.23.10945",true,true,MATCH
"oneacrefund/odoo","oneacrefund/odoo","v17.3.3.2026.04.23.10947",true,true,MATCH
"oneacrefund/odoo","oneacrefund/odoo","v17.3.3.2026.04.24.10946",true,true,MATCH
"oneacrefund/odoo","oneacrefund/odoo","v17.3.3.2026.04.24.10954",true,true,MATCH
"oneacrefund/odoo","oneacrefund/odoo","v17.3.3.2026.04.24.10955",true,true,MATCH
"oneacrefund/odoo","oneacrefund/odoo","v17.3.3.2026.04.25.10956",true,true,MATCH
"oneacrefund/odoo","oneacrefund/odoo","v17.3.3.2026.04.25.10957",true,true,MATCH
"oneacrefund/odoo","oneacrefund/odoo","v17.3.3.2026.04.25.10958",true,true,MATCH
"oneacrefund/odoo","oneacrefund/odoo","v17.3.3.2026.04.26.10959",true,true,MATCH
"oneacrefund/odoo","oneacrefund/odoo","v17.3.3.2026.04.26.10960",true,true,MATCH
"oneacrefund/odoo","oneacrefund/odoo","v17.3.3.2026.04.26.10961",true,true,MATCH
"oneacrefund/odoo","oneacrefund/odoo","v17.3.3.2026.04.26.10962",true,true,MATCH
"oneacrefund/odoo","oneacrefund/odoo","v17.3.3.2026.04.26.10963",true,true,MATCH
"oneacrefund/odoo","oneacrefund/odoo","v17.3.3.2026.04.26.10964",true,true,MATCH
"oneacrefund/odoo","oneacrefund/odoo","v17.3.3.2026.04.27.10965",true,true,MATCH
"oneacrefund/odoo","oneacrefund/odoo","v17.3.3.2026.04.27.10966",true,true,MATCH
"oneacrefund/odoo","oneacrefund/odoo","v17.3.3.2026.04.27.10967",true,true,MATCH
"oneacrefund/odoo","oneacrefund/odoo","v17.3.3.2026.04.27.10968",true,true,MATCH
"oneacrefund/odoo","oneacrefund/odoo","v17.3.3.2026.04.27.10972",true,true,MATCH
"oneacrefund/odoo","oneacrefund/odoo","v17.3.3.2026.04.27.10973",true,true,MATCH
"oneacrefund/odoo","oneacrefund/odoo","v17.3.3.2026.04.27.10974",true,true,MATCH
"oneacrefund/odoo","oneacrefund/odoo","v17.3.3.2026.04.27.10975",true,true,MATCH
"oneacrefund/odoo","oneacrefund/odoo","v17.3.3.2026.04.28.10977",true,true,MATCH
"oneacrefund/odoo","oneacrefund/odoo","v17.3.3.2026.04.28.10978",true,true,MATCH
"oneacrefund/odoo","oneacrefund/odoo","v17.3.3.2026.04.28.10979",true,true,MATCH
"oneacrefund/odoo","oneacrefund/odoo","v17.3.3.2026.04.28.10980",true,true,MATCH
"oneacrefund/odoo","oneacrefund/odoo","v17.3.3.2026.04.28.10981",true,true,MATCH
"oneacrefund/odoo","oneacrefund/odoo","v17.3.3.2026.04.28.10982",true,true,MATCH
"oneacrefund/odoo","oneacrefund/odoo","v17.3.3.2026.04.28.10983",true,true,MATCH
"oneacrefund/odoo","oneacrefund/odoo","v17.3.3.2026.04.28.10984",true,true,MATCH
"oneacrefund/odoo","oneacrefund/odoo","v17.3.3.2026.04.28.10985",true,true,MATCH
"oneacrefund/odoo","oneacrefund/odoo","v17.3.3.2026.04.28.10986",true,true,MATCH
"oneacrefund/odoo","oneacrefund/odoo","v17.4.0.2026.04.29.10989",true,true,MATCH
"oneacrefund/odoo","oneacrefund/odoo","v17.4.0.2026.04.29.10990",true,true,MATCH
"oneacrefund/odoo","oneacrefund/odoo","v17.4.0.2026.04.29.10991",true,true,MATCH
"oneacrefund/odoo","oneacrefund/odoo","v17.4.0.2026.04.29.10992",true,true,MATCH
"oneacrefund/odoo","oneacrefund/odoo","v17.4.0.2026.04.29.10993",true,true,MATCH
"oneacrefund/odoo","oneacrefund/odoo","v17.4.0.2026.04.29.10994",true,true,MATCH
"oneacrefund/odoo","oneacrefund/odoo","v17.4.0.2026.04.29.10995",true,true,MATCH
"oneacrefund/odoo","oneacrefund/odoo","v17.4.0.2026.04.29.10996",true,true,MATCH
"oneacrefund/odoo","oneacrefund/odoo","v17.4.0.2026.05.01.11004",true,true,MATCH
"oneacrefund/odoo","oneacrefund/odoo","v17.4.0.2026.05.05.11008",true,true,MATCH
"oneacrefund/odoo","oneacrefund/odoo","v17.4.0.2026.05.05.11009",true,true,MATCH
"oneacrefund/odoo","oneacrefund/odoo","v17.4.0.2026.05.05.11010",true,true,MATCH
"oneacrefund/odoo","oneacrefund/odoo","v17.4.0.2026.05.07.11011",true,true,MATCH
"oneacrefund/odoo","oneacrefund/odoo","v17.4.0.2026.05.07.11012",true,true,MATCH
"oneacrefund/odoo","oneacrefund/odoo","v17.4.0.2026.05.07.11013",true,true,MATCH
"oneacrefund/odoo","oneacrefund/odoo","v17.4.0.2026.05.07.11014",true,true,MATCH
"oneacrefund/odoo","oneacrefund/odoo","v17.4.0.2026.05.07.11015",true,true,MATCH
"oneacrefund/odoo","oneacrefund/odoo","v17.4.0.2026.05.07.11016",true,true,MATCH
"oneacrefund/odoo","oneacrefund/odoo","v17.4.0.2026.05.08.11017",true,true,MATCH
"oneacrefund/odoo","oneacrefund/odoo","v17.4.0.2026.05.08.11018",true,true,MATCH
"oneacrefund/odoo","oneacrefund/odoo","v17.4.0.2026.05.09.11019",true,true,MATCH
"oneacrefund/odoo","oneacrefund/odoo","v17.4.0.2026.05.10.11020",true,true,MATCH
"oneacrefund/odoo","oneacrefund/odoo","v17.4.0.2026.05.10.11021",true,true,MATCH
"oneacrefund/odoo","oneacrefund/odoo","v17.4.0.2026.05.12.11022",true,true,MATCH
"oneacrefund/odoo","oneacrefund/odoo","v17.4.0.2026.05.13.11023",true,true,MATCH
"[SUMMARY]","oneacrefund/odoo","oneacrefund/odoo","ACR=83","ECR=83","MATCH=83 | MISSING_IN_ECR=0 | ECR_ONLY=0"
"oneacrefund/odoo-cache","oneacrefund/odoo-cache","20240709.4",true,true,MATCH
"oneacrefund/odoo-cache","oneacrefund/odoo-cache","20240710.1",true,true,MATCH
"oneacrefund/odoo-cache","oneacrefund/odoo-cache","20240710.4",true,true,MATCH
"oneacrefund/odoo-cache","oneacrefund/odoo-cache","20240710.5",true,true,MATCH
"oneacrefund/odoo-cache","oneacrefund/odoo-cache","20240711.14",true,true,MATCH
"oneacrefund/odoo-cache","oneacrefund/odoo-cache","20240711.36",true,true,MATCH
"oneacrefund/odoo-cache","oneacrefund/odoo-cache","20240712.2",true,true,MATCH
"oneacrefund/odoo-cache","oneacrefund/odoo-cache","20240712.3",true,true,MATCH
"oneacrefund/odoo-cache","oneacrefund/odoo-cache","20240712.4",true,true,MATCH
"oneacrefund/odoo-cache","oneacrefund/odoo-cache","20240712.5",true,true,MATCH
"oneacrefund/odoo-cache","oneacrefund/odoo-cache","20240712.6",true,true,MATCH
"oneacrefund/odoo-cache","oneacrefund/odoo-cache","20240712.7",true,true,MATCH
"oneacrefund/odoo-cache","oneacrefund/odoo-cache","20240717.1",true,true,MATCH
"oneacrefund/odoo-cache","oneacrefund/odoo-cache","20240719.13",true,true,MATCH
"oneacrefund/odoo-cache","oneacrefund/odoo-cache","20240719.20",true,true,MATCH
"oneacrefund/odoo-cache","oneacrefund/odoo-cache","20240726.2",true,true,MATCH
"oneacrefund/odoo-cache","oneacrefund/odoo-cache","20240728.2",true,true,MATCH
"oneacrefund/odoo-cache","oneacrefund/odoo-cache","276",true,true,MATCH
"oneacrefund/odoo-cache","oneacrefund/odoo-cache","301",true,true,MATCH
"oneacrefund/odoo-cache","oneacrefund/odoo-cache","383",true,true,MATCH
"oneacrefund/odoo-cache","oneacrefund/odoo-cache","384",true,true,MATCH
"oneacrefund/odoo-cache","oneacrefund/odoo-cache","385",true,true,MATCH
"oneacrefund/odoo-cache","oneacrefund/odoo-cache","386",true,true,MATCH
"oneacrefund/odoo-cache","oneacrefund/odoo-cache","387",true,true,MATCH
"oneacrefund/odoo-cache","oneacrefund/odoo-cache","406",true,true,MATCH
"oneacrefund/odoo-cache","oneacrefund/odoo-cache","408",true,true,MATCH
"oneacrefund/odoo-cache","oneacrefund/odoo-cache","413",true,true,MATCH
"oneacrefund/odoo-cache","oneacrefund/odoo-cache","414",true,true,MATCH
"oneacrefund/odoo-cache","oneacrefund/odoo-cache","429",true,true,MATCH
"oneacrefund/odoo-cache","oneacrefund/odoo-cache","444",true,true,MATCH
"oneacrefund/odoo-cache","oneacrefund/odoo-cache","445",true,true,MATCH
"oneacrefund/odoo-cache","oneacrefund/odoo-cache","446",true,true,MATCH
"oneacrefund/odoo-cache","oneacrefund/odoo-cache","447",true,true,MATCH
"oneacrefund/odoo-cache","oneacrefund/odoo-cache","448",true,true,MATCH
"oneacrefund/odoo-cache","oneacrefund/odoo-cache","478",true,true,MATCH
"oneacrefund/odoo-cache","oneacrefund/odoo-cache","534",true,true,MATCH
"oneacrefund/odoo-cache","oneacrefund/odoo-cache","544",true,true,MATCH
"oneacrefund/odoo-cache","oneacrefund/odoo-cache","549",true,true,MATCH
"oneacrefund/odoo-cache","oneacrefund/odoo-cache","553",true,true,MATCH
"oneacrefund/odoo-cache","oneacrefund/odoo-cache","562",true,true,MATCH
"[SUMMARY]","oneacrefund/odoo-cache","oneacrefund/odoo-cache","ACR=40","ECR=40","MATCH=40 | MISSING_IN_ECR=0 | ECR_ONLY=0"
"[SUMMARY]","oneacrefund/odoo-locust","oneacrefund/odoo-locust","ACR=0","ECR=0","MATCH=0 | MISSING_IN_ECR=0 | ECR_ONLY=0"
"oneacrefund/odoo-procurement","oneacrefund/odoo-procurement","v1.0.0.2024.07.24.260",true,true,MATCH
"oneacrefund/odoo-procurement","oneacrefund/odoo-procurement","v1.0.0.2024.07.25.261",true,true,MATCH
"oneacrefund/odoo-procurement","oneacrefund/odoo-procurement","v1.0.0.2024.07.26.262",true,true,MATCH
"oneacrefund/odoo-procurement","oneacrefund/odoo-procurement","v1.0.0.2024.07.27.263",true,true,MATCH
"oneacrefund/odoo-procurement","oneacrefund/odoo-procurement","v1.0.0.2024.07.28.264",true,true,MATCH
"oneacrefund/odoo-procurement","oneacrefund/odoo-procurement","v1.0.0.2024.07.29.265",true,true,MATCH
"oneacrefund/odoo-procurement","oneacrefund/odoo-procurement","v1.0.0.2024.07.30.266",true,true,MATCH
"oneacrefund/odoo-procurement","oneacrefund/odoo-procurement","v1.0.0.2024.07.31.267",true,true,MATCH
"oneacrefund/odoo-procurement","oneacrefund/odoo-procurement","v1.0.0.2024.08.01.268",true,true,MATCH
"oneacrefund/odoo-procurement","oneacrefund/odoo-procurement","v1.0.0.2024.08.02.269",true,true,MATCH
"oneacrefund/odoo-procurement","oneacrefund/odoo-procurement","v1.0.0.2025.07.08.615",true,true,MATCH
"oneacrefund/odoo-procurement","oneacrefund/odoo-procurement","v1.0.0.2025.07.08.616",true,true,MATCH
"oneacrefund/odoo-procurement","oneacrefund/odoo-procurement","v1.0.0.2025.07.08.617",true,true,MATCH
"[SUMMARY]","oneacrefund/odoo-procurement","oneacrefund/odoo-procurement","ACR=13","ECR=13","MATCH=13 | MISSING_IN_ECR=0 | ECR_ONLY=0"
"oneacrefund/odoo-producer","oneacrefund/odoo-producer","3300",true,true,MATCH
"oneacrefund/odoo-producer","oneacrefund/odoo-producer","3302",true,true,MATCH
"oneacrefund/odoo-producer","oneacrefund/odoo-producer","3305",true,true,MATCH
"oneacrefund/odoo-producer","oneacrefund/odoo-producer","3340",true,true,MATCH
"oneacrefund/odoo-producer","oneacrefund/odoo-producer","3341",true,true,MATCH
"oneacrefund/odoo-producer","oneacrefund/odoo-producer","3342",true,true,MATCH
"oneacrefund/odoo-producer","oneacrefund/odoo-producer","3343",true,true,MATCH
"oneacrefund/odoo-producer","oneacrefund/odoo-producer","3344",true,true,MATCH
"oneacrefund/odoo-producer","oneacrefund/odoo-producer","3345",true,true,MATCH
"oneacrefund/odoo-producer","oneacrefund/odoo-producer","3346",true,true,MATCH
"oneacrefund/odoo-producer","oneacrefund/odoo-producer","3347",true,true,MATCH
"oneacrefund/odoo-producer","oneacrefund/odoo-producer","3348",true,true,MATCH
"oneacrefund/odoo-producer","oneacrefund/odoo-producer","3349",true,true,MATCH
"oneacrefund/odoo-producer","oneacrefund/odoo-producer","3350",true,true,MATCH
"oneacrefund/odoo-producer","oneacrefund/odoo-producer","3351",true,true,MATCH
"oneacrefund/odoo-producer","oneacrefund/odoo-producer","3353",true,true,MATCH
"oneacrefund/odoo-producer","oneacrefund/odoo-producer","3355",true,true,MATCH
"oneacrefund/odoo-producer","oneacrefund/odoo-producer","3357",true,true,MATCH
"oneacrefund/odoo-producer","oneacrefund/odoo-producer","3358",true,true,MATCH
"oneacrefund/odoo-producer","oneacrefund/odoo-producer","3359",true,true,MATCH
"oneacrefund/odoo-producer","oneacrefund/odoo-producer","3360",true,true,MATCH
"oneacrefund/odoo-producer","oneacrefund/odoo-producer","3385",true,true,MATCH
"oneacrefund/odoo-producer","oneacrefund/odoo-producer","3459",true,true,MATCH
"oneacrefund/odoo-producer","oneacrefund/odoo-producer","3504",true,true,MATCH
"oneacrefund/odoo-producer","oneacrefund/odoo-producer","3505",true,true,MATCH
"oneacrefund/odoo-producer","oneacrefund/odoo-producer","3506",true,true,MATCH
"oneacrefund/odoo-producer","oneacrefund/odoo-producer","3507",true,true,MATCH
"oneacrefund/odoo-producer","oneacrefund/odoo-producer","3508",true,true,MATCH
"oneacrefund/odoo-producer","oneacrefund/odoo-producer","3509",true,true,MATCH
"oneacrefund/odoo-producer","oneacrefund/odoo-producer","3510",true,true,MATCH
"oneacrefund/odoo-producer","oneacrefund/odoo-producer","3523",true,true,MATCH
"oneacrefund/odoo-producer","oneacrefund/odoo-producer","3524",true,true,MATCH
"oneacrefund/odoo-producer","oneacrefund/odoo-producer","3525",true,true,MATCH
"oneacrefund/odoo-producer","oneacrefund/odoo-producer","3526",true,true,MATCH
"oneacrefund/odoo-producer","oneacrefund/odoo-producer","3551",true,true,MATCH
"oneacrefund/odoo-producer","oneacrefund/odoo-producer","3559",true,true,MATCH
"oneacrefund/odoo-producer","oneacrefund/odoo-producer","3561",true,true,MATCH
"oneacrefund/odoo-producer","oneacrefund/odoo-producer","3563",true,true,MATCH
"oneacrefund/odoo-producer","oneacrefund/odoo-producer","3564",true,true,MATCH
"oneacrefund/odoo-producer","oneacrefund/odoo-producer","3565",true,true,MATCH
"oneacrefund/odoo-producer","oneacrefund/odoo-producer","3589",true,true,MATCH
"oneacrefund/odoo-producer","oneacrefund/odoo-producer","3630",true,true,MATCH
"oneacrefund/odoo-producer","oneacrefund/odoo-producer","3640",true,true,MATCH
"oneacrefund/odoo-producer","oneacrefund/odoo-producer","3665",true,true,MATCH
"oneacrefund/odoo-producer","oneacrefund/odoo-producer","3695",true,true,MATCH
"oneacrefund/odoo-producer","oneacrefund/odoo-producer","3759",true,true,MATCH
"oneacrefund/odoo-producer","oneacrefund/odoo-producer","3761",true,true,MATCH
"oneacrefund/odoo-producer","oneacrefund/odoo-producer","3765",true,true,MATCH
"oneacrefund/odoo-producer","oneacrefund/odoo-producer","3771",true,true,MATCH
"oneacrefund/odoo-producer","oneacrefund/odoo-producer","3773",true,true,MATCH
"oneacrefund/odoo-producer","oneacrefund/odoo-producer","3795",true,true,MATCH
"oneacrefund/odoo-producer","oneacrefund/odoo-producer","3802",true,true,MATCH
"oneacrefund/odoo-producer","oneacrefund/odoo-producer","3803",true,true,MATCH
"oneacrefund/odoo-producer","oneacrefund/odoo-producer","3805",true,true,MATCH
"oneacrefund/odoo-producer","oneacrefund/odoo-producer","3811",true,true,MATCH
"oneacrefund/odoo-producer","oneacrefund/odoo-producer","3813",true,true,MATCH
"oneacrefund/odoo-producer","oneacrefund/odoo-producer","3814",true,true,MATCH
"oneacrefund/odoo-producer","oneacrefund/odoo-producer","3815",true,true,MATCH
"oneacrefund/odoo-producer","oneacrefund/odoo-producer","4091",true,true,MATCH
"oneacrefund/odoo-producer","oneacrefund/odoo-producer","4092",true,true,MATCH
"[SUMMARY]","oneacrefund/odoo-producer","oneacrefund/odoo-producer","ACR=60","ECR=60","MATCH=60 | MISSING_IN_ECR=0 | ECR_ONLY=0"
"oneacrefund/odoo-sapb1-consumer","oneacrefund/odoo-sapb1-consumer","3724",true,true,MATCH
"oneacrefund/odoo-sapb1-consumer","oneacrefund/odoo-sapb1-consumer","3725",true,true,MATCH
"oneacrefund/odoo-sapb1-consumer","oneacrefund/odoo-sapb1-consumer","3726",true,true,MATCH
"oneacrefund/odoo-sapb1-consumer","oneacrefund/odoo-sapb1-consumer","3732",true,true,MATCH
"oneacrefund/odoo-sapb1-consumer","oneacrefund/odoo-sapb1-consumer","3737",true,true,MATCH
"oneacrefund/odoo-sapb1-consumer","oneacrefund/odoo-sapb1-consumer","3738",true,true,MATCH
"oneacrefund/odoo-sapb1-consumer","oneacrefund/odoo-sapb1-consumer","3739",true,true,MATCH
"oneacrefund/odoo-sapb1-consumer","oneacrefund/odoo-sapb1-consumer","3740",true,true,MATCH
"oneacrefund/odoo-sapb1-consumer","oneacrefund/odoo-sapb1-consumer","3741",true,true,MATCH
"oneacrefund/odoo-sapb1-consumer","oneacrefund/odoo-sapb1-consumer","3742",true,true,MATCH
"oneacrefund/odoo-sapb1-consumer","oneacrefund/odoo-sapb1-consumer","3743",true,true,MATCH
"oneacrefund/odoo-sapb1-consumer","oneacrefund/odoo-sapb1-consumer","3744",true,true,MATCH
"oneacrefund/odoo-sapb1-consumer","oneacrefund/odoo-sapb1-consumer","3760",true,true,MATCH
"oneacrefund/odoo-sapb1-consumer","oneacrefund/odoo-sapb1-consumer","3761",true,true,MATCH
"oneacrefund/odoo-sapb1-consumer","oneacrefund/odoo-sapb1-consumer","3764",true,true,MATCH
"oneacrefund/odoo-sapb1-consumer","oneacrefund/odoo-sapb1-consumer","3765",true,true,MATCH
"oneacrefund/odoo-sapb1-consumer","oneacrefund/odoo-sapb1-consumer","3770",true,true,MATCH
"oneacrefund/odoo-sapb1-consumer","oneacrefund/odoo-sapb1-consumer","3771",true,true,MATCH
"oneacrefund/odoo-sapb1-consumer","oneacrefund/odoo-sapb1-consumer","3772",true,true,MATCH
"oneacrefund/odoo-sapb1-consumer","oneacrefund/odoo-sapb1-consumer","3773",true,true,MATCH
"oneacrefund/odoo-sapb1-consumer","oneacrefund/odoo-sapb1-consumer","3795",true,true,MATCH
"oneacrefund/odoo-sapb1-consumer","oneacrefund/odoo-sapb1-consumer","3801",true,true,MATCH
"oneacrefund/odoo-sapb1-consumer","oneacrefund/odoo-sapb1-consumer","3803",true,true,MATCH
"oneacrefund/odoo-sapb1-consumer","oneacrefund/odoo-sapb1-consumer","3804",true,true,MATCH
"oneacrefund/odoo-sapb1-consumer","oneacrefund/odoo-sapb1-consumer","3805",true,true,MATCH
"oneacrefund/odoo-sapb1-consumer","oneacrefund/odoo-sapb1-consumer","3811",true,true,MATCH
"oneacrefund/odoo-sapb1-consumer","oneacrefund/odoo-sapb1-consumer","3813",true,true,MATCH
"oneacrefund/odoo-sapb1-consumer","oneacrefund/odoo-sapb1-consumer","3814",true,true,MATCH
"oneacrefund/odoo-sapb1-consumer","oneacrefund/odoo-sapb1-consumer","3815",true,true,MATCH
"oneacrefund/odoo-sapb1-consumer","oneacrefund/odoo-sapb1-consumer","3972",true,true,MATCH
"oneacrefund/odoo-sapb1-consumer","oneacrefund/odoo-sapb1-consumer","3973",true,true,MATCH
"oneacrefund/odoo-sapb1-consumer","oneacrefund/odoo-sapb1-consumer","3974",true,true,MATCH
"oneacrefund/odoo-sapb1-consumer","oneacrefund/odoo-sapb1-consumer","4051",true,true,MATCH
"oneacrefund/odoo-sapb1-consumer","oneacrefund/odoo-sapb1-consumer","4052",true,true,MATCH
"oneacrefund/odoo-sapb1-consumer","oneacrefund/odoo-sapb1-consumer","4060",true,true,MATCH
"oneacrefund/odoo-sapb1-consumer","oneacrefund/odoo-sapb1-consumer","4061",true,true,MATCH
"oneacrefund/odoo-sapb1-consumer","oneacrefund/odoo-sapb1-consumer","4062",true,true,MATCH
"oneacrefund/odoo-sapb1-consumer","oneacrefund/odoo-sapb1-consumer","4063",true,true,MATCH
"oneacrefund/odoo-sapb1-consumer","oneacrefund/odoo-sapb1-consumer","4064",true,true,MATCH
"oneacrefund/odoo-sapb1-consumer","oneacrefund/odoo-sapb1-consumer","4086",true,true,MATCH
"oneacrefund/odoo-sapb1-consumer","oneacrefund/odoo-sapb1-consumer","4087",true,true,MATCH
"oneacrefund/odoo-sapb1-consumer","oneacrefund/odoo-sapb1-consumer","4088",true,true,MATCH
"oneacrefund/odoo-sapb1-consumer","oneacrefund/odoo-sapb1-consumer","4089",true,true,MATCH
"oneacrefund/odoo-sapb1-consumer","oneacrefund/odoo-sapb1-consumer","4093",true,true,MATCH
"oneacrefund/odoo-sapb1-consumer","oneacrefund/odoo-sapb1-consumer","4094",true,true,MATCH
"oneacrefund/odoo-sapb1-consumer","oneacrefund/odoo-sapb1-consumer","4097",true,true,MATCH
"oneacrefund/odoo-sapb1-consumer","oneacrefund/odoo-sapb1-consumer","4098",true,true,MATCH
"oneacrefund/odoo-sapb1-consumer","oneacrefund/odoo-sapb1-consumer","4102",true,true,MATCH
"oneacrefund/odoo-sapb1-consumer","oneacrefund/odoo-sapb1-consumer","4106",true,true,MATCH
"oneacrefund/odoo-sapb1-consumer","oneacrefund/odoo-sapb1-consumer","4107",true,true,MATCH
"oneacrefund/odoo-sapb1-consumer","oneacrefund/odoo-sapb1-consumer","4108",true,true,MATCH
"oneacrefund/odoo-sapb1-consumer","oneacrefund/odoo-sapb1-consumer","4109",true,true,MATCH
"oneacrefund/odoo-sapb1-consumer","oneacrefund/odoo-sapb1-consumer","4111",true,true,MATCH
"oneacrefund/odoo-sapb1-consumer","oneacrefund/odoo-sapb1-consumer","4112",true,true,MATCH
"oneacrefund/odoo-sapb1-consumer","oneacrefund/odoo-sapb1-consumer","4114",true,true,MATCH
"oneacrefund/odoo-sapb1-consumer","oneacrefund/odoo-sapb1-consumer","4120",true,true,MATCH
"oneacrefund/odoo-sapb1-consumer","oneacrefund/odoo-sapb1-consumer","4127",true,true,MATCH
"oneacrefund/odoo-sapb1-consumer","oneacrefund/odoo-sapb1-consumer","4129",true,true,MATCH
"oneacrefund/odoo-sapb1-consumer","oneacrefund/odoo-sapb1-consumer","4133",true,true,MATCH
"oneacrefund/odoo-sapb1-consumer","oneacrefund/odoo-sapb1-consumer","4141",true,true,MATCH
"oneacrefund/odoo-sapb1-consumer","oneacrefund/odoo-sapb1-consumer","4177",true,true,MATCH
"oneacrefund/odoo-sapb1-consumer","oneacrefund/odoo-sapb1-consumer","4178",true,true,MATCH
"oneacrefund/odoo-sapb1-consumer","oneacrefund/odoo-sapb1-consumer","4179",true,true,MATCH
"oneacrefund/odoo-sapb1-consumer","oneacrefund/odoo-sapb1-consumer","4181",true,true,MATCH
"oneacrefund/odoo-sapb1-consumer","oneacrefund/odoo-sapb1-consumer","4183",true,true,MATCH
"oneacrefund/odoo-sapb1-consumer","oneacrefund/odoo-sapb1-consumer","4201",true,true,MATCH
"oneacrefund/odoo-sapb1-consumer","oneacrefund/odoo-sapb1-consumer","4202",true,true,MATCH
"oneacrefund/odoo-sapb1-consumer","oneacrefund/odoo-sapb1-consumer","4203",true,true,MATCH
"oneacrefund/odoo-sapb1-consumer","oneacrefund/odoo-sapb1-consumer","4204",true,true,MATCH
"oneacrefund/odoo-sapb1-consumer","oneacrefund/odoo-sapb1-consumer","4225",true,true,MATCH
"oneacrefund/odoo-sapb1-consumer","oneacrefund/odoo-sapb1-consumer","4226",true,true,MATCH
"oneacrefund/odoo-sapb1-consumer","oneacrefund/odoo-sapb1-consumer","4247",true,true,MATCH
"oneacrefund/odoo-sapb1-consumer","oneacrefund/odoo-sapb1-consumer","4248",true,true,MATCH
"[SUMMARY]","oneacrefund/odoo-sapb1-consumer","oneacrefund/odoo-sapb1-consumer","ACR=73","ECR=73","MATCH=73 | MISSING_IN_ECR=0 | ECR_ONLY=0"
"oneacrefund/odoo-sapb1-sales-consumer","oneacrefund/odoo-sapb1-sales-consumer","3873",true,true,MATCH
"oneacrefund/odoo-sapb1-sales-consumer","oneacrefund/odoo-sapb1-sales-consumer","3875",true,true,MATCH
"oneacrefund/odoo-sapb1-sales-consumer","oneacrefund/odoo-sapb1-sales-consumer","3876",true,true,MATCH
"oneacrefund/odoo-sapb1-sales-consumer","oneacrefund/odoo-sapb1-sales-consumer","3887",true,true,MATCH
"oneacrefund/odoo-sapb1-sales-consumer","oneacrefund/odoo-sapb1-sales-consumer","3888",true,true,MATCH
"oneacrefund/odoo-sapb1-sales-consumer","oneacrefund/odoo-sapb1-sales-consumer","3889",true,true,MATCH
"oneacrefund/odoo-sapb1-sales-consumer","oneacrefund/odoo-sapb1-sales-consumer","3892",true,true,MATCH
"oneacrefund/odoo-sapb1-sales-consumer","oneacrefund/odoo-sapb1-sales-consumer","3895",true,true,MATCH
"oneacrefund/odoo-sapb1-sales-consumer","oneacrefund/odoo-sapb1-sales-consumer","3896",true,true,MATCH
"oneacrefund/odoo-sapb1-sales-consumer","oneacrefund/odoo-sapb1-sales-consumer","3897",true,true,MATCH
"oneacrefund/odoo-sapb1-sales-consumer","oneacrefund/odoo-sapb1-sales-consumer","3898",true,true,MATCH
"oneacrefund/odoo-sapb1-sales-consumer","oneacrefund/odoo-sapb1-sales-consumer","3903",true,true,MATCH
"oneacrefund/odoo-sapb1-sales-consumer","oneacrefund/odoo-sapb1-sales-consumer","3911",true,true,MATCH
"oneacrefund/odoo-sapb1-sales-consumer","oneacrefund/odoo-sapb1-sales-consumer","3912",true,true,MATCH
"oneacrefund/odoo-sapb1-sales-consumer","oneacrefund/odoo-sapb1-sales-consumer","3939",true,true,MATCH
"oneacrefund/odoo-sapb1-sales-consumer","oneacrefund/odoo-sapb1-sales-consumer","3943",true,true,MATCH
"oneacrefund/odoo-sapb1-sales-consumer","oneacrefund/odoo-sapb1-sales-consumer","3944",true,true,MATCH
"oneacrefund/odoo-sapb1-sales-consumer","oneacrefund/odoo-sapb1-sales-consumer","3945",true,true,MATCH
"oneacrefund/odoo-sapb1-sales-consumer","oneacrefund/odoo-sapb1-sales-consumer","3946",true,true,MATCH
"oneacrefund/odoo-sapb1-sales-consumer","oneacrefund/odoo-sapb1-sales-consumer","3949",true,true,MATCH
"oneacrefund/odoo-sapb1-sales-consumer","oneacrefund/odoo-sapb1-sales-consumer","3953",true,true,MATCH
"oneacrefund/odoo-sapb1-sales-consumer","oneacrefund/odoo-sapb1-sales-consumer","3955",true,true,MATCH
"oneacrefund/odoo-sapb1-sales-consumer","oneacrefund/odoo-sapb1-sales-consumer","3962",true,true,MATCH
"oneacrefund/odoo-sapb1-sales-consumer","oneacrefund/odoo-sapb1-sales-consumer","3964",true,true,MATCH
"oneacrefund/odoo-sapb1-sales-consumer","oneacrefund/odoo-sapb1-sales-consumer","3967",true,true,MATCH
"oneacrefund/odoo-sapb1-sales-consumer","oneacrefund/odoo-sapb1-sales-consumer","3968",true,true,MATCH
"oneacrefund/odoo-sapb1-sales-consumer","oneacrefund/odoo-sapb1-sales-consumer","3969",true,true,MATCH
"oneacrefund/odoo-sapb1-sales-consumer","oneacrefund/odoo-sapb1-sales-consumer","3970",true,true,MATCH
"oneacrefund/odoo-sapb1-sales-consumer","oneacrefund/odoo-sapb1-sales-consumer","3971",true,true,MATCH
"oneacrefund/odoo-sapb1-sales-consumer","oneacrefund/odoo-sapb1-sales-consumer","3975",true,true,MATCH
"oneacrefund/odoo-sapb1-sales-consumer","oneacrefund/odoo-sapb1-sales-consumer","3976",true,true,MATCH
"oneacrefund/odoo-sapb1-sales-consumer","oneacrefund/odoo-sapb1-sales-consumer","3977",true,true,MATCH
"oneacrefund/odoo-sapb1-sales-consumer","oneacrefund/odoo-sapb1-sales-consumer","3978",true,true,MATCH
"oneacrefund/odoo-sapb1-sales-consumer","oneacrefund/odoo-sapb1-sales-consumer","3979",true,true,MATCH
"oneacrefund/odoo-sapb1-sales-consumer","oneacrefund/odoo-sapb1-sales-consumer","3980",true,true,MATCH
"oneacrefund/odoo-sapb1-sales-consumer","oneacrefund/odoo-sapb1-sales-consumer","3981",true,true,MATCH
"oneacrefund/odoo-sapb1-sales-consumer","oneacrefund/odoo-sapb1-sales-consumer","3982",true,true,MATCH
"oneacrefund/odoo-sapb1-sales-consumer","oneacrefund/odoo-sapb1-sales-consumer","3983",true,true,MATCH
"oneacrefund/odoo-sapb1-sales-consumer","oneacrefund/odoo-sapb1-sales-consumer","3984",true,true,MATCH
"oneacrefund/odoo-sapb1-sales-consumer","oneacrefund/odoo-sapb1-sales-consumer","3986",true,true,MATCH
"oneacrefund/odoo-sapb1-sales-consumer","oneacrefund/odoo-sapb1-sales-consumer","3990",true,true,MATCH
"oneacrefund/odoo-sapb1-sales-consumer","oneacrefund/odoo-sapb1-sales-consumer","3991",true,true,MATCH
"oneacrefund/odoo-sapb1-sales-consumer","oneacrefund/odoo-sapb1-sales-consumer","3993",true,true,MATCH
"oneacrefund/odoo-sapb1-sales-consumer","oneacrefund/odoo-sapb1-sales-consumer","3994",true,true,MATCH
"oneacrefund/odoo-sapb1-sales-consumer","oneacrefund/odoo-sapb1-sales-consumer","4003",true,true,MATCH
"oneacrefund/odoo-sapb1-sales-consumer","oneacrefund/odoo-sapb1-sales-consumer","4004",true,true,MATCH
"oneacrefund/odoo-sapb1-sales-consumer","oneacrefund/odoo-sapb1-sales-consumer","4009",true,true,MATCH
"oneacrefund/odoo-sapb1-sales-consumer","oneacrefund/odoo-sapb1-sales-consumer","4010",true,true,MATCH
"oneacrefund/odoo-sapb1-sales-consumer","oneacrefund/odoo-sapb1-sales-consumer","4012",true,true,MATCH
"oneacrefund/odoo-sapb1-sales-consumer","oneacrefund/odoo-sapb1-sales-consumer","4013",true,true,MATCH
"oneacrefund/odoo-sapb1-sales-consumer","oneacrefund/odoo-sapb1-sales-consumer","4014",true,true,MATCH
"oneacrefund/odoo-sapb1-sales-consumer","oneacrefund/odoo-sapb1-sales-consumer","4015",true,true,MATCH
"oneacrefund/odoo-sapb1-sales-consumer","oneacrefund/odoo-sapb1-sales-consumer","4045",true,true,MATCH
"oneacrefund/odoo-sapb1-sales-consumer","oneacrefund/odoo-sapb1-sales-consumer","4070",true,true,MATCH
"oneacrefund/odoo-sapb1-sales-consumer","oneacrefund/odoo-sapb1-sales-consumer","4071",true,true,MATCH
"oneacrefund/odoo-sapb1-sales-consumer","oneacrefund/odoo-sapb1-sales-consumer","4072",true,true,MATCH
"oneacrefund/odoo-sapb1-sales-consumer","oneacrefund/odoo-sapb1-sales-consumer","4073",true,true,MATCH
"oneacrefund/odoo-sapb1-sales-consumer","oneacrefund/odoo-sapb1-sales-consumer","4106",true,true,MATCH
"oneacrefund/odoo-sapb1-sales-consumer","oneacrefund/odoo-sapb1-sales-consumer","4107",true,true,MATCH
"oneacrefund/odoo-sapb1-sales-consumer","oneacrefund/odoo-sapb1-sales-consumer","4108",true,true,MATCH
"oneacrefund/odoo-sapb1-sales-consumer","oneacrefund/odoo-sapb1-sales-consumer","4187",true,true,MATCH
"oneacrefund/odoo-sapb1-sales-consumer","oneacrefund/odoo-sapb1-sales-consumer","4219",true,true,MATCH
"[SUMMARY]","oneacrefund/odoo-sapb1-sales-consumer","oneacrefund/odoo-sapb1-sales-consumer","ACR=62","ECR=62","MATCH=62 | MISSING_IN_ECR=0 | ECR_ONLY=0"
"[SUMMARY]","oneacrefund/odoo-service","oneacrefund/odoo-service","ACR=0","ECR=0","MATCH=0 | MISSING_IN_ECR=0 | ECR_ONLY=0"
"oneacrefund/odoo-utilities","oneacrefund/odoo-utilities","v1.0.0.2026.01.21.1855",true,true,MATCH
"oneacrefund/odoo-utilities","oneacrefund/odoo-utilities","v1.0.0.2026.01.26.1859",true,true,MATCH
"oneacrefund/odoo-utilities","oneacrefund/odoo-utilities","v1.0.0.2026.01.26.1860",true,true,MATCH
"oneacrefund/odoo-utilities","oneacrefund/odoo-utilities","v1.0.0.2026.01.26.1862",true,true,MATCH
"oneacrefund/odoo-utilities","oneacrefund/odoo-utilities","v1.0.0.2026.02.03.1876",true,true,MATCH
"oneacrefund/odoo-utilities","oneacrefund/odoo-utilities","v1.0.0.2026.02.04.1877",true,true,MATCH
"oneacrefund/odoo-utilities","oneacrefund/odoo-utilities","v1.0.0.2026.02.04.1878",true,true,MATCH
"oneacrefund/odoo-utilities","oneacrefund/odoo-utilities","v1.0.0.2026.02.04.1880",true,true,MATCH
"oneacrefund/odoo-utilities","oneacrefund/odoo-utilities","v1.0.0.2026.02.09.1881",true,true,MATCH
"oneacrefund/odoo-utilities","oneacrefund/odoo-utilities","v1.0.0.2026.02.09.1882",true,true,MATCH
"oneacrefund/odoo-utilities","oneacrefund/odoo-utilities","v1.0.0.2026.02.10.1892",true,true,MATCH
"oneacrefund/odoo-utilities","oneacrefund/odoo-utilities","v1.0.0.2026.02.11.1895",true,true,MATCH
"oneacrefund/odoo-utilities","oneacrefund/odoo-utilities","v1.0.0.2026.02.11.1896",true,true,MATCH
"oneacrefund/odoo-utilities","oneacrefund/odoo-utilities","v1.0.0.2026.02.11.1897",true,true,MATCH
"oneacrefund/odoo-utilities","oneacrefund/odoo-utilities","v1.0.0.2026.02.11.1899",true,true,MATCH
"oneacrefund/odoo-utilities","oneacrefund/odoo-utilities","v1.0.0.2026.02.16.1904",true,true,MATCH
"oneacrefund/odoo-utilities","oneacrefund/odoo-utilities","v1.0.0.2026.02.18.1911",true,true,MATCH
"oneacrefund/odoo-utilities","oneacrefund/odoo-utilities","v1.0.0.2026.02.24.1915",true,true,MATCH
"oneacrefund/odoo-utilities","oneacrefund/odoo-utilities","v1.0.0.2026.03.05.1941",true,true,MATCH
"oneacrefund/odoo-utilities","oneacrefund/odoo-utilities","v1.0.0.2026.03.05.1945",true,true,MATCH
"oneacrefund/odoo-utilities","oneacrefund/odoo-utilities","v1.0.0.2026.03.06.1948",true,true,MATCH
"oneacrefund/odoo-utilities","oneacrefund/odoo-utilities","v1.0.0.2026.03.09.1955",true,true,MATCH
"oneacrefund/odoo-utilities","oneacrefund/odoo-utilities","v1.0.0.2026.03.09.1956",true,true,MATCH
"oneacrefund/odoo-utilities","oneacrefund/odoo-utilities","v1.0.0.2026.03.09.1957",true,true,MATCH
"oneacrefund/odoo-utilities","oneacrefund/odoo-utilities","v1.0.0.2026.03.12.1972",true,true,MATCH
"oneacrefund/odoo-utilities","oneacrefund/odoo-utilities","v1.0.0.2026.03.16.1980",true,true,MATCH
"oneacrefund/odoo-utilities","oneacrefund/odoo-utilities","v1.0.0.2026.03.18.1988",true,true,MATCH
"oneacrefund/odoo-utilities","oneacrefund/odoo-utilities","v1.0.0.2026.03.23.2019",true,true,MATCH
"oneacrefund/odoo-utilities","oneacrefund/odoo-utilities","v1.0.0.2026.03.23.2024",true,true,MATCH
"oneacrefund/odoo-utilities","oneacrefund/odoo-utilities","v1.0.0.2026.03.24.2029",true,true,MATCH
"oneacrefund/odoo-utilities","oneacrefund/odoo-utilities","v1.0.0.2026.03.24.2030",true,true,MATCH
"oneacrefund/odoo-utilities","oneacrefund/odoo-utilities","v1.0.0.2026.03.25.2031",true,true,MATCH
"oneacrefund/odoo-utilities","oneacrefund/odoo-utilities","v1.0.0.2026.03.25.2033",true,true,MATCH
"oneacrefund/odoo-utilities","oneacrefund/odoo-utilities","v1.0.0.2026.03.30.2042",true,true,MATCH
"oneacrefund/odoo-utilities","oneacrefund/odoo-utilities","v1.0.0.2026.03.31.2047",true,true,MATCH
"oneacrefund/odoo-utilities","oneacrefund/odoo-utilities","v1.0.0.2026.04.01.2052",true,true,MATCH
"oneacrefund/odoo-utilities","oneacrefund/odoo-utilities","v1.0.0.2026.04.07.2071",true,true,MATCH
"oneacrefund/odoo-utilities","oneacrefund/odoo-utilities","v1.0.0.2026.04.08.2076",true,true,MATCH
"oneacrefund/odoo-utilities","oneacrefund/odoo-utilities","v1.0.0.2026.04.08.2077",true,true,MATCH
"oneacrefund/odoo-utilities","oneacrefund/odoo-utilities","v1.0.0.2026.04.08.2080",true,true,MATCH
"oneacrefund/odoo-utilities","oneacrefund/odoo-utilities","v1.0.0.2026.04.09.2081",true,true,MATCH
"oneacrefund/odoo-utilities","oneacrefund/odoo-utilities","v1.0.0.2026.04.09.2084",true,true,MATCH
"oneacrefund/odoo-utilities","oneacrefund/odoo-utilities","v1.0.0.2026.04.09.2085",true,true,MATCH
"oneacrefund/odoo-utilities","oneacrefund/odoo-utilities","v1.0.0.2026.04.10.2088",true,true,MATCH
"oneacrefund/odoo-utilities","oneacrefund/odoo-utilities","v1.0.0.2026.04.10.2089",true,true,MATCH
"oneacrefund/odoo-utilities","oneacrefund/odoo-utilities","v1.0.0.2026.04.16.2105",true,true,MATCH
"oneacrefund/odoo-utilities","oneacrefund/odoo-utilities","v1.0.0.2026.04.16.2106",true,true,MATCH
"oneacrefund/odoo-utilities","oneacrefund/odoo-utilities","v1.0.0.2026.04.16.2107",true,true,MATCH
"oneacrefund/odoo-utilities","oneacrefund/odoo-utilities","v1.0.0.2026.04.17.2108",true,true,MATCH
"oneacrefund/odoo-utilities","oneacrefund/odoo-utilities","v1.0.0.2026.04.20.2116",true,true,MATCH
"oneacrefund/odoo-utilities","oneacrefund/odoo-utilities","v1.0.0.2026.04.20.2117",true,true,MATCH
"oneacrefund/odoo-utilities","oneacrefund/odoo-utilities","v1.0.0.2026.04.21.2120",true,true,MATCH
"oneacrefund/odoo-utilities","oneacrefund/odoo-utilities","v1.0.0.2026.04.21.2121",true,true,MATCH
"oneacrefund/odoo-utilities","oneacrefund/odoo-utilities","v1.0.0.2026.04.24.2134",true,true,MATCH
"oneacrefund/odoo-utilities","oneacrefund/odoo-utilities","v1.0.0.2026.04.24.2135",true,true,MATCH
"oneacrefund/odoo-utilities","oneacrefund/odoo-utilities","v1.0.0.2026.04.24.2137",true,true,MATCH
"oneacrefund/odoo-utilities","oneacrefund/odoo-utilities","v1.0.0.2026.04.24.2140",true,true,MATCH
"oneacrefund/odoo-utilities","oneacrefund/odoo-utilities","v1.0.0.2026.04.27.2146",true,true,MATCH
"oneacrefund/odoo-utilities","oneacrefund/odoo-utilities","v1.0.0.2026.04.29.2156",true,true,MATCH
"oneacrefund/odoo-utilities","oneacrefund/odoo-utilities","v1.0.0.2026.04.29.2158",true,true,MATCH
"oneacrefund/odoo-utilities","oneacrefund/odoo-utilities","v1.0.0.2026.05.08.2185",true,true,MATCH
"oneacrefund/odoo-utilities","oneacrefund/odoo-utilities","v1.0.0.2026.05.08.2187",true,true,MATCH
"oneacrefund/odoo-utilities","oneacrefund/odoo-utilities","v1.0.0.2026.05.08.2188",true,true,MATCH
"oneacrefund/odoo-utilities","oneacrefund/odoo-utilities","v1.0.0.2026.05.08.2191",true,true,MATCH
"oneacrefund/odoo-utilities","oneacrefund/odoo-utilities","v1.0.0.2026.05.12.2199",true,true,MATCH
"oneacrefund/odoo-utilities","oneacrefund/odoo-utilities","v1.0.0.2026.05.12.2200",true,true,MATCH
"oneacrefund/odoo-utilities","oneacrefund/odoo-utilities","v1.0.0.2026.05.12.2201",true,true,MATCH
"oneacrefund/odoo-utilities","oneacrefund/odoo-utilities","v1.0.0.2026.05.12.2202",true,true,MATCH
"oneacrefund/odoo-utilities","oneacrefund/odoo-utilities","v1.0.0.2026.05.12.2204",true,true,MATCH
"oneacrefund/odoo-utilities","oneacrefund/odoo-utilities","v1.0.0.2026.05.12.2206",true,true,MATCH
"[SUMMARY]","oneacrefund/odoo-utilities","oneacrefund/odoo-utilities","ACR=70","ECR=70","MATCH=70 | MISSING_IN_ECR=0 | ECR_ONLY=0"
"oneacrefund/offlinewritesserviceapi","oneacrefund/offlinewritesserviceapi","v1.0.0.2025.06.05.15464465880",true,true,MATCH
"oneacrefund/offlinewritesserviceapi","oneacrefund/offlinewritesserviceapi","v1.0.0.2025.06.12.15617573078",true,true,MATCH
"oneacrefund/offlinewritesserviceapi","oneacrefund/offlinewritesserviceapi","v1.0.0.2025.06.13.15617573078",true,true,MATCH
"oneacrefund/offlinewritesserviceapi","oneacrefund/offlinewritesserviceapi","v1.0.0.2025.06.16.15617573078",true,true,MATCH
"oneacrefund/offlinewritesserviceapi","oneacrefund/offlinewritesserviceapi","v1.0.0.2025.06.18.15734235635",true,true,MATCH
"oneacrefund/offlinewritesserviceapi","oneacrefund/offlinewritesserviceapi","v1.0.0.2025.06.23.15817915217",true,true,MATCH
"oneacrefund/offlinewritesserviceapi","oneacrefund/offlinewritesserviceapi","v1.0.0.2025.06.25.15870637247",true,true,MATCH
"oneacrefund/offlinewritesserviceapi","oneacrefund/offlinewritesserviceapi","v1.0.0.2025.07.10.16187993936",true,true,MATCH
"oneacrefund/offlinewritesserviceapi","oneacrefund/offlinewritesserviceapi","v1.0.0.2025.07.17.16340435028",true,true,MATCH
"oneacrefund/offlinewritesserviceapi","oneacrefund/offlinewritesserviceapi","v1.0.0.2025.07.17.16340981739",true,true,MATCH
"oneacrefund/offlinewritesserviceapi","oneacrefund/offlinewritesserviceapi","v1.0.0.2025.08.19.17063079398",true,true,MATCH
"oneacrefund/offlinewritesserviceapi","oneacrefund/offlinewritesserviceapi","v1.0.0.2025.08.19.17064207502",true,true,MATCH
"oneacrefund/offlinewritesserviceapi","oneacrefund/offlinewritesserviceapi","v1.0.0.2025.08.19.17064819821",true,true,MATCH
"oneacrefund/offlinewritesserviceapi","oneacrefund/offlinewritesserviceapi","v1.0.0.2025.08.19.17070865923",true,true,MATCH
"oneacrefund/offlinewritesserviceapi","oneacrefund/offlinewritesserviceapi","v1.0.0.2025.09.01.17064819821",true,true,MATCH
"oneacrefund/offlinewritesserviceapi","oneacrefund/offlinewritesserviceapi","v1.0.0.2025.09.02.17064819821",true,true,MATCH
"oneacrefund/offlinewritesserviceapi","oneacrefund/offlinewritesserviceapi","v1.0.0.2025.09.05.17489712196",true,true,MATCH
"oneacrefund/offlinewritesserviceapi","oneacrefund/offlinewritesserviceapi","v1.0.0.2025.09.05.17490182570",true,true,MATCH
"oneacrefund/offlinewritesserviceapi","oneacrefund/offlinewritesserviceapi","v1.0.0.2025.09.15.17727249261",true,true,MATCH
"oneacrefund/offlinewritesserviceapi","oneacrefund/offlinewritesserviceapi","v1.0.0.2025.09.23.17939647816",true,true,MATCH
"oneacrefund/offlinewritesserviceapi","oneacrefund/offlinewritesserviceapi","v1.0.0.2025.09.23.17940151722",true,true,MATCH
"oneacrefund/offlinewritesserviceapi","oneacrefund/offlinewritesserviceapi","v1.0.0.2025.09.23.17940984653",true,true,MATCH
"oneacrefund/offlinewritesserviceapi","oneacrefund/offlinewritesserviceapi","v1.0.0.2025.09.26.18036920600",true,true,MATCH
"oneacrefund/offlinewritesserviceapi","oneacrefund/offlinewritesserviceapi","v1.0.0.2025.09.26.18037333363",true,true,MATCH
"oneacrefund/offlinewritesserviceapi","oneacrefund/offlinewritesserviceapi","v1.0.0.2025.10.21.18675996570",true,true,MATCH
"oneacrefund/offlinewritesserviceapi","oneacrefund/offlinewritesserviceapi","v1.0.0.2025.10.28.18675996570",true,true,MATCH
"oneacrefund/offlinewritesserviceapi","oneacrefund/offlinewritesserviceapi","v1.0.0.2025.10.28.18880164700",true,true,MATCH
"oneacrefund/offlinewritesserviceapi","oneacrefund/offlinewritesserviceapi","v1.0.0.2025.10.28.18880831519",true,true,MATCH
"oneacrefund/offlinewritesserviceapi","oneacrefund/offlinewritesserviceapi","v1.0.0.2025.10.28.18881620294",true,true,MATCH
"oneacrefund/offlinewritesserviceapi","oneacrefund/offlinewritesserviceapi","v1.0.0.2025.11.17.19422885743",true,true,MATCH
"oneacrefund/offlinewritesserviceapi","oneacrefund/offlinewritesserviceapi","v1.0.0.2025.11.18.19458263485",true,true,MATCH
"oneacrefund/offlinewritesserviceapi","oneacrefund/offlinewritesserviceapi","v1.0.0.2025.11.21.19570873550",true,true,MATCH
"oneacrefund/offlinewritesserviceapi","oneacrefund/offlinewritesserviceapi","v1.0.0.2025.12.18.20337061656",true,true,MATCH
"oneacrefund/offlinewritesserviceapi","oneacrefund/offlinewritesserviceapi","v1.0.0.2025.12.29.20569081417",true,true,MATCH
"oneacrefund/offlinewritesserviceapi","oneacrefund/offlinewritesserviceapi","v1.0.0.2026.01.05.20717558313",true,true,MATCH
"oneacrefund/offlinewritesserviceapi","oneacrefund/offlinewritesserviceapi","v1.0.0.2026.01.13.20950174853",true,true,MATCH
"oneacrefund/offlinewritesserviceapi","oneacrefund/offlinewritesserviceapi","v1.0.0.2026.01.14.20717558313",true,true,MATCH
"oneacrefund/offlinewritesserviceapi","oneacrefund/offlinewritesserviceapi","v1.0.0.2026.01.20.21163249251",true,true,MATCH
"oneacrefund/offlinewritesserviceapi","oneacrefund/offlinewritesserviceapi","v1.0.0.2026.01.22.21239452595",true,true,MATCH
"oneacrefund/offlinewritesserviceapi","oneacrefund/offlinewritesserviceapi","v1.0.0.2026.01.29.21475401829",true,true,MATCH
"oneacrefund/offlinewritesserviceapi","oneacrefund/offlinewritesserviceapi","v1.0.0.2026.02.09.21826716504",true,true,MATCH
"oneacrefund/offlinewritesserviceapi","oneacrefund/offlinewritesserviceapi","v1.0.0.2026.02.18.22134964730",true,true,MATCH
"oneacrefund/offlinewritesserviceapi","oneacrefund/offlinewritesserviceapi","v1.0.0.2026.02.20.22216941360",true,true,MATCH
"oneacrefund/offlinewritesserviceapi","oneacrefund/offlinewritesserviceapi","v1.0.0.2026.02.20.22218652198",true,true,MATCH
"oneacrefund/offlinewritesserviceapi","oneacrefund/offlinewritesserviceapi","v1.0.0.2026.02.25.22402632652",true,true,MATCH
"oneacrefund/offlinewritesserviceapi","oneacrefund/offlinewritesserviceapi","v1.0.0.2026.03.06.22754548921",true,true,MATCH
"oneacrefund/offlinewritesserviceapi","oneacrefund/offlinewritesserviceapi","v1.0.0.2026.03.06.22756345217",true,true,MATCH
"oneacrefund/offlinewritesserviceapi","oneacrefund/offlinewritesserviceapi","v1.0.0.2026.03.16.23149840999",true,true,MATCH
"oneacrefund/offlinewritesserviceapi","oneacrefund/offlinewritesserviceapi","v1.0.0.2026.03.16.23151162353",true,true,MATCH
"oneacrefund/offlinewritesserviceapi","oneacrefund/offlinewritesserviceapi","v1.0.0.2026.03.19.23289964535",true,true,MATCH
"oneacrefund/offlinewritesserviceapi","oneacrefund/offlinewritesserviceapi","v1.0.0.2026.04.01.23289964535",true,true,MATCH
"oneacrefund/offlinewritesserviceapi","oneacrefund/offlinewritesserviceapi","v1.0.0.2026.04.10.24245903345",true,true,MATCH
"oneacrefund/offlinewritesserviceapi","oneacrefund/offlinewritesserviceapi","v1.0.0.2026.04.13.24332390959",true,true,MATCH
"oneacrefund/offlinewritesserviceapi","oneacrefund/offlinewritesserviceapi","v1.0.0.2026.04.13.24351873556",true,true,MATCH
"oneacrefund/offlinewritesserviceapi","oneacrefund/offlinewritesserviceapi","v1.0.0.2026.04.14.24395814820",true,true,MATCH
"oneacrefund/offlinewritesserviceapi","oneacrefund/offlinewritesserviceapi","v1.0.0.2026.04.14.24396941217",true,true,MATCH
"oneacrefund/offlinewritesserviceapi","oneacrefund/offlinewritesserviceapi","v1.0.0.2026.04.15.24443623728",true,true,MATCH
"oneacrefund/offlinewritesserviceapi","oneacrefund/offlinewritesserviceapi","v1.0.0.2026.04.15.24447885774",true,true,MATCH
"oneacrefund/offlinewritesserviceapi","oneacrefund/offlinewritesserviceapi","v1.0.0.2026.04.15.24451269863",true,true,MATCH
"oneacrefund/offlinewritesserviceapi","oneacrefund/offlinewritesserviceapi","v1.0.0.2026.04.22.24766377526",true,true,MATCH
"oneacrefund/offlinewritesserviceapi","oneacrefund/offlinewritesserviceapi","v1.0.0.2026.05.06.25432964642",true,true,MATCH
"[SUMMARY]","oneacrefund/offlinewritesserviceapi","oneacrefund/offlinewritesserviceapi","ACR=61","ECR=61","MATCH=61 | MISSING_IN_ECR=0 | ECR_ONLY=0"
"oneacrefund/oneacrefund","oneacrefund/oneacrefund","4016",true,true,MATCH
"oneacrefund/oneacrefund","oneacrefund/oneacrefund","4017",true,true,MATCH
"oneacrefund/oneacrefund","oneacrefund/oneacrefund","4018",true,true,MATCH
"oneacrefund/oneacrefund","oneacrefund/oneacrefund","4019",true,true,MATCH
"[SUMMARY]","oneacrefund/oneacrefund","oneacrefund/oneacrefund","ACR=4","ECR=4","MATCH=4 | MISSING_IN_ECR=0 | ECR_ONLY=0"
"oneacrefund/operations-app","oneacrefund/operations-app","latest",true,true,MATCH
"oneacrefund/operations-app","oneacrefund/operations-app","v1.0.0",true,true,MATCH
"oneacrefund/operations-app","oneacrefund/operations-app","v1.0.1",true,true,MATCH
"oneacrefund/operations-app","oneacrefund/operations-app","v1.0.2",true,true,MATCH
"oneacrefund/operations-app","oneacrefund/operations-app","v1.1.0",true,true,MATCH
"oneacrefund/operations-app","oneacrefund/operations-app","v1.1.1",true,true,MATCH
"oneacrefund/operations-app","oneacrefund/operations-app","v1.1.10.2026.02.16.54",true,true,MATCH
"oneacrefund/operations-app","oneacrefund/operations-app","v1.1.11.2026.03.10.57",true,true,MATCH
"oneacrefund/operations-app","oneacrefund/operations-app","v1.1.12.2026.03.18.60",true,true,MATCH
"oneacrefund/operations-app","oneacrefund/operations-app","v1.1.13.2026.04.10.65",true,true,MATCH
"oneacrefund/operations-app","oneacrefund/operations-app","v1.1.13.2026.04.15.68",true,true,MATCH
"oneacrefund/operations-app","oneacrefund/operations-app","v1.1.13.2026.04.20.75",true,true,MATCH
"oneacrefund/operations-app","oneacrefund/operations-app","v1.1.13.2026.04.27.78",true,true,MATCH
"oneacrefund/operations-app","oneacrefund/operations-app","v1.1.13.2026.05.06.79",true,true,MATCH
"oneacrefund/operations-app","oneacrefund/operations-app","v1.1.13.2026.05.06.81",true,true,MATCH
"oneacrefund/operations-app","oneacrefund/operations-app","v1.1.2",true,true,MATCH
"oneacrefund/operations-app","oneacrefund/operations-app","v1.1.3",true,true,MATCH
"oneacrefund/operations-app","oneacrefund/operations-app","v1.1.4",true,true,MATCH
"oneacrefund/operations-app","oneacrefund/operations-app","v1.1.5",true,true,MATCH
"oneacrefund/operations-app","oneacrefund/operations-app","v1.1.6",true,true,MATCH
"oneacrefund/operations-app","oneacrefund/operations-app","v1.1.7",true,true,MATCH
"oneacrefund/operations-app","oneacrefund/operations-app","v1.1.7.2025.09.24.10",true,true,MATCH
"oneacrefund/operations-app","oneacrefund/operations-app","v1.1.7.2025.11.10.21",true,true,MATCH
"oneacrefund/operations-app","oneacrefund/operations-app","v1.1.7.2025.11.18.26",true,true,MATCH
"oneacrefund/operations-app","oneacrefund/operations-app","v1.1.7.2025.11.18.28",true,true,MATCH
"oneacrefund/operations-app","oneacrefund/operations-app","v1.1.7.2026.02.03.36",true,true,MATCH
"oneacrefund/operations-app","oneacrefund/operations-app","v1.1.8.1.2026.02.09.41",true,true,MATCH
"oneacrefund/operations-app","oneacrefund/operations-app","v1.1.8.2026.02.05.38",true,true,MATCH
"oneacrefund/operations-app","oneacrefund/operations-app","v1.1.9.2026.02.12.49",true,true,MATCH
"[SUMMARY]","oneacrefund/operations-app","oneacrefund/operations-app","ACR=29","ECR=29","MATCH=29 | MISSING_IN_ECR=0 | ECR_ONLY=0"
"oneacrefund/orderingservice","oneacrefund/orderingservice","_0771c13039aa2b1df7e59406ccadbf95b48ac2df",true,true,MATCH
"oneacrefund/orderingservice","oneacrefund/orderingservice","_4f82668fbf634037281bdab6f265de14ff1f6984",true,true,MATCH
"oneacrefund/orderingservice","oneacrefund/orderingservice","_8a39ef8955fe8b02c93b17de38ea8ce53189bcc8",true,true,MATCH
"oneacrefund/orderingservice","oneacrefund/orderingservice","_9556aa372cc5957d4d8369137b4a859b0e55c72a",true,true,MATCH
"oneacrefund/orderingservice","oneacrefund/orderingservice","_cb267af382238f0d77003617bf0d3f94cce6e665",true,true,MATCH
"oneacrefund/orderingservice","oneacrefund/orderingservice","_f40d1d7338131f46aede0663c3ced97c1645bfb0",true,true,MATCH
"oneacrefund/orderingservice","oneacrefund/orderingservice","_f7730a1cc8133f15eaeb555052f69c688ef95036",true,true,MATCH
"[SUMMARY]","oneacrefund/orderingservice","oneacrefund/orderingservice","ACR=7","ECR=7","MATCH=7 | MISSING_IN_ECR=0 | ECR_ONLY=0"
"oneacrefund/paygops-ams-connector","oneacrefund/paygops-ams-connector","1.0.0",true,true,MATCH
"oneacrefund/paygops-ams-connector","oneacrefund/paygops-ams-connector","1.0.1",true,true,MATCH
"oneacrefund/paygops-ams-connector","oneacrefund/paygops-ams-connector","1.0.1.2024.01.10.2",true,true,MATCH
"oneacrefund/paygops-ams-connector","oneacrefund/paygops-ams-connector","1.0.2",true,true,MATCH
"oneacrefund/paygops-ams-connector","oneacrefund/paygops-ams-connector","1.0.2.2024.02.15",true,true,MATCH
"oneacrefund/paygops-ams-connector","oneacrefund/paygops-ams-connector","1.0.2.2024.02.15.2383b6a883c87cc2af6f01e9c725d8ee55c650e3",true,true,MATCH
"oneacrefund/paygops-ams-connector","oneacrefund/paygops-ams-connector","1.0.2.2024.02.16",true,true,MATCH
"oneacrefund/paygops-ams-connector","oneacrefund/paygops-ams-connector","1.0.2.2024.03.06",true,true,MATCH
"oneacrefund/paygops-ams-connector","oneacrefund/paygops-ams-connector","1.0.3",true,true,MATCH
"oneacrefund/paygops-ams-connector","oneacrefund/paygops-ams-connector","1.0.3.2024.04.12",true,true,MATCH
"oneacrefund/paygops-ams-connector","oneacrefund/paygops-ams-connector","1.0.4",true,true,MATCH
"oneacrefund/paygops-ams-connector","oneacrefund/paygops-ams-connector","1.0.4.2024.10.30",true,true,MATCH
"oneacrefund/paygops-ams-connector","oneacrefund/paygops-ams-connector","1.0.4.2024.12.04",true,true,MATCH
"oneacrefund/paygops-ams-connector","oneacrefund/paygops-ams-connector","latest",true,true,MATCH
"[SUMMARY]","oneacrefund/paygops-ams-connector","oneacrefund/paygops-ams-connector","ACR=14","ECR=14","MATCH=14 | MISSING_IN_ECR=0 | ECR_ONLY=0"
"oneacrefund/payment-gateway-consumer","oneacrefund/payment-gateway-consumer","2849",true,true,MATCH
"oneacrefund/payment-gateway-consumer","oneacrefund/payment-gateway-consumer","2851",true,true,MATCH
"oneacrefund/payment-gateway-consumer","oneacrefund/payment-gateway-consumer","2922",true,true,MATCH
"oneacrefund/payment-gateway-consumer","oneacrefund/payment-gateway-consumer","2923",true,true,MATCH
"oneacrefund/payment-gateway-consumer","oneacrefund/payment-gateway-consumer","2927",true,true,MATCH
"oneacrefund/payment-gateway-consumer","oneacrefund/payment-gateway-consumer","2928",true,true,MATCH
"oneacrefund/payment-gateway-consumer","oneacrefund/payment-gateway-consumer","2930",true,true,MATCH
"oneacrefund/payment-gateway-consumer","oneacrefund/payment-gateway-consumer","2934",true,true,MATCH
"oneacrefund/payment-gateway-consumer","oneacrefund/payment-gateway-consumer","2935",true,true,MATCH
"oneacrefund/payment-gateway-consumer","oneacrefund/payment-gateway-consumer","2937",true,true,MATCH
"oneacrefund/payment-gateway-consumer","oneacrefund/payment-gateway-consumer","2942",true,true,MATCH
"oneacrefund/payment-gateway-consumer","oneacrefund/payment-gateway-consumer","2943",true,true,MATCH
"oneacrefund/payment-gateway-consumer","oneacrefund/payment-gateway-consumer","2944",true,true,MATCH
"oneacrefund/payment-gateway-consumer","oneacrefund/payment-gateway-consumer","2945",true,true,MATCH
"oneacrefund/payment-gateway-consumer","oneacrefund/payment-gateway-consumer","2946",true,true,MATCH
"oneacrefund/payment-gateway-consumer","oneacrefund/payment-gateway-consumer","2947",true,true,MATCH
"oneacrefund/payment-gateway-consumer","oneacrefund/payment-gateway-consumer","2950",true,true,MATCH
"oneacrefund/payment-gateway-consumer","oneacrefund/payment-gateway-consumer","2951",true,true,MATCH
"oneacrefund/payment-gateway-consumer","oneacrefund/payment-gateway-consumer","2958",true,true,MATCH
"oneacrefund/payment-gateway-consumer","oneacrefund/payment-gateway-consumer","2959",true,true,MATCH
"oneacrefund/payment-gateway-consumer","oneacrefund/payment-gateway-consumer","2967",true,true,MATCH
"oneacrefund/payment-gateway-consumer","oneacrefund/payment-gateway-consumer","2971",true,true,MATCH
"oneacrefund/payment-gateway-consumer","oneacrefund/payment-gateway-consumer","2972",true,true,MATCH
"oneacrefund/payment-gateway-consumer","oneacrefund/payment-gateway-consumer","2973",true,true,MATCH
"oneacrefund/payment-gateway-consumer","oneacrefund/payment-gateway-consumer","2974",true,true,MATCH
"oneacrefund/payment-gateway-consumer","oneacrefund/payment-gateway-consumer","2977",true,true,MATCH
"oneacrefund/payment-gateway-consumer","oneacrefund/payment-gateway-consumer","2978",true,true,MATCH
"oneacrefund/payment-gateway-consumer","oneacrefund/payment-gateway-consumer","2979",true,true,MATCH
"oneacrefund/payment-gateway-consumer","oneacrefund/payment-gateway-consumer","2992",true,true,MATCH
"oneacrefund/payment-gateway-consumer","oneacrefund/payment-gateway-consumer","2993",true,true,MATCH
"oneacrefund/payment-gateway-consumer","oneacrefund/payment-gateway-consumer","3005",true,true,MATCH
"oneacrefund/payment-gateway-consumer","oneacrefund/payment-gateway-consumer","3006",true,true,MATCH
"oneacrefund/payment-gateway-consumer","oneacrefund/payment-gateway-consumer","3007",true,true,MATCH
"oneacrefund/payment-gateway-consumer","oneacrefund/payment-gateway-consumer","3008",true,true,MATCH
"oneacrefund/payment-gateway-consumer","oneacrefund/payment-gateway-consumer","3010",true,true,MATCH
"oneacrefund/payment-gateway-consumer","oneacrefund/payment-gateway-consumer","3026",true,true,MATCH
"oneacrefund/payment-gateway-consumer","oneacrefund/payment-gateway-consumer","3108",true,true,MATCH
"oneacrefund/payment-gateway-consumer","oneacrefund/payment-gateway-consumer","3109",true,true,MATCH
"oneacrefund/payment-gateway-consumer","oneacrefund/payment-gateway-consumer","3120",true,true,MATCH
"oneacrefund/payment-gateway-consumer","oneacrefund/payment-gateway-consumer","3636",true,true,MATCH
"oneacrefund/payment-gateway-consumer","oneacrefund/payment-gateway-consumer","3637",true,true,MATCH
"oneacrefund/payment-gateway-consumer","oneacrefund/payment-gateway-consumer","3638",true,true,MATCH
"oneacrefund/payment-gateway-consumer","oneacrefund/payment-gateway-consumer","3642",true,true,MATCH
"oneacrefund/payment-gateway-consumer","oneacrefund/payment-gateway-consumer","3643",true,true,MATCH
"oneacrefund/payment-gateway-consumer","oneacrefund/payment-gateway-consumer","3666",true,true,MATCH
"oneacrefund/payment-gateway-consumer","oneacrefund/payment-gateway-consumer","3751",true,true,MATCH
"oneacrefund/payment-gateway-consumer","oneacrefund/payment-gateway-consumer","3752",true,true,MATCH
"oneacrefund/payment-gateway-consumer","oneacrefund/payment-gateway-consumer","3753",true,true,MATCH
"oneacrefund/payment-gateway-consumer","oneacrefund/payment-gateway-consumer","3755",true,true,MATCH
"oneacrefund/payment-gateway-consumer","oneacrefund/payment-gateway-consumer","3757",true,true,MATCH
"oneacrefund/payment-gateway-consumer","oneacrefund/payment-gateway-consumer","3763",true,true,MATCH
"oneacrefund/payment-gateway-consumer","oneacrefund/payment-gateway-consumer","3766",true,true,MATCH
"oneacrefund/payment-gateway-consumer","oneacrefund/payment-gateway-consumer","3767",true,true,MATCH
"oneacrefund/payment-gateway-consumer","oneacrefund/payment-gateway-consumer","3768",true,true,MATCH
"oneacrefund/payment-gateway-consumer","oneacrefund/payment-gateway-consumer","3769",true,true,MATCH
"oneacrefund/payment-gateway-consumer","oneacrefund/payment-gateway-consumer","3775",true,true,MATCH
"oneacrefund/payment-gateway-consumer","oneacrefund/payment-gateway-consumer","3785",true,true,MATCH
"oneacrefund/payment-gateway-consumer","oneacrefund/payment-gateway-consumer","3787",true,true,MATCH
"oneacrefund/payment-gateway-consumer","oneacrefund/payment-gateway-consumer","3806",true,true,MATCH
"oneacrefund/payment-gateway-consumer","oneacrefund/payment-gateway-consumer","3807",true,true,MATCH
"oneacrefund/payment-gateway-consumer","oneacrefund/payment-gateway-consumer","4217",true,true,MATCH
"oneacrefund/payment-gateway-consumer","oneacrefund/payment-gateway-consumer","4218",true,true,MATCH
"oneacrefund/payment-gateway-consumer","oneacrefund/payment-gateway-consumer","4219",true,true,MATCH
"[SUMMARY]","oneacrefund/payment-gateway-consumer","oneacrefund/payment-gateway-consumer","ACR=63","ECR=63","MATCH=63 | MISSING_IN_ECR=0 | ECR_ONLY=0"
"oneacrefund/payment-gateway-wrapper","oneacrefund/payment-gateway-wrapper","3481",true,true,MATCH
"oneacrefund/payment-gateway-wrapper","oneacrefund/payment-gateway-wrapper","3482",true,true,MATCH
"oneacrefund/payment-gateway-wrapper","oneacrefund/payment-gateway-wrapper","3517",true,true,MATCH
"oneacrefund/payment-gateway-wrapper","oneacrefund/payment-gateway-wrapper","3518",true,true,MATCH
"oneacrefund/payment-gateway-wrapper","oneacrefund/payment-gateway-wrapper","3519",true,true,MATCH
"oneacrefund/payment-gateway-wrapper","oneacrefund/payment-gateway-wrapper","3520",true,true,MATCH
"oneacrefund/payment-gateway-wrapper","oneacrefund/payment-gateway-wrapper","3532",true,true,MATCH
"oneacrefund/payment-gateway-wrapper","oneacrefund/payment-gateway-wrapper","3566",true,true,MATCH
"oneacrefund/payment-gateway-wrapper","oneacrefund/payment-gateway-wrapper","3567",true,true,MATCH
"oneacrefund/payment-gateway-wrapper","oneacrefund/payment-gateway-wrapper","3569",true,true,MATCH
"oneacrefund/payment-gateway-wrapper","oneacrefund/payment-gateway-wrapper","3571",true,true,MATCH
"oneacrefund/payment-gateway-wrapper","oneacrefund/payment-gateway-wrapper","3573",true,true,MATCH
"oneacrefund/payment-gateway-wrapper","oneacrefund/payment-gateway-wrapper","3575",true,true,MATCH
"oneacrefund/payment-gateway-wrapper","oneacrefund/payment-gateway-wrapper","3577",true,true,MATCH
"oneacrefund/payment-gateway-wrapper","oneacrefund/payment-gateway-wrapper","3579",true,true,MATCH
"oneacrefund/payment-gateway-wrapper","oneacrefund/payment-gateway-wrapper","3580",true,true,MATCH
"oneacrefund/payment-gateway-wrapper","oneacrefund/payment-gateway-wrapper","3582",true,true,MATCH
"oneacrefund/payment-gateway-wrapper","oneacrefund/payment-gateway-wrapper","3584",true,true,MATCH
"oneacrefund/payment-gateway-wrapper","oneacrefund/payment-gateway-wrapper","3587",true,true,MATCH
"oneacrefund/payment-gateway-wrapper","oneacrefund/payment-gateway-wrapper","3591",true,true,MATCH
"oneacrefund/payment-gateway-wrapper","oneacrefund/payment-gateway-wrapper","3592",true,true,MATCH
"oneacrefund/payment-gateway-wrapper","oneacrefund/payment-gateway-wrapper","3593",true,true,MATCH
"oneacrefund/payment-gateway-wrapper","oneacrefund/payment-gateway-wrapper","3594",true,true,MATCH
"oneacrefund/payment-gateway-wrapper","oneacrefund/payment-gateway-wrapper","3595",true,true,MATCH
"oneacrefund/payment-gateway-wrapper","oneacrefund/payment-gateway-wrapper","3596",true,true,MATCH
"oneacrefund/payment-gateway-wrapper","oneacrefund/payment-gateway-wrapper","3597",true,true,MATCH
"oneacrefund/payment-gateway-wrapper","oneacrefund/payment-gateway-wrapper","3599",true,true,MATCH
"oneacrefund/payment-gateway-wrapper","oneacrefund/payment-gateway-wrapper","3600",true,true,MATCH
"oneacrefund/payment-gateway-wrapper","oneacrefund/payment-gateway-wrapper","3601",true,true,MATCH
"oneacrefund/payment-gateway-wrapper","oneacrefund/payment-gateway-wrapper","3603",true,true,MATCH
"oneacrefund/payment-gateway-wrapper","oneacrefund/payment-gateway-wrapper","3604",true,true,MATCH
"oneacrefund/payment-gateway-wrapper","oneacrefund/payment-gateway-wrapper","3618",true,true,MATCH
"oneacrefund/payment-gateway-wrapper","oneacrefund/payment-gateway-wrapper","3619",true,true,MATCH
"oneacrefund/payment-gateway-wrapper","oneacrefund/payment-gateway-wrapper","3621",true,true,MATCH
"oneacrefund/payment-gateway-wrapper","oneacrefund/payment-gateway-wrapper","3626",true,true,MATCH
"oneacrefund/payment-gateway-wrapper","oneacrefund/payment-gateway-wrapper","3630",true,true,MATCH
"oneacrefund/payment-gateway-wrapper","oneacrefund/payment-gateway-wrapper","3640",true,true,MATCH
"oneacrefund/payment-gateway-wrapper","oneacrefund/payment-gateway-wrapper","3665",true,true,MATCH
"oneacrefund/payment-gateway-wrapper","oneacrefund/payment-gateway-wrapper","3691",true,true,MATCH
"oneacrefund/payment-gateway-wrapper","oneacrefund/payment-gateway-wrapper","3694",true,true,MATCH
"oneacrefund/payment-gateway-wrapper","oneacrefund/payment-gateway-wrapper","3695",true,true,MATCH
"oneacrefund/payment-gateway-wrapper","oneacrefund/payment-gateway-wrapper","3700",true,true,MATCH
"oneacrefund/payment-gateway-wrapper","oneacrefund/payment-gateway-wrapper","3748",true,true,MATCH
"oneacrefund/payment-gateway-wrapper","oneacrefund/payment-gateway-wrapper","3750",true,true,MATCH
"oneacrefund/payment-gateway-wrapper","oneacrefund/payment-gateway-wrapper","3751",true,true,MATCH
"oneacrefund/payment-gateway-wrapper","oneacrefund/payment-gateway-wrapper","3753",true,true,MATCH
"oneacrefund/payment-gateway-wrapper","oneacrefund/payment-gateway-wrapper","3756",true,true,MATCH
"oneacrefund/payment-gateway-wrapper","oneacrefund/payment-gateway-wrapper","3757",true,true,MATCH
"oneacrefund/payment-gateway-wrapper","oneacrefund/payment-gateway-wrapper","3763",true,true,MATCH
"oneacrefund/payment-gateway-wrapper","oneacrefund/payment-gateway-wrapper","3767",true,true,MATCH
"oneacrefund/payment-gateway-wrapper","oneacrefund/payment-gateway-wrapper","3769",true,true,MATCH
"oneacrefund/payment-gateway-wrapper","oneacrefund/payment-gateway-wrapper","3774",true,true,MATCH
"oneacrefund/payment-gateway-wrapper","oneacrefund/payment-gateway-wrapper","3775",true,true,MATCH
"oneacrefund/payment-gateway-wrapper","oneacrefund/payment-gateway-wrapper","3776",true,true,MATCH
"oneacrefund/payment-gateway-wrapper","oneacrefund/payment-gateway-wrapper","3780",true,true,MATCH
"oneacrefund/payment-gateway-wrapper","oneacrefund/payment-gateway-wrapper","3781",true,true,MATCH
"oneacrefund/payment-gateway-wrapper","oneacrefund/payment-gateway-wrapper","3783",true,true,MATCH
"oneacrefund/payment-gateway-wrapper","oneacrefund/payment-gateway-wrapper","3785",true,true,MATCH
"oneacrefund/payment-gateway-wrapper","oneacrefund/payment-gateway-wrapper","3787",true,true,MATCH
"oneacrefund/payment-gateway-wrapper","oneacrefund/payment-gateway-wrapper","3807",true,true,MATCH
"oneacrefund/payment-gateway-wrapper","oneacrefund/payment-gateway-wrapper","4217",true,true,MATCH
"oneacrefund/payment-gateway-wrapper","oneacrefund/payment-gateway-wrapper","4218",true,true,MATCH
"oneacrefund/payment-gateway-wrapper","oneacrefund/payment-gateway-wrapper","4219",true,true,MATCH
"oneacrefund/payment-gateway-wrapper","oneacrefund/payment-gateway-wrapper","4253",true,true,MATCH
"oneacrefund/payment-gateway-wrapper","oneacrefund/payment-gateway-wrapper","4254",true,true,MATCH
"oneacrefund/payment-gateway-wrapper","oneacrefund/payment-gateway-wrapper","4255",true,true,MATCH
"oneacrefund/payment-gateway-wrapper","oneacrefund/payment-gateway-wrapper","4256",true,true,MATCH
"oneacrefund/payment-gateway-wrapper","oneacrefund/payment-gateway-wrapper","4258",true,true,MATCH
"oneacrefund/payment-gateway-wrapper","oneacrefund/payment-gateway-wrapper","4259",true,true,MATCH
"[SUMMARY]","oneacrefund/payment-gateway-wrapper","oneacrefund/payment-gateway-wrapper","ACR=69","ECR=69","MATCH=69 | MISSING_IN_ECR=0 | ECR_ONLY=0"
"oneacrefund/paymentconsumer","oneacrefund/paymentconsumer","0.0.1",true,true,MATCH
"[SUMMARY]","oneacrefund/paymentconsumer","oneacrefund/paymentconsumer","ACR=1","ECR=1","MATCH=1 | MISSING_IN_ECR=0 | ECR_ONLY=0"
"oneacrefund/payments_pesa_autosave_consumer","oneacrefund/payments_pesa_autosave_consumer","12564238874037eefef5878292eb57e8d28011bc",true,true,MATCH
"oneacrefund/payments_pesa_autosave_consumer","oneacrefund/payments_pesa_autosave_consumer","14b2502548226b330af963a56dbc8890b0df46c1",true,true,MATCH
"oneacrefund/payments_pesa_autosave_consumer","oneacrefund/payments_pesa_autosave_consumer","210dac1be714a9acc006547c271589694cf784fc",true,true,MATCH
"oneacrefund/payments_pesa_autosave_consumer","oneacrefund/payments_pesa_autosave_consumer","219f49cb413d16856ef443371d3e3e1c1e85d6ad",true,true,MATCH
"oneacrefund/payments_pesa_autosave_consumer","oneacrefund/payments_pesa_autosave_consumer","328ff514f8f2f5358ef1872e3cd7a26c1b10e1ce",true,true,MATCH
"oneacrefund/payments_pesa_autosave_consumer","oneacrefund/payments_pesa_autosave_consumer","34f2a7ec5b999b2202592d4ef3aef1a64f451964",true,true,MATCH
"oneacrefund/payments_pesa_autosave_consumer","oneacrefund/payments_pesa_autosave_consumer","3690c7419a9ce607d02fd108b1d9dbe007d3ef87",true,true,MATCH
"oneacrefund/payments_pesa_autosave_consumer","oneacrefund/payments_pesa_autosave_consumer","4d8672894a432b11989b44ff9e720f8d40227e40",true,true,MATCH
"oneacrefund/payments_pesa_autosave_consumer","oneacrefund/payments_pesa_autosave_consumer","4ff5b60d49c1bfd013ea6c4f5857f5c800a5bd41",true,true,MATCH
"oneacrefund/payments_pesa_autosave_consumer","oneacrefund/payments_pesa_autosave_consumer","57ed2446365b9fc24bcc9f5c0bb47dbc2d10bdd0",true,true,MATCH
"oneacrefund/payments_pesa_autosave_consumer","oneacrefund/payments_pesa_autosave_consumer","77d94c33075ebbd8f094d7272bad0bdb18847e9f",true,true,MATCH
"oneacrefund/payments_pesa_autosave_consumer","oneacrefund/payments_pesa_autosave_consumer","8d453c0c2362c9a5997da10e2b2713f99dfc6e93",true,true,MATCH
"oneacrefund/payments_pesa_autosave_consumer","oneacrefund/payments_pesa_autosave_consumer","98be765c8d344bece85a94cf28b65e0d74cbd1c6",true,true,MATCH
"oneacrefund/payments_pesa_autosave_consumer","oneacrefund/payments_pesa_autosave_consumer","b9b6741666f6db4c68732623625bbd5251c99747",true,true,MATCH
"oneacrefund/payments_pesa_autosave_consumer","oneacrefund/payments_pesa_autosave_consumer","cf1febbf86ce550a894f232cf5ec09688c9dcc5f",true,true,MATCH
"oneacrefund/payments_pesa_autosave_consumer","oneacrefund/payments_pesa_autosave_consumer","f0c503136e0955db476c4965326c2c06e922f066",true,true,MATCH
"[SUMMARY]","oneacrefund/payments_pesa_autosave_consumer","oneacrefund/payments_pesa_autosave_consumer","ACR=16","ECR=16","MATCH=16 | MISSING_IN_ECR=0 | ECR_ONLY=0"
"oneacrefund/payments_pesa_core","oneacrefund/payments_pesa_core","12564238874037eefef5878292eb57e8d28011bc",true,true,MATCH
"oneacrefund/payments_pesa_core","oneacrefund/payments_pesa_core","14b2502548226b330af963a56dbc8890b0df46c1",true,true,MATCH
"oneacrefund/payments_pesa_core","oneacrefund/payments_pesa_core","210dac1be714a9acc006547c271589694cf784fc",true,true,MATCH
"oneacrefund/payments_pesa_core","oneacrefund/payments_pesa_core","219f49cb413d16856ef443371d3e3e1c1e85d6ad",true,true,MATCH
"oneacrefund/payments_pesa_core","oneacrefund/payments_pesa_core","34f2a7ec5b999b2202592d4ef3aef1a64f451964",true,true,MATCH
"oneacrefund/payments_pesa_core","oneacrefund/payments_pesa_core","3690c7419a9ce607d02fd108b1d9dbe007d3ef87",true,true,MATCH
"oneacrefund/payments_pesa_core","oneacrefund/payments_pesa_core","4ff5b60d49c1bfd013ea6c4f5857f5c800a5bd41",true,true,MATCH
"oneacrefund/payments_pesa_core","oneacrefund/payments_pesa_core","57ed2446365b9fc24bcc9f5c0bb47dbc2d10bdd0",true,true,MATCH
"oneacrefund/payments_pesa_core","oneacrefund/payments_pesa_core","77d94c33075ebbd8f094d7272bad0bdb18847e9f",true,true,MATCH
"oneacrefund/payments_pesa_core","oneacrefund/payments_pesa_core","8d453c0c2362c9a5997da10e2b2713f99dfc6e93",true,true,MATCH
"oneacrefund/payments_pesa_core","oneacrefund/payments_pesa_core","98be765c8d344bece85a94cf28b65e0d74cbd1c6",true,true,MATCH
"oneacrefund/payments_pesa_core","oneacrefund/payments_pesa_core","b9b6741666f6db4c68732623625bbd5251c99747",true,true,MATCH
"oneacrefund/payments_pesa_core","oneacrefund/payments_pesa_core","cf1febbf86ce550a894f232cf5ec09688c9dcc5f",true,true,MATCH
"oneacrefund/payments_pesa_core","oneacrefund/payments_pesa_core","f0c503136e0955db476c4965326c2c06e922f066",true,true,MATCH
"[SUMMARY]","oneacrefund/payments_pesa_core","oneacrefund/payments_pesa_core","ACR=14","ECR=14","MATCH=14 | MISSING_IN_ECR=0 | ECR_ONLY=0"
"oneacrefund/payments_pesa_equity_bank","oneacrefund/payments_pesa_equity_bank","12564238874037eefef5878292eb57e8d28011bc",true,true,MATCH
"oneacrefund/payments_pesa_equity_bank","oneacrefund/payments_pesa_equity_bank","14b2502548226b330af963a56dbc8890b0df46c1",true,true,MATCH
"oneacrefund/payments_pesa_equity_bank","oneacrefund/payments_pesa_equity_bank","210dac1be714a9acc006547c271589694cf784fc",true,true,MATCH
"oneacrefund/payments_pesa_equity_bank","oneacrefund/payments_pesa_equity_bank","219f49cb413d16856ef443371d3e3e1c1e85d6ad",true,true,MATCH
"oneacrefund/payments_pesa_equity_bank","oneacrefund/payments_pesa_equity_bank","328ff514f8f2f5358ef1872e3cd7a26c1b10e1ce",true,true,MATCH
"oneacrefund/payments_pesa_equity_bank","oneacrefund/payments_pesa_equity_bank","34f2a7ec5b999b2202592d4ef3aef1a64f451964",true,true,MATCH
"oneacrefund/payments_pesa_equity_bank","oneacrefund/payments_pesa_equity_bank","3690c7419a9ce607d02fd108b1d9dbe007d3ef87",true,true,MATCH
"oneacrefund/payments_pesa_equity_bank","oneacrefund/payments_pesa_equity_bank","4d8672894a432b11989b44ff9e720f8d40227e40",true,true,MATCH
"oneacrefund/payments_pesa_equity_bank","oneacrefund/payments_pesa_equity_bank","4ff5b60d49c1bfd013ea6c4f5857f5c800a5bd41",true,true,MATCH
"oneacrefund/payments_pesa_equity_bank","oneacrefund/payments_pesa_equity_bank","57ed2446365b9fc24bcc9f5c0bb47dbc2d10bdd0",true,true,MATCH
"oneacrefund/payments_pesa_equity_bank","oneacrefund/payments_pesa_equity_bank","77d94c33075ebbd8f094d7272bad0bdb18847e9f",true,true,MATCH
"oneacrefund/payments_pesa_equity_bank","oneacrefund/payments_pesa_equity_bank","8d453c0c2362c9a5997da10e2b2713f99dfc6e93",true,true,MATCH
"oneacrefund/payments_pesa_equity_bank","oneacrefund/payments_pesa_equity_bank","98be765c8d344bece85a94cf28b65e0d74cbd1c6",true,true,MATCH
"oneacrefund/payments_pesa_equity_bank","oneacrefund/payments_pesa_equity_bank","b9b6741666f6db4c68732623625bbd5251c99747",true,true,MATCH
"oneacrefund/payments_pesa_equity_bank","oneacrefund/payments_pesa_equity_bank","cf1febbf86ce550a894f232cf5ec09688c9dcc5f",true,true,MATCH
"oneacrefund/payments_pesa_equity_bank","oneacrefund/payments_pesa_equity_bank","f0c503136e0955db476c4965326c2c06e922f066",true,true,MATCH
"[SUMMARY]","oneacrefund/payments_pesa_equity_bank","oneacrefund/payments_pesa_equity_bank","ACR=16","ECR=16","MATCH=16 | MISSING_IN_ECR=0 | ECR_ONLY=0"
"oneacrefund/payments_pesa_payment_consumer","oneacrefund/payments_pesa_payment_consumer","12564238874037eefef5878292eb57e8d28011bc",true,true,MATCH
"oneacrefund/payments_pesa_payment_consumer","oneacrefund/payments_pesa_payment_consumer","14b2502548226b330af963a56dbc8890b0df46c1",true,true,MATCH
"oneacrefund/payments_pesa_payment_consumer","oneacrefund/payments_pesa_payment_consumer","210dac1be714a9acc006547c271589694cf784fc",true,true,MATCH
"oneacrefund/payments_pesa_payment_consumer","oneacrefund/payments_pesa_payment_consumer","219f49cb413d16856ef443371d3e3e1c1e85d6ad",true,true,MATCH
"oneacrefund/payments_pesa_payment_consumer","oneacrefund/payments_pesa_payment_consumer","328ff514f8f2f5358ef1872e3cd7a26c1b10e1ce",true,true,MATCH
"oneacrefund/payments_pesa_payment_consumer","oneacrefund/payments_pesa_payment_consumer","34f2a7ec5b999b2202592d4ef3aef1a64f451964",true,true,MATCH
"oneacrefund/payments_pesa_payment_consumer","oneacrefund/payments_pesa_payment_consumer","3690c7419a9ce607d02fd108b1d9dbe007d3ef87",true,true,MATCH
"oneacrefund/payments_pesa_payment_consumer","oneacrefund/payments_pesa_payment_consumer","4d8672894a432b11989b44ff9e720f8d40227e40",true,true,MATCH
"oneacrefund/payments_pesa_payment_consumer","oneacrefund/payments_pesa_payment_consumer","4ff5b60d49c1bfd013ea6c4f5857f5c800a5bd41",true,true,MATCH
"oneacrefund/payments_pesa_payment_consumer","oneacrefund/payments_pesa_payment_consumer","57ed2446365b9fc24bcc9f5c0bb47dbc2d10bdd0",true,true,MATCH
"oneacrefund/payments_pesa_payment_consumer","oneacrefund/payments_pesa_payment_consumer","77d94c33075ebbd8f094d7272bad0bdb18847e9f",true,true,MATCH
"oneacrefund/payments_pesa_payment_consumer","oneacrefund/payments_pesa_payment_consumer","8d453c0c2362c9a5997da10e2b2713f99dfc6e93",true,true,MATCH
"oneacrefund/payments_pesa_payment_consumer","oneacrefund/payments_pesa_payment_consumer","98be765c8d344bece85a94cf28b65e0d74cbd1c6",true,true,MATCH
"oneacrefund/payments_pesa_payment_consumer","oneacrefund/payments_pesa_payment_consumer","b9b6741666f6db4c68732623625bbd5251c99747",true,true,MATCH
"oneacrefund/payments_pesa_payment_consumer","oneacrefund/payments_pesa_payment_consumer","cf1febbf86ce550a894f232cf5ec09688c9dcc5f",true,true,MATCH
"oneacrefund/payments_pesa_payment_consumer","oneacrefund/payments_pesa_payment_consumer","f0c503136e0955db476c4965326c2c06e922f066",true,true,MATCH
"[SUMMARY]","oneacrefund/payments_pesa_payment_consumer","oneacrefund/payments_pesa_payment_consumer","ACR=16","ECR=16","MATCH=16 | MISSING_IN_ECR=0 | ECR_ONLY=0"
"oneacrefund/pesa_autosave_consumer","oneacrefund/pesa_autosave_consumer","00d0842a17ffcdb2797eba55eec9b26e201d8455",true,true,MATCH
"oneacrefund/pesa_autosave_consumer","oneacrefund/pesa_autosave_consumer","031f6dfef1aac3a93bdc2b472c80c044c1f77faf",true,true,MATCH
"oneacrefund/pesa_autosave_consumer","oneacrefund/pesa_autosave_consumer","04469060c3876d7b3dfddfc13445fc38ca0cc4d0",true,true,MATCH
"oneacrefund/pesa_autosave_consumer","oneacrefund/pesa_autosave_consumer","04543f72a38ebb550201c0ddcd00fe7cfcb91ee5",true,true,MATCH
"oneacrefund/pesa_autosave_consumer","oneacrefund/pesa_autosave_consumer","05c895c1e1a913a55b9b161c36ead818e841ef75",true,true,MATCH
"oneacrefund/pesa_autosave_consumer","oneacrefund/pesa_autosave_consumer","07d9ae56a34eff929e482bcd986d947bd28d2869",true,true,MATCH
"oneacrefund/pesa_autosave_consumer","oneacrefund/pesa_autosave_consumer","086bc00fa015dc29ee2fe8a7d56b94aab60ee997",true,true,MATCH
"oneacrefund/pesa_autosave_consumer","oneacrefund/pesa_autosave_consumer","0a124088ef1a127da389a4961025a7158bab4da0",true,true,MATCH
"oneacrefund/pesa_autosave_consumer","oneacrefund/pesa_autosave_consumer","0a247d85d3fc13b82f7cda599da823c062139f48",true,true,MATCH
"oneacrefund/pesa_autosave_consumer","oneacrefund/pesa_autosave_consumer","1143d566310462771d7fa67ab76b9463721d1cda",true,true,MATCH
"oneacrefund/pesa_autosave_consumer","oneacrefund/pesa_autosave_consumer","1d989729bfb9e3165c5023951e0a0e814d2affb2",true,true,MATCH
"oneacrefund/pesa_autosave_consumer","oneacrefund/pesa_autosave_consumer","26f49a21c3041d04ad987cff95726ad171aebfa4",true,true,MATCH
"oneacrefund/pesa_autosave_consumer","oneacrefund/pesa_autosave_consumer","2c6b4e2d5783104c58ae4c5e7c3aaa30ee64ecaf",true,true,MATCH
"oneacrefund/pesa_autosave_consumer","oneacrefund/pesa_autosave_consumer","2e6666310b978300c60787d2b661b7cab4423ef7",true,true,MATCH
"oneacrefund/pesa_autosave_consumer","oneacrefund/pesa_autosave_consumer","2fad5fa91b11ba20310f1689db17d22a6111fcf3",true,true,MATCH
"oneacrefund/pesa_autosave_consumer","oneacrefund/pesa_autosave_consumer","3149679ad5a88f331beeace1be92b12ecadb1764",true,true,MATCH
"oneacrefund/pesa_autosave_consumer","oneacrefund/pesa_autosave_consumer","3249a91cfc783510ffd37f1fa94b793ecd68884e",true,true,MATCH
"oneacrefund/pesa_autosave_consumer","oneacrefund/pesa_autosave_consumer","39239506f6b75f340dd5f0ddd0138ad5b2540486",true,true,MATCH
"oneacrefund/pesa_autosave_consumer","oneacrefund/pesa_autosave_consumer","3d9699207df7525ca017f77c3961c4d19df25a39",true,true,MATCH
"oneacrefund/pesa_autosave_consumer","oneacrefund/pesa_autosave_consumer","3f4b5f576970a99f800ac46f653a556d7aca3d2a",true,true,MATCH
"oneacrefund/pesa_autosave_consumer","oneacrefund/pesa_autosave_consumer","444c08c885313ff7c536c0d579483958997ed42d",true,true,MATCH
"oneacrefund/pesa_autosave_consumer","oneacrefund/pesa_autosave_consumer","46d7dc1e28efa45e54f2110d8d061a88f7a09b65",true,true,MATCH
"oneacrefund/pesa_autosave_consumer","oneacrefund/pesa_autosave_consumer","46eb069c83c9ede9cce48067a8d253b2ffd20002",true,true,MATCH
"oneacrefund/pesa_autosave_consumer","oneacrefund/pesa_autosave_consumer","4b67d9b86b11834b34b2eb2bd18c2d3aba63c36d",true,true,MATCH
"oneacrefund/pesa_autosave_consumer","oneacrefund/pesa_autosave_consumer","524c554b1c1663daf2e7cca04b2c85d0256bdd8f",true,true,MATCH
"oneacrefund/pesa_autosave_consumer","oneacrefund/pesa_autosave_consumer","57047dcb5863ca9449ff5fe33dcabf210deef615",true,true,MATCH
"oneacrefund/pesa_autosave_consumer","oneacrefund/pesa_autosave_consumer","5b9db976b7a5f22a94bdaff7b74ed99f45e37f90",true,true,MATCH
"oneacrefund/pesa_autosave_consumer","oneacrefund/pesa_autosave_consumer","5c764d345d9f9089a8efb38bec13d4e712954861",true,true,MATCH
"oneacrefund/pesa_autosave_consumer","oneacrefund/pesa_autosave_consumer","62b52c601d7f6059f2221a6cfda99f399c3af359",true,true,MATCH
"oneacrefund/pesa_autosave_consumer","oneacrefund/pesa_autosave_consumer","66d883c55a4820f8e7f612c2db9edc853967ab5e",true,true,MATCH
"oneacrefund/pesa_autosave_consumer","oneacrefund/pesa_autosave_consumer","6cfc3ecc7baee2562a3d5aadbd0a525912438f18",true,true,MATCH
"oneacrefund/pesa_autosave_consumer","oneacrefund/pesa_autosave_consumer","6f966c6ee573b03ed449aa35fa064f749e6762c8",true,true,MATCH
"oneacrefund/pesa_autosave_consumer","oneacrefund/pesa_autosave_consumer","741108ff91929660221267ffe48ee81de0cd315e",true,true,MATCH
"oneacrefund/pesa_autosave_consumer","oneacrefund/pesa_autosave_consumer","7b2d985fd6105955b0cb4f5655622f8454f9fccc",true,true,MATCH
"oneacrefund/pesa_autosave_consumer","oneacrefund/pesa_autosave_consumer","857636f88ebb28f1a79071ad16857296d0c76963",true,true,MATCH
"oneacrefund/pesa_autosave_consumer","oneacrefund/pesa_autosave_consumer","891f9c7fe8270c38651d5238b2975ebf1c69b43a",true,true,MATCH
"oneacrefund/pesa_autosave_consumer","oneacrefund/pesa_autosave_consumer","96e574f8116d6b257f5770407f5f879e4ec661be",true,true,MATCH
"oneacrefund/pesa_autosave_consumer","oneacrefund/pesa_autosave_consumer","9c253b570124aa9a29031c32989a880e1449dfd9",true,true,MATCH
"oneacrefund/pesa_autosave_consumer","oneacrefund/pesa_autosave_consumer","a286923b7c16fab980f4c5ee044ad615258364c9",true,true,MATCH
"oneacrefund/pesa_autosave_consumer","oneacrefund/pesa_autosave_consumer","ab7683a7d37a72699c058795b0648dcd76276d3a",true,true,MATCH
"oneacrefund/pesa_autosave_consumer","oneacrefund/pesa_autosave_consumer","ac9965825511373312a22be9b1f3956eb3ad3782",true,true,MATCH
"oneacrefund/pesa_autosave_consumer","oneacrefund/pesa_autosave_consumer","ae37bdb6b6e11aee55754f745df9380a639802cd",true,true,MATCH
"oneacrefund/pesa_autosave_consumer","oneacrefund/pesa_autosave_consumer","b17ee287721d308cfd724a706989c1ef462a0f44",true,true,MATCH
"oneacrefund/pesa_autosave_consumer","oneacrefund/pesa_autosave_consumer","b273b852dfbc4e03041fc8cc21397f1742ba7b3e",true,true,MATCH
"oneacrefund/pesa_autosave_consumer","oneacrefund/pesa_autosave_consumer","b49a8ca159f96a7b413b24255f0d2926bcd68561",true,true,MATCH
"oneacrefund/pesa_autosave_consumer","oneacrefund/pesa_autosave_consumer","b5b50c7945646e481aad6022f68a8b030a196390",true,true,MATCH
"oneacrefund/pesa_autosave_consumer","oneacrefund/pesa_autosave_consumer","b904cb1735a3997b0ebb9c6964de41469bdf2922",true,true,MATCH
"oneacrefund/pesa_autosave_consumer","oneacrefund/pesa_autosave_consumer","bdd98ee22696c6039d6edac042c63de754340bce",true,true,MATCH
"oneacrefund/pesa_autosave_consumer","oneacrefund/pesa_autosave_consumer","c95aecff86332bc865bbb07f0beab5e167d000c8",true,true,MATCH
"oneacrefund/pesa_autosave_consumer","oneacrefund/pesa_autosave_consumer","c98f9244a2bd79c06a5ad917c58f986161c85ba7",true,true,MATCH
"oneacrefund/pesa_autosave_consumer","oneacrefund/pesa_autosave_consumer","d9f33dea96f9520ef8e43b97878158d10d96f0c2",true,true,MATCH
"oneacrefund/pesa_autosave_consumer","oneacrefund/pesa_autosave_consumer","dd381a6b3895b08d01fb22ca74a28a8caacda614",true,true,MATCH
"oneacrefund/pesa_autosave_consumer","oneacrefund/pesa_autosave_consumer","e534c3c8d29db91beff2c585d2150407a233b88d",true,true,MATCH
"oneacrefund/pesa_autosave_consumer","oneacrefund/pesa_autosave_consumer","e7d67255fa2604f6c0aaa0e510a0068c4be2de12",true,true,MATCH
"oneacrefund/pesa_autosave_consumer","oneacrefund/pesa_autosave_consumer","ea4d11d5ea90048d1ee6ab0c9579e58642993713",true,true,MATCH
"oneacrefund/pesa_autosave_consumer","oneacrefund/pesa_autosave_consumer","ec1e184ab3aeddea584b786b5ede2de80c960484",true,true,MATCH
"oneacrefund/pesa_autosave_consumer","oneacrefund/pesa_autosave_consumer","f7575ec598ac061f27caf17a51b008a8f5d4670b",true,true,MATCH
"oneacrefund/pesa_autosave_consumer","oneacrefund/pesa_autosave_consumer","fc88abc5df508ea4c0fc59c309c138ae13d907fc",true,true,MATCH
"oneacrefund/pesa_autosave_consumer","oneacrefund/pesa_autosave_consumer","ff427f7db8f855c1343e750048743a94dada826e",true,true,MATCH
"oneacrefund/pesa_autosave_consumer","oneacrefund/pesa_autosave_consumer","ffe52a0eb65c49b2a39b278206ac55e50ecfe448",true,true,MATCH
"[SUMMARY]","oneacrefund/pesa_autosave_consumer","oneacrefund/pesa_autosave_consumer","ACR=60","ECR=60","MATCH=60 | MISSING_IN_ECR=0 | ECR_ONLY=0"
"oneacrefund/pesa_bancobu","oneacrefund/pesa_bancobu","031f6dfef1aac3a93bdc2b472c80c044c1f77faf",true,true,MATCH
"oneacrefund/pesa_bancobu","oneacrefund/pesa_bancobu","04543f72a38ebb550201c0ddcd00fe7cfcb91ee5",true,true,MATCH
"oneacrefund/pesa_bancobu","oneacrefund/pesa_bancobu","086bc00fa015dc29ee2fe8a7d56b94aab60ee997",true,true,MATCH
"oneacrefund/pesa_bancobu","oneacrefund/pesa_bancobu","0a247d85d3fc13b82f7cda599da823c062139f48",true,true,MATCH
"oneacrefund/pesa_bancobu","oneacrefund/pesa_bancobu","1143d566310462771d7fa67ab76b9463721d1cda",true,true,MATCH
"oneacrefund/pesa_bancobu","oneacrefund/pesa_bancobu","1d989729bfb9e3165c5023951e0a0e814d2affb2",true,true,MATCH
"oneacrefund/pesa_bancobu","oneacrefund/pesa_bancobu","26f49a21c3041d04ad987cff95726ad171aebfa4",true,true,MATCH
"oneacrefund/pesa_bancobu","oneacrefund/pesa_bancobu","2c6b4e2d5783104c58ae4c5e7c3aaa30ee64ecaf",true,true,MATCH
"oneacrefund/pesa_bancobu","oneacrefund/pesa_bancobu","2e6666310b978300c60787d2b661b7cab4423ef7",true,true,MATCH
"oneacrefund/pesa_bancobu","oneacrefund/pesa_bancobu","3149679ad5a88f331beeace1be92b12ecadb1764",true,true,MATCH
"oneacrefund/pesa_bancobu","oneacrefund/pesa_bancobu","3249a91cfc783510ffd37f1fa94b793ecd68884e",true,true,MATCH
"oneacrefund/pesa_bancobu","oneacrefund/pesa_bancobu","39239506f6b75f340dd5f0ddd0138ad5b2540486",true,true,MATCH
"oneacrefund/pesa_bancobu","oneacrefund/pesa_bancobu","3f4b5f576970a99f800ac46f653a556d7aca3d2a",true,true,MATCH
"oneacrefund/pesa_bancobu","oneacrefund/pesa_bancobu","46d7dc1e28efa45e54f2110d8d061a88f7a09b65",true,true,MATCH
"oneacrefund/pesa_bancobu","oneacrefund/pesa_bancobu","46eb069c83c9ede9cce48067a8d253b2ffd20002",true,true,MATCH
"oneacrefund/pesa_bancobu","oneacrefund/pesa_bancobu","4b67d9b86b11834b34b2eb2bd18c2d3aba63c36d",true,true,MATCH
"oneacrefund/pesa_bancobu","oneacrefund/pesa_bancobu","524c554b1c1663daf2e7cca04b2c85d0256bdd8f",true,true,MATCH
"oneacrefund/pesa_bancobu","oneacrefund/pesa_bancobu","5b9db976b7a5f22a94bdaff7b74ed99f45e37f90",true,true,MATCH
"oneacrefund/pesa_bancobu","oneacrefund/pesa_bancobu","5c764d345d9f9089a8efb38bec13d4e712954861",true,true,MATCH
"oneacrefund/pesa_bancobu","oneacrefund/pesa_bancobu","6cfc3ecc7baee2562a3d5aadbd0a525912438f18",true,true,MATCH
"oneacrefund/pesa_bancobu","oneacrefund/pesa_bancobu","6f966c6ee573b03ed449aa35fa064f749e6762c8",true,true,MATCH
"oneacrefund/pesa_bancobu","oneacrefund/pesa_bancobu","741108ff91929660221267ffe48ee81de0cd315e",true,true,MATCH
"oneacrefund/pesa_bancobu","oneacrefund/pesa_bancobu","7b2d985fd6105955b0cb4f5655622f8454f9fccc",true,true,MATCH
"oneacrefund/pesa_bancobu","oneacrefund/pesa_bancobu","857636f88ebb28f1a79071ad16857296d0c76963",true,true,MATCH
"oneacrefund/pesa_bancobu","oneacrefund/pesa_bancobu","891f9c7fe8270c38651d5238b2975ebf1c69b43a",true,true,MATCH
"oneacrefund/pesa_bancobu","oneacrefund/pesa_bancobu","96e574f8116d6b257f5770407f5f879e4ec661be",true,true,MATCH
"oneacrefund/pesa_bancobu","oneacrefund/pesa_bancobu","9c253b570124aa9a29031c32989a880e1449dfd9",true,true,MATCH
"oneacrefund/pesa_bancobu","oneacrefund/pesa_bancobu","a286923b7c16fab980f4c5ee044ad615258364c9",true,true,MATCH
"oneacrefund/pesa_bancobu","oneacrefund/pesa_bancobu","ab7683a7d37a72699c058795b0648dcd76276d3a",true,true,MATCH
"oneacrefund/pesa_bancobu","oneacrefund/pesa_bancobu","ae37bdb6b6e11aee55754f745df9380a639802cd",true,true,MATCH
"oneacrefund/pesa_bancobu","oneacrefund/pesa_bancobu","b17ee287721d308cfd724a706989c1ef462a0f44",true,true,MATCH
"oneacrefund/pesa_bancobu","oneacrefund/pesa_bancobu","b49a8ca159f96a7b413b24255f0d2926bcd68561",true,true,MATCH
"oneacrefund/pesa_bancobu","oneacrefund/pesa_bancobu","b904cb1735a3997b0ebb9c6964de41469bdf2922",true,true,MATCH
"oneacrefund/pesa_bancobu","oneacrefund/pesa_bancobu","c98f9244a2bd79c06a5ad917c58f986161c85ba7",true,true,MATCH
"oneacrefund/pesa_bancobu","oneacrefund/pesa_bancobu","d9f33dea96f9520ef8e43b97878158d10d96f0c2",true,true,MATCH
"oneacrefund/pesa_bancobu","oneacrefund/pesa_bancobu","dd381a6b3895b08d01fb22ca74a28a8caacda614",true,true,MATCH
"oneacrefund/pesa_bancobu","oneacrefund/pesa_bancobu","e534c3c8d29db91beff2c585d2150407a233b88d",true,true,MATCH
"oneacrefund/pesa_bancobu","oneacrefund/pesa_bancobu","ea4d11d5ea90048d1ee6ab0c9579e58642993713",true,true,MATCH
"oneacrefund/pesa_bancobu","oneacrefund/pesa_bancobu","ec1e184ab3aeddea584b786b5ede2de80c960484",true,true,MATCH
"oneacrefund/pesa_bancobu","oneacrefund/pesa_bancobu","ffe52a0eb65c49b2a39b278206ac55e50ecfe448",true,true,MATCH
"[SUMMARY]","oneacrefund/pesa_bancobu","oneacrefund/pesa_bancobu","ACR=40","ECR=40","MATCH=40 | MISSING_IN_ECR=0 | ECR_ONLY=0"
"oneacrefund/pesa_bank_of_kigali","oneacrefund/pesa_bank_of_kigali","004c1610c9dec798abd0d8fa3b4c01ec84192336",true,true,MATCH
"oneacrefund/pesa_bank_of_kigali","oneacrefund/pesa_bank_of_kigali","0948c6cdaa2298be1c52575b266ff3ef3d5ad2d5",true,true,MATCH
"oneacrefund/pesa_bank_of_kigali","oneacrefund/pesa_bank_of_kigali","338e0c543a02bba464c244cafcce32fa44473230",true,true,MATCH
"oneacrefund/pesa_bank_of_kigali","oneacrefund/pesa_bank_of_kigali","5831347ce41432fd48c504ce91dd975e4974ebd4",true,true,MATCH
"oneacrefund/pesa_bank_of_kigali","oneacrefund/pesa_bank_of_kigali","6e42a4847c113e8813a9c6bdacb038626920353c",true,true,MATCH
"oneacrefund/pesa_bank_of_kigali","oneacrefund/pesa_bank_of_kigali","8e72c9ddbc9f43bac7e16e6400b693baea8908bd",true,true,MATCH
"oneacrefund/pesa_bank_of_kigali","oneacrefund/pesa_bank_of_kigali","9d4ca4f51f958510eecc90d9a14c1a882e18aa8c",true,true,MATCH
"oneacrefund/pesa_bank_of_kigali","oneacrefund/pesa_bank_of_kigali","afcb15753b01d473abd095dc1a4cca1ec2c9134c",true,true,MATCH
"oneacrefund/pesa_bank_of_kigali","oneacrefund/pesa_bank_of_kigali","bbbdf76ddaf17fb11787701b2c5f682c0641cd85",true,true,MATCH
"oneacrefund/pesa_bank_of_kigali","oneacrefund/pesa_bank_of_kigali","d6cb8fcabb022c84991eed2d702fb150ae5ea23b",true,true,MATCH
"oneacrefund/pesa_bank_of_kigali","oneacrefund/pesa_bank_of_kigali","de09f9c89f237706cad007837db563690fe01cbe",true,true,MATCH
"oneacrefund/pesa_bank_of_kigali","oneacrefund/pesa_bank_of_kigali","deda18fd4382c0f91d7be206ce611fd7894dab18",true,true,MATCH
"oneacrefund/pesa_bank_of_kigali","oneacrefund/pesa_bank_of_kigali","e642dde51c0594cc8c963b4f6ff2064422fdc7f7",true,true,MATCH
"[SUMMARY]","oneacrefund/pesa_bank_of_kigali","oneacrefund/pesa_bank_of_kigali","ACR=13","ECR=13","MATCH=13 | MISSING_IN_ECR=0 | ECR_ONLY=0"
"oneacrefund/pesa_bc","oneacrefund/pesa_bc","b5b50c7945646e481aad6022f68a8b030a196390",true,true,MATCH
"oneacrefund/pesa_bc","oneacrefund/pesa_bc","bdd98ee22696c6039d6edac042c63de754340bce",true,true,MATCH
"oneacrefund/pesa_bc","oneacrefund/pesa_bc","fc88abc5df508ea4c0fc59c309c138ae13d907fc",true,true,MATCH
"[SUMMARY]","oneacrefund/pesa_bc","oneacrefund/pesa_bc","ACR=3","ECR=3","MATCH=3 | MISSING_IN_ECR=0 | ECR_ONLY=0"
"oneacrefund/pesa_beyonic","oneacrefund/pesa_beyonic","031f6dfef1aac3a93bdc2b472c80c044c1f77faf",true,true,MATCH
"oneacrefund/pesa_beyonic","oneacrefund/pesa_beyonic","04543f72a38ebb550201c0ddcd00fe7cfcb91ee5",true,true,MATCH
"oneacrefund/pesa_beyonic","oneacrefund/pesa_beyonic","086bc00fa015dc29ee2fe8a7d56b94aab60ee997",true,true,MATCH
"oneacrefund/pesa_beyonic","oneacrefund/pesa_beyonic","0a247d85d3fc13b82f7cda599da823c062139f48",true,true,MATCH
"oneacrefund/pesa_beyonic","oneacrefund/pesa_beyonic","1143d566310462771d7fa67ab76b9463721d1cda",true,true,MATCH
"oneacrefund/pesa_beyonic","oneacrefund/pesa_beyonic","1d989729bfb9e3165c5023951e0a0e814d2affb2",true,true,MATCH
"oneacrefund/pesa_beyonic","oneacrefund/pesa_beyonic","26f49a21c3041d04ad987cff95726ad171aebfa4",true,true,MATCH
"oneacrefund/pesa_beyonic","oneacrefund/pesa_beyonic","2c6b4e2d5783104c58ae4c5e7c3aaa30ee64ecaf",true,true,MATCH
"oneacrefund/pesa_beyonic","oneacrefund/pesa_beyonic","2e6666310b978300c60787d2b661b7cab4423ef7",true,true,MATCH
"oneacrefund/pesa_beyonic","oneacrefund/pesa_beyonic","3149679ad5a88f331beeace1be92b12ecadb1764",true,true,MATCH
"oneacrefund/pesa_beyonic","oneacrefund/pesa_beyonic","3249a91cfc783510ffd37f1fa94b793ecd68884e",true,true,MATCH
"oneacrefund/pesa_beyonic","oneacrefund/pesa_beyonic","39239506f6b75f340dd5f0ddd0138ad5b2540486",true,true,MATCH
"oneacrefund/pesa_beyonic","oneacrefund/pesa_beyonic","3f4b5f576970a99f800ac46f653a556d7aca3d2a",true,true,MATCH
"oneacrefund/pesa_beyonic","oneacrefund/pesa_beyonic","46d7dc1e28efa45e54f2110d8d061a88f7a09b65",true,true,MATCH
"oneacrefund/pesa_beyonic","oneacrefund/pesa_beyonic","46eb069c83c9ede9cce48067a8d253b2ffd20002",true,true,MATCH
"oneacrefund/pesa_beyonic","oneacrefund/pesa_beyonic","4b67d9b86b11834b34b2eb2bd18c2d3aba63c36d",true,true,MATCH
"oneacrefund/pesa_beyonic","oneacrefund/pesa_beyonic","524c554b1c1663daf2e7cca04b2c85d0256bdd8f",true,true,MATCH
"oneacrefund/pesa_beyonic","oneacrefund/pesa_beyonic","5b9db976b7a5f22a94bdaff7b74ed99f45e37f90",true,true,MATCH
"oneacrefund/pesa_beyonic","oneacrefund/pesa_beyonic","5c764d345d9f9089a8efb38bec13d4e712954861",true,true,MATCH
"oneacrefund/pesa_beyonic","oneacrefund/pesa_beyonic","6cfc3ecc7baee2562a3d5aadbd0a525912438f18",true,true,MATCH
"oneacrefund/pesa_beyonic","oneacrefund/pesa_beyonic","6f966c6ee573b03ed449aa35fa064f749e6762c8",true,true,MATCH
"oneacrefund/pesa_beyonic","oneacrefund/pesa_beyonic","741108ff91929660221267ffe48ee81de0cd315e",true,true,MATCH
"oneacrefund/pesa_beyonic","oneacrefund/pesa_beyonic","7b2d985fd6105955b0cb4f5655622f8454f9fccc",true,true,MATCH
"oneacrefund/pesa_beyonic","oneacrefund/pesa_beyonic","857636f88ebb28f1a79071ad16857296d0c76963",true,true,MATCH
"oneacrefund/pesa_beyonic","oneacrefund/pesa_beyonic","891f9c7fe8270c38651d5238b2975ebf1c69b43a",true,true,MATCH
"oneacrefund/pesa_beyonic","oneacrefund/pesa_beyonic","96e574f8116d6b257f5770407f5f879e4ec661be",true,true,MATCH
"oneacrefund/pesa_beyonic","oneacrefund/pesa_beyonic","9c253b570124aa9a29031c32989a880e1449dfd9",true,true,MATCH
"oneacrefund/pesa_beyonic","oneacrefund/pesa_beyonic","a286923b7c16fab980f4c5ee044ad615258364c9",true,true,MATCH
"oneacrefund/pesa_beyonic","oneacrefund/pesa_beyonic","ab7683a7d37a72699c058795b0648dcd76276d3a",true,true,MATCH
"oneacrefund/pesa_beyonic","oneacrefund/pesa_beyonic","ac9965825511373312a22be9b1f3956eb3ad3782",true,true,MATCH
"oneacrefund/pesa_beyonic","oneacrefund/pesa_beyonic","ae37bdb6b6e11aee55754f745df9380a639802cd",true,true,MATCH
"oneacrefund/pesa_beyonic","oneacrefund/pesa_beyonic","b17ee287721d308cfd724a706989c1ef462a0f44",true,true,MATCH
"oneacrefund/pesa_beyonic","oneacrefund/pesa_beyonic","b49a8ca159f96a7b413b24255f0d2926bcd68561",true,true,MATCH
"oneacrefund/pesa_beyonic","oneacrefund/pesa_beyonic","b904cb1735a3997b0ebb9c6964de41469bdf2922",true,true,MATCH
"oneacrefund/pesa_beyonic","oneacrefund/pesa_beyonic","c98f9244a2bd79c06a5ad917c58f986161c85ba7",true,true,MATCH
"oneacrefund/pesa_beyonic","oneacrefund/pesa_beyonic","d9f33dea96f9520ef8e43b97878158d10d96f0c2",true,true,MATCH
"oneacrefund/pesa_beyonic","oneacrefund/pesa_beyonic","dd381a6b3895b08d01fb22ca74a28a8caacda614",true,true,MATCH
"oneacrefund/pesa_beyonic","oneacrefund/pesa_beyonic","e534c3c8d29db91beff2c585d2150407a233b88d",true,true,MATCH
"oneacrefund/pesa_beyonic","oneacrefund/pesa_beyonic","ea4d11d5ea90048d1ee6ab0c9579e58642993713",true,true,MATCH
"oneacrefund/pesa_beyonic","oneacrefund/pesa_beyonic","ec1e184ab3aeddea584b786b5ede2de80c960484",true,true,MATCH
"oneacrefund/pesa_beyonic","oneacrefund/pesa_beyonic","ffe52a0eb65c49b2a39b278206ac55e50ecfe448",true,true,MATCH
"[SUMMARY]","oneacrefund/pesa_beyonic","oneacrefund/pesa_beyonic","ACR=41","ECR=41","MATCH=41 | MISSING_IN_ECR=0 | ECR_ONLY=0"
"oneacrefund/pesa_bk","oneacrefund/pesa_bk","031f6dfef1aac3a93bdc2b472c80c044c1f77faf",true,true,MATCH
"oneacrefund/pesa_bk","oneacrefund/pesa_bk","04543f72a38ebb550201c0ddcd00fe7cfcb91ee5",true,true,MATCH
"oneacrefund/pesa_bk","oneacrefund/pesa_bk","086bc00fa015dc29ee2fe8a7d56b94aab60ee997",true,true,MATCH
"oneacrefund/pesa_bk","oneacrefund/pesa_bk","0a247d85d3fc13b82f7cda599da823c062139f48",true,true,MATCH
"oneacrefund/pesa_bk","oneacrefund/pesa_bk","1143d566310462771d7fa67ab76b9463721d1cda",true,true,MATCH
"oneacrefund/pesa_bk","oneacrefund/pesa_bk","1d989729bfb9e3165c5023951e0a0e814d2affb2",true,true,MATCH
"oneacrefund/pesa_bk","oneacrefund/pesa_bk","26f49a21c3041d04ad987cff95726ad171aebfa4",true,true,MATCH
"oneacrefund/pesa_bk","oneacrefund/pesa_bk","2c6b4e2d5783104c58ae4c5e7c3aaa30ee64ecaf",true,true,MATCH
"oneacrefund/pesa_bk","oneacrefund/pesa_bk","2e6666310b978300c60787d2b661b7cab4423ef7",true,true,MATCH
"oneacrefund/pesa_bk","oneacrefund/pesa_bk","3149679ad5a88f331beeace1be92b12ecadb1764",true,true,MATCH
"oneacrefund/pesa_bk","oneacrefund/pesa_bk","3249a91cfc783510ffd37f1fa94b793ecd68884e",true,true,MATCH
"oneacrefund/pesa_bk","oneacrefund/pesa_bk","39239506f6b75f340dd5f0ddd0138ad5b2540486",true,true,MATCH
"oneacrefund/pesa_bk","oneacrefund/pesa_bk","3f4b5f576970a99f800ac46f653a556d7aca3d2a",true,true,MATCH
"oneacrefund/pesa_bk","oneacrefund/pesa_bk","46d7dc1e28efa45e54f2110d8d061a88f7a09b65",true,true,MATCH
"oneacrefund/pesa_bk","oneacrefund/pesa_bk","46eb069c83c9ede9cce48067a8d253b2ffd20002",true,true,MATCH
"oneacrefund/pesa_bk","oneacrefund/pesa_bk","4b67d9b86b11834b34b2eb2bd18c2d3aba63c36d",true,true,MATCH
"oneacrefund/pesa_bk","oneacrefund/pesa_bk","524c554b1c1663daf2e7cca04b2c85d0256bdd8f",true,true,MATCH
"oneacrefund/pesa_bk","oneacrefund/pesa_bk","5b9db976b7a5f22a94bdaff7b74ed99f45e37f90",true,true,MATCH
"oneacrefund/pesa_bk","oneacrefund/pesa_bk","5c764d345d9f9089a8efb38bec13d4e712954861",true,true,MATCH
"oneacrefund/pesa_bk","oneacrefund/pesa_bk","6cfc3ecc7baee2562a3d5aadbd0a525912438f18",true,true,MATCH
"oneacrefund/pesa_bk","oneacrefund/pesa_bk","6f966c6ee573b03ed449aa35fa064f749e6762c8",true,true,MATCH
"oneacrefund/pesa_bk","oneacrefund/pesa_bk","741108ff91929660221267ffe48ee81de0cd315e",true,true,MATCH
"oneacrefund/pesa_bk","oneacrefund/pesa_bk","7b2d985fd6105955b0cb4f5655622f8454f9fccc",true,true,MATCH
"oneacrefund/pesa_bk","oneacrefund/pesa_bk","857636f88ebb28f1a79071ad16857296d0c76963",true,true,MATCH
"oneacrefund/pesa_bk","oneacrefund/pesa_bk","891f9c7fe8270c38651d5238b2975ebf1c69b43a",true,true,MATCH
"oneacrefund/pesa_bk","oneacrefund/pesa_bk","96e574f8116d6b257f5770407f5f879e4ec661be",true,true,MATCH
"oneacrefund/pesa_bk","oneacrefund/pesa_bk","9c253b570124aa9a29031c32989a880e1449dfd9",true,true,MATCH
"oneacrefund/pesa_bk","oneacrefund/pesa_bk","a286923b7c16fab980f4c5ee044ad615258364c9",true,true,MATCH
"oneacrefund/pesa_bk","oneacrefund/pesa_bk","ab7683a7d37a72699c058795b0648dcd76276d3a",true,true,MATCH
"oneacrefund/pesa_bk","oneacrefund/pesa_bk","ae37bdb6b6e11aee55754f745df9380a639802cd",true,true,MATCH
"oneacrefund/pesa_bk","oneacrefund/pesa_bk","b17ee287721d308cfd724a706989c1ef462a0f44",true,true,MATCH
"oneacrefund/pesa_bk","oneacrefund/pesa_bk","b49a8ca159f96a7b413b24255f0d2926bcd68561",true,true,MATCH
"oneacrefund/pesa_bk","oneacrefund/pesa_bk","b904cb1735a3997b0ebb9c6964de41469bdf2922",true,true,MATCH
"oneacrefund/pesa_bk","oneacrefund/pesa_bk","c98f9244a2bd79c06a5ad917c58f986161c85ba7",true,true,MATCH
"oneacrefund/pesa_bk","oneacrefund/pesa_bk","d9f33dea96f9520ef8e43b97878158d10d96f0c2",true,true,MATCH
"oneacrefund/pesa_bk","oneacrefund/pesa_bk","dd381a6b3895b08d01fb22ca74a28a8caacda614",true,true,MATCH
"oneacrefund/pesa_bk","oneacrefund/pesa_bk","e534c3c8d29db91beff2c585d2150407a233b88d",true,true,MATCH
"oneacrefund/pesa_bk","oneacrefund/pesa_bk","ea4d11d5ea90048d1ee6ab0c9579e58642993713",true,true,MATCH
"oneacrefund/pesa_bk","oneacrefund/pesa_bk","ec1e184ab3aeddea584b786b5ede2de80c960484",true,true,MATCH
"oneacrefund/pesa_bk","oneacrefund/pesa_bk","ffe52a0eb65c49b2a39b278206ac55e50ecfe448",true,true,MATCH
"[SUMMARY]","oneacrefund/pesa_bk","oneacrefund/pesa_bk","ACR=40","ECR=40","MATCH=40 | MISSING_IN_ECR=0 | ECR_ONLY=0"
"oneacrefund/pesa_core","oneacrefund/pesa_core","031f6dfef1aac3a93bdc2b472c80c044c1f77faf",true,true,MATCH
"oneacrefund/pesa_core","oneacrefund/pesa_core","04543f72a38ebb550201c0ddcd00fe7cfcb91ee5",true,true,MATCH
"oneacrefund/pesa_core","oneacrefund/pesa_core","086bc00fa015dc29ee2fe8a7d56b94aab60ee997",true,true,MATCH
"oneacrefund/pesa_core","oneacrefund/pesa_core","0a247d85d3fc13b82f7cda599da823c062139f48",true,true,MATCH
"oneacrefund/pesa_core","oneacrefund/pesa_core","1143d566310462771d7fa67ab76b9463721d1cda",true,true,MATCH
"oneacrefund/pesa_core","oneacrefund/pesa_core","1d989729bfb9e3165c5023951e0a0e814d2affb2",true,true,MATCH
"oneacrefund/pesa_core","oneacrefund/pesa_core","26f49a21c3041d04ad987cff95726ad171aebfa4",true,true,MATCH
"oneacrefund/pesa_core","oneacrefund/pesa_core","2c6b4e2d5783104c58ae4c5e7c3aaa30ee64ecaf",true,true,MATCH
"oneacrefund/pesa_core","oneacrefund/pesa_core","2e6666310b978300c60787d2b661b7cab4423ef7",true,true,MATCH
"oneacrefund/pesa_core","oneacrefund/pesa_core","3149679ad5a88f331beeace1be92b12ecadb1764",true,true,MATCH
"oneacrefund/pesa_core","oneacrefund/pesa_core","3249a91cfc783510ffd37f1fa94b793ecd68884e",true,true,MATCH
"oneacrefund/pesa_core","oneacrefund/pesa_core","39239506f6b75f340dd5f0ddd0138ad5b2540486",true,true,MATCH
"oneacrefund/pesa_core","oneacrefund/pesa_core","3f4b5f576970a99f800ac46f653a556d7aca3d2a",true,true,MATCH
"oneacrefund/pesa_core","oneacrefund/pesa_core","46d7dc1e28efa45e54f2110d8d061a88f7a09b65",true,true,MATCH
"oneacrefund/pesa_core","oneacrefund/pesa_core","46eb069c83c9ede9cce48067a8d253b2ffd20002",true,true,MATCH
"oneacrefund/pesa_core","oneacrefund/pesa_core","4b67d9b86b11834b34b2eb2bd18c2d3aba63c36d",true,true,MATCH
"oneacrefund/pesa_core","oneacrefund/pesa_core","524c554b1c1663daf2e7cca04b2c85d0256bdd8f",true,true,MATCH
"oneacrefund/pesa_core","oneacrefund/pesa_core","5b9db976b7a5f22a94bdaff7b74ed99f45e37f90",true,true,MATCH
"oneacrefund/pesa_core","oneacrefund/pesa_core","5c764d345d9f9089a8efb38bec13d4e712954861",true,true,MATCH
"oneacrefund/pesa_core","oneacrefund/pesa_core","6cfc3ecc7baee2562a3d5aadbd0a525912438f18",true,true,MATCH
"oneacrefund/pesa_core","oneacrefund/pesa_core","6f966c6ee573b03ed449aa35fa064f749e6762c8",true,true,MATCH
"oneacrefund/pesa_core","oneacrefund/pesa_core","741108ff91929660221267ffe48ee81de0cd315e",true,true,MATCH
"oneacrefund/pesa_core","oneacrefund/pesa_core","7b2d985fd6105955b0cb4f5655622f8454f9fccc",true,true,MATCH
"oneacrefund/pesa_core","oneacrefund/pesa_core","857636f88ebb28f1a79071ad16857296d0c76963",true,true,MATCH
"oneacrefund/pesa_core","oneacrefund/pesa_core","891f9c7fe8270c38651d5238b2975ebf1c69b43a",true,true,MATCH
"oneacrefund/pesa_core","oneacrefund/pesa_core","96e574f8116d6b257f5770407f5f879e4ec661be",true,true,MATCH
"oneacrefund/pesa_core","oneacrefund/pesa_core","9c253b570124aa9a29031c32989a880e1449dfd9",true,true,MATCH
"oneacrefund/pesa_core","oneacrefund/pesa_core","a286923b7c16fab980f4c5ee044ad615258364c9",true,true,MATCH
"oneacrefund/pesa_core","oneacrefund/pesa_core","ab7683a7d37a72699c058795b0648dcd76276d3a",true,true,MATCH
"oneacrefund/pesa_core","oneacrefund/pesa_core","ae37bdb6b6e11aee55754f745df9380a639802cd",true,true,MATCH
"oneacrefund/pesa_core","oneacrefund/pesa_core","b17ee287721d308cfd724a706989c1ef462a0f44",true,true,MATCH
"oneacrefund/pesa_core","oneacrefund/pesa_core","b49a8ca159f96a7b413b24255f0d2926bcd68561",true,true,MATCH
"oneacrefund/pesa_core","oneacrefund/pesa_core","b904cb1735a3997b0ebb9c6964de41469bdf2922",true,true,MATCH
"oneacrefund/pesa_core","oneacrefund/pesa_core","c98f9244a2bd79c06a5ad917c58f986161c85ba7",true,true,MATCH
"oneacrefund/pesa_core","oneacrefund/pesa_core","d9f33dea96f9520ef8e43b97878158d10d96f0c2",true,true,MATCH
"oneacrefund/pesa_core","oneacrefund/pesa_core","dd381a6b3895b08d01fb22ca74a28a8caacda614",true,true,MATCH
"oneacrefund/pesa_core","oneacrefund/pesa_core","e534c3c8d29db91beff2c585d2150407a233b88d",true,true,MATCH
"oneacrefund/pesa_core","oneacrefund/pesa_core","ea4d11d5ea90048d1ee6ab0c9579e58642993713",true,true,MATCH
"oneacrefund/pesa_core","oneacrefund/pesa_core","ec1e184ab3aeddea584b786b5ede2de80c960484",true,true,MATCH
"oneacrefund/pesa_core","oneacrefund/pesa_core","ffe52a0eb65c49b2a39b278206ac55e50ecfe448",true,true,MATCH
"[SUMMARY]","oneacrefund/pesa_core","oneacrefund/pesa_core","ACR=40","ECR=40","MATCH=40 | MISSING_IN_ECR=0 | ECR_ONLY=0"
"oneacrefund/pesa_equity_bank","oneacrefund/pesa_equity_bank","031f6dfef1aac3a93bdc2b472c80c044c1f77faf",true,true,MATCH
"oneacrefund/pesa_equity_bank","oneacrefund/pesa_equity_bank","04543f72a38ebb550201c0ddcd00fe7cfcb91ee5",true,true,MATCH
"oneacrefund/pesa_equity_bank","oneacrefund/pesa_equity_bank","086bc00fa015dc29ee2fe8a7d56b94aab60ee997",true,true,MATCH
"oneacrefund/pesa_equity_bank","oneacrefund/pesa_equity_bank","0a247d85d3fc13b82f7cda599da823c062139f48",true,true,MATCH
"oneacrefund/pesa_equity_bank","oneacrefund/pesa_equity_bank","1143d566310462771d7fa67ab76b9463721d1cda",true,true,MATCH
"oneacrefund/pesa_equity_bank","oneacrefund/pesa_equity_bank","1d989729bfb9e3165c5023951e0a0e814d2affb2",true,true,MATCH
"oneacrefund/pesa_equity_bank","oneacrefund/pesa_equity_bank","26f49a21c3041d04ad987cff95726ad171aebfa4",true,true,MATCH
"oneacrefund/pesa_equity_bank","oneacrefund/pesa_equity_bank","2c6b4e2d5783104c58ae4c5e7c3aaa30ee64ecaf",true,true,MATCH
"oneacrefund/pesa_equity_bank","oneacrefund/pesa_equity_bank","2e6666310b978300c60787d2b661b7cab4423ef7",true,true,MATCH
"oneacrefund/pesa_equity_bank","oneacrefund/pesa_equity_bank","3149679ad5a88f331beeace1be92b12ecadb1764",true,true,MATCH
"oneacrefund/pesa_equity_bank","oneacrefund/pesa_equity_bank","3249a91cfc783510ffd37f1fa94b793ecd68884e",true,true,MATCH
"oneacrefund/pesa_equity_bank","oneacrefund/pesa_equity_bank","39239506f6b75f340dd5f0ddd0138ad5b2540486",true,true,MATCH
"oneacrefund/pesa_equity_bank","oneacrefund/pesa_equity_bank","3f4b5f576970a99f800ac46f653a556d7aca3d2a",true,true,MATCH
"oneacrefund/pesa_equity_bank","oneacrefund/pesa_equity_bank","46d7dc1e28efa45e54f2110d8d061a88f7a09b65",true,true,MATCH
"oneacrefund/pesa_equity_bank","oneacrefund/pesa_equity_bank","46eb069c83c9ede9cce48067a8d253b2ffd20002",true,true,MATCH
"oneacrefund/pesa_equity_bank","oneacrefund/pesa_equity_bank","4b67d9b86b11834b34b2eb2bd18c2d3aba63c36d",true,true,MATCH
"oneacrefund/pesa_equity_bank","oneacrefund/pesa_equity_bank","524c554b1c1663daf2e7cca04b2c85d0256bdd8f",true,true,MATCH
"oneacrefund/pesa_equity_bank","oneacrefund/pesa_equity_bank","5b9db976b7a5f22a94bdaff7b74ed99f45e37f90",true,true,MATCH
"oneacrefund/pesa_equity_bank","oneacrefund/pesa_equity_bank","5c764d345d9f9089a8efb38bec13d4e712954861",true,true,MATCH
"oneacrefund/pesa_equity_bank","oneacrefund/pesa_equity_bank","6cfc3ecc7baee2562a3d5aadbd0a525912438f18",true,true,MATCH
"oneacrefund/pesa_equity_bank","oneacrefund/pesa_equity_bank","6f966c6ee573b03ed449aa35fa064f749e6762c8",true,true,MATCH
"oneacrefund/pesa_equity_bank","oneacrefund/pesa_equity_bank","741108ff91929660221267ffe48ee81de0cd315e",true,true,MATCH
"oneacrefund/pesa_equity_bank","oneacrefund/pesa_equity_bank","7b2d985fd6105955b0cb4f5655622f8454f9fccc",true,true,MATCH
"oneacrefund/pesa_equity_bank","oneacrefund/pesa_equity_bank","857636f88ebb28f1a79071ad16857296d0c76963",true,true,MATCH
"oneacrefund/pesa_equity_bank","oneacrefund/pesa_equity_bank","891f9c7fe8270c38651d5238b2975ebf1c69b43a",true,true,MATCH
"oneacrefund/pesa_equity_bank","oneacrefund/pesa_equity_bank","96e574f8116d6b257f5770407f5f879e4ec661be",true,true,MATCH
"oneacrefund/pesa_equity_bank","oneacrefund/pesa_equity_bank","9c253b570124aa9a29031c32989a880e1449dfd9",true,true,MATCH
"oneacrefund/pesa_equity_bank","oneacrefund/pesa_equity_bank","a286923b7c16fab980f4c5ee044ad615258364c9",true,true,MATCH
"oneacrefund/pesa_equity_bank","oneacrefund/pesa_equity_bank","ab7683a7d37a72699c058795b0648dcd76276d3a",true,true,MATCH
"oneacrefund/pesa_equity_bank","oneacrefund/pesa_equity_bank","ae37bdb6b6e11aee55754f745df9380a639802cd",true,true,MATCH
"oneacrefund/pesa_equity_bank","oneacrefund/pesa_equity_bank","b17ee287721d308cfd724a706989c1ef462a0f44",true,true,MATCH
"oneacrefund/pesa_equity_bank","oneacrefund/pesa_equity_bank","b49a8ca159f96a7b413b24255f0d2926bcd68561",true,true,MATCH
"oneacrefund/pesa_equity_bank","oneacrefund/pesa_equity_bank","b904cb1735a3997b0ebb9c6964de41469bdf2922",true,true,MATCH
"oneacrefund/pesa_equity_bank","oneacrefund/pesa_equity_bank","c98f9244a2bd79c06a5ad917c58f986161c85ba7",true,true,MATCH
"oneacrefund/pesa_equity_bank","oneacrefund/pesa_equity_bank","d9f33dea96f9520ef8e43b97878158d10d96f0c2",true,true,MATCH
"oneacrefund/pesa_equity_bank","oneacrefund/pesa_equity_bank","dd381a6b3895b08d01fb22ca74a28a8caacda614",true,true,MATCH
"oneacrefund/pesa_equity_bank","oneacrefund/pesa_equity_bank","e534c3c8d29db91beff2c585d2150407a233b88d",true,true,MATCH
"oneacrefund/pesa_equity_bank","oneacrefund/pesa_equity_bank","ea4d11d5ea90048d1ee6ab0c9579e58642993713",true,true,MATCH
"oneacrefund/pesa_equity_bank","oneacrefund/pesa_equity_bank","ec1e184ab3aeddea584b786b5ede2de80c960484",true,true,MATCH
"oneacrefund/pesa_equity_bank","oneacrefund/pesa_equity_bank","ffe52a0eb65c49b2a39b278206ac55e50ecfe448",true,true,MATCH
"[SUMMARY]","oneacrefund/pesa_equity_bank","oneacrefund/pesa_equity_bank","ACR=40","ECR=40","MATCH=40 | MISSING_IN_ECR=0 | ECR_ONLY=0"
"oneacrefund/pesa_fbn","oneacrefund/pesa_fbn","031f6dfef1aac3a93bdc2b472c80c044c1f77faf",true,true,MATCH
"oneacrefund/pesa_fbn","oneacrefund/pesa_fbn","04469060c3876d7b3dfddfc13445fc38ca0cc4d0",true,true,MATCH
"oneacrefund/pesa_fbn","oneacrefund/pesa_fbn","04543f72a38ebb550201c0ddcd00fe7cfcb91ee5",true,true,MATCH
"oneacrefund/pesa_fbn","oneacrefund/pesa_fbn","05c895c1e1a913a55b9b161c36ead818e841ef75",true,true,MATCH
"oneacrefund/pesa_fbn","oneacrefund/pesa_fbn","086bc00fa015dc29ee2fe8a7d56b94aab60ee997",true,true,MATCH
"oneacrefund/pesa_fbn","oneacrefund/pesa_fbn","0a247d85d3fc13b82f7cda599da823c062139f48",true,true,MATCH
"oneacrefund/pesa_fbn","oneacrefund/pesa_fbn","1143d566310462771d7fa67ab76b9463721d1cda",true,true,MATCH
"oneacrefund/pesa_fbn","oneacrefund/pesa_fbn","1d989729bfb9e3165c5023951e0a0e814d2affb2",true,true,MATCH
"oneacrefund/pesa_fbn","oneacrefund/pesa_fbn","26f49a21c3041d04ad987cff95726ad171aebfa4",true,true,MATCH
"oneacrefund/pesa_fbn","oneacrefund/pesa_fbn","2c6b4e2d5783104c58ae4c5e7c3aaa30ee64ecaf",true,true,MATCH
"oneacrefund/pesa_fbn","oneacrefund/pesa_fbn","2e6666310b978300c60787d2b661b7cab4423ef7",true,true,MATCH
"oneacrefund/pesa_fbn","oneacrefund/pesa_fbn","3149679ad5a88f331beeace1be92b12ecadb1764",true,true,MATCH
"oneacrefund/pesa_fbn","oneacrefund/pesa_fbn","3249a91cfc783510ffd37f1fa94b793ecd68884e",true,true,MATCH
"oneacrefund/pesa_fbn","oneacrefund/pesa_fbn","39239506f6b75f340dd5f0ddd0138ad5b2540486",true,true,MATCH
"oneacrefund/pesa_fbn","oneacrefund/pesa_fbn","3d9699207df7525ca017f77c3961c4d19df25a39",true,true,MATCH
"oneacrefund/pesa_fbn","oneacrefund/pesa_fbn","3f4b5f576970a99f800ac46f653a556d7aca3d2a",true,true,MATCH
"oneacrefund/pesa_fbn","oneacrefund/pesa_fbn","444c08c885313ff7c536c0d579483958997ed42d",true,true,MATCH
"oneacrefund/pesa_fbn","oneacrefund/pesa_fbn","46d7dc1e28efa45e54f2110d8d061a88f7a09b65",true,true,MATCH
"oneacrefund/pesa_fbn","oneacrefund/pesa_fbn","46eb069c83c9ede9cce48067a8d253b2ffd20002",true,true,MATCH
"oneacrefund/pesa_fbn","oneacrefund/pesa_fbn","4b67d9b86b11834b34b2eb2bd18c2d3aba63c36d",true,true,MATCH
"oneacrefund/pesa_fbn","oneacrefund/pesa_fbn","524c554b1c1663daf2e7cca04b2c85d0256bdd8f",true,true,MATCH
"oneacrefund/pesa_fbn","oneacrefund/pesa_fbn","5b9db976b7a5f22a94bdaff7b74ed99f45e37f90",true,true,MATCH
"oneacrefund/pesa_fbn","oneacrefund/pesa_fbn","5c764d345d9f9089a8efb38bec13d4e712954861",true,true,MATCH
"oneacrefund/pesa_fbn","oneacrefund/pesa_fbn","6cfc3ecc7baee2562a3d5aadbd0a525912438f18",true,true,MATCH
"oneacrefund/pesa_fbn","oneacrefund/pesa_fbn","6f966c6ee573b03ed449aa35fa064f749e6762c8",true,true,MATCH
"oneacrefund/pesa_fbn","oneacrefund/pesa_fbn","741108ff91929660221267ffe48ee81de0cd315e",true,true,MATCH
"oneacrefund/pesa_fbn","oneacrefund/pesa_fbn","7b2d985fd6105955b0cb4f5655622f8454f9fccc",true,true,MATCH
"oneacrefund/pesa_fbn","oneacrefund/pesa_fbn","857636f88ebb28f1a79071ad16857296d0c76963",true,true,MATCH
"oneacrefund/pesa_fbn","oneacrefund/pesa_fbn","891f9c7fe8270c38651d5238b2975ebf1c69b43a",true,true,MATCH
"oneacrefund/pesa_fbn","oneacrefund/pesa_fbn","96e574f8116d6b257f5770407f5f879e4ec661be",true,true,MATCH
"oneacrefund/pesa_fbn","oneacrefund/pesa_fbn","9c253b570124aa9a29031c32989a880e1449dfd9",true,true,MATCH
"oneacrefund/pesa_fbn","oneacrefund/pesa_fbn","a286923b7c16fab980f4c5ee044ad615258364c9",true,true,MATCH
"oneacrefund/pesa_fbn","oneacrefund/pesa_fbn","ab7683a7d37a72699c058795b0648dcd76276d3a",true,true,MATCH
"oneacrefund/pesa_fbn","oneacrefund/pesa_fbn","ac9965825511373312a22be9b1f3956eb3ad3782",true,true,MATCH
"oneacrefund/pesa_fbn","oneacrefund/pesa_fbn","ae37bdb6b6e11aee55754f745df9380a639802cd",true,true,MATCH
"oneacrefund/pesa_fbn","oneacrefund/pesa_fbn","b17ee287721d308cfd724a706989c1ef462a0f44",true,true,MATCH
"oneacrefund/pesa_fbn","oneacrefund/pesa_fbn","b273b852dfbc4e03041fc8cc21397f1742ba7b3e",true,true,MATCH
"oneacrefund/pesa_fbn","oneacrefund/pesa_fbn","b49a8ca159f96a7b413b24255f0d2926bcd68561",true,true,MATCH
"oneacrefund/pesa_fbn","oneacrefund/pesa_fbn","b5b50c7945646e481aad6022f68a8b030a196390",true,true,MATCH
"oneacrefund/pesa_fbn","oneacrefund/pesa_fbn","b904cb1735a3997b0ebb9c6964de41469bdf2922",true,true,MATCH
"oneacrefund/pesa_fbn","oneacrefund/pesa_fbn","c95aecff86332bc865bbb07f0beab5e167d000c8",true,true,MATCH
"oneacrefund/pesa_fbn","oneacrefund/pesa_fbn","c98f9244a2bd79c06a5ad917c58f986161c85ba7",true,true,MATCH
"oneacrefund/pesa_fbn","oneacrefund/pesa_fbn","d9f33dea96f9520ef8e43b97878158d10d96f0c2",true,true,MATCH
"oneacrefund/pesa_fbn","oneacrefund/pesa_fbn","dd381a6b3895b08d01fb22ca74a28a8caacda614",true,true,MATCH
"oneacrefund/pesa_fbn","oneacrefund/pesa_fbn","e534c3c8d29db91beff2c585d2150407a233b88d",true,true,MATCH
"oneacrefund/pesa_fbn","oneacrefund/pesa_fbn","e7d67255fa2604f6c0aaa0e510a0068c4be2de12",true,true,MATCH
"oneacrefund/pesa_fbn","oneacrefund/pesa_fbn","ea4d11d5ea90048d1ee6ab0c9579e58642993713",true,true,MATCH
"oneacrefund/pesa_fbn","oneacrefund/pesa_fbn","ec1e184ab3aeddea584b786b5ede2de80c960484",true,true,MATCH
"oneacrefund/pesa_fbn","oneacrefund/pesa_fbn","f7575ec598ac061f27caf17a51b008a8f5d4670b",true,true,MATCH
"oneacrefund/pesa_fbn","oneacrefund/pesa_fbn","ff427f7db8f855c1343e750048743a94dada826e",true,true,MATCH
"oneacrefund/pesa_fbn","oneacrefund/pesa_fbn","ffe52a0eb65c49b2a39b278206ac55e50ecfe448",true,true,MATCH
"[SUMMARY]","oneacrefund/pesa_fbn","oneacrefund/pesa_fbn","ACR=51","ECR=51","MATCH=51 | MISSING_IN_ECR=0 | ECR_ONLY=0"
"oneacrefund/pesa_first_bank","oneacrefund/pesa_first_bank","004c1610c9dec798abd0d8fa3b4c01ec84192336",true,true,MATCH
"oneacrefund/pesa_first_bank","oneacrefund/pesa_first_bank","0948c6cdaa2298be1c52575b266ff3ef3d5ad2d5",true,true,MATCH
"oneacrefund/pesa_first_bank","oneacrefund/pesa_first_bank","338e0c543a02bba464c244cafcce32fa44473230",true,true,MATCH
"oneacrefund/pesa_first_bank","oneacrefund/pesa_first_bank","5831347ce41432fd48c504ce91dd975e4974ebd4",true,true,MATCH
"oneacrefund/pesa_first_bank","oneacrefund/pesa_first_bank","6e42a4847c113e8813a9c6bdacb038626920353c",true,true,MATCH
"oneacrefund/pesa_first_bank","oneacrefund/pesa_first_bank","8e72c9ddbc9f43bac7e16e6400b693baea8908bd",true,true,MATCH
"oneacrefund/pesa_first_bank","oneacrefund/pesa_first_bank","9d4ca4f51f958510eecc90d9a14c1a882e18aa8c",true,true,MATCH
"oneacrefund/pesa_first_bank","oneacrefund/pesa_first_bank","afcb15753b01d473abd095dc1a4cca1ec2c9134c",true,true,MATCH
"oneacrefund/pesa_first_bank","oneacrefund/pesa_first_bank","bbbdf76ddaf17fb11787701b2c5f682c0641cd85",true,true,MATCH
"oneacrefund/pesa_first_bank","oneacrefund/pesa_first_bank","d6cb8fcabb022c84991eed2d702fb150ae5ea23b",true,true,MATCH
"oneacrefund/pesa_first_bank","oneacrefund/pesa_first_bank","de09f9c89f237706cad007837db563690fe01cbe",true,true,MATCH
"oneacrefund/pesa_first_bank","oneacrefund/pesa_first_bank","deda18fd4382c0f91d7be206ce611fd7894dab18",true,true,MATCH
"oneacrefund/pesa_first_bank","oneacrefund/pesa_first_bank","e642dde51c0594cc8c963b4f6ff2064422fdc7f7",true,true,MATCH
"[SUMMARY]","oneacrefund/pesa_first_bank","oneacrefund/pesa_first_bank","ACR=13","ECR=13","MATCH=13 | MISSING_IN_ECR=0 | ECR_ONLY=0"
"oneacrefund/pesa_payment_consumer","oneacrefund/pesa_payment_consumer","00d0842a17ffcdb2797eba55eec9b26e201d8455",true,true,MATCH
"oneacrefund/pesa_payment_consumer","oneacrefund/pesa_payment_consumer","031f6dfef1aac3a93bdc2b472c80c044c1f77faf",true,true,MATCH
"oneacrefund/pesa_payment_consumer","oneacrefund/pesa_payment_consumer","04469060c3876d7b3dfddfc13445fc38ca0cc4d0",true,true,MATCH
"oneacrefund/pesa_payment_consumer","oneacrefund/pesa_payment_consumer","04543f72a38ebb550201c0ddcd00fe7cfcb91ee5",true,true,MATCH
"oneacrefund/pesa_payment_consumer","oneacrefund/pesa_payment_consumer","05c895c1e1a913a55b9b161c36ead818e841ef75",true,true,MATCH
"oneacrefund/pesa_payment_consumer","oneacrefund/pesa_payment_consumer","07d9ae56a34eff929e482bcd986d947bd28d2869",true,true,MATCH
"oneacrefund/pesa_payment_consumer","oneacrefund/pesa_payment_consumer","086bc00fa015dc29ee2fe8a7d56b94aab60ee997",true,true,MATCH
"oneacrefund/pesa_payment_consumer","oneacrefund/pesa_payment_consumer","0a124088ef1a127da389a4961025a7158bab4da0",true,true,MATCH
"oneacrefund/pesa_payment_consumer","oneacrefund/pesa_payment_consumer","0a247d85d3fc13b82f7cda599da823c062139f48",true,true,MATCH
"oneacrefund/pesa_payment_consumer","oneacrefund/pesa_payment_consumer","1143d566310462771d7fa67ab76b9463721d1cda",true,true,MATCH
"oneacrefund/pesa_payment_consumer","oneacrefund/pesa_payment_consumer","1d989729bfb9e3165c5023951e0a0e814d2affb2",true,true,MATCH
"oneacrefund/pesa_payment_consumer","oneacrefund/pesa_payment_consumer","26f49a21c3041d04ad987cff95726ad171aebfa4",true,true,MATCH
"oneacrefund/pesa_payment_consumer","oneacrefund/pesa_payment_consumer","2c6b4e2d5783104c58ae4c5e7c3aaa30ee64ecaf",true,true,MATCH
"oneacrefund/pesa_payment_consumer","oneacrefund/pesa_payment_consumer","2e6666310b978300c60787d2b661b7cab4423ef7",true,true,MATCH
"oneacrefund/pesa_payment_consumer","oneacrefund/pesa_payment_consumer","2fad5fa91b11ba20310f1689db17d22a6111fcf3",true,true,MATCH
"oneacrefund/pesa_payment_consumer","oneacrefund/pesa_payment_consumer","3149679ad5a88f331beeace1be92b12ecadb1764",true,true,MATCH
"oneacrefund/pesa_payment_consumer","oneacrefund/pesa_payment_consumer","3249a91cfc783510ffd37f1fa94b793ecd68884e",true,true,MATCH
"oneacrefund/pesa_payment_consumer","oneacrefund/pesa_payment_consumer","39239506f6b75f340dd5f0ddd0138ad5b2540486",true,true,MATCH
"oneacrefund/pesa_payment_consumer","oneacrefund/pesa_payment_consumer","3d9699207df7525ca017f77c3961c4d19df25a39",true,true,MATCH
"oneacrefund/pesa_payment_consumer","oneacrefund/pesa_payment_consumer","3f4b5f576970a99f800ac46f653a556d7aca3d2a",true,true,MATCH
"oneacrefund/pesa_payment_consumer","oneacrefund/pesa_payment_consumer","444c08c885313ff7c536c0d579483958997ed42d",true,true,MATCH
"oneacrefund/pesa_payment_consumer","oneacrefund/pesa_payment_consumer","46d7dc1e28efa45e54f2110d8d061a88f7a09b65",true,true,MATCH
"oneacrefund/pesa_payment_consumer","oneacrefund/pesa_payment_consumer","46eb069c83c9ede9cce48067a8d253b2ffd20002",true,true,MATCH
"oneacrefund/pesa_payment_consumer","oneacrefund/pesa_payment_consumer","4b67d9b86b11834b34b2eb2bd18c2d3aba63c36d",true,true,MATCH
"oneacrefund/pesa_payment_consumer","oneacrefund/pesa_payment_consumer","524c554b1c1663daf2e7cca04b2c85d0256bdd8f",true,true,MATCH
"oneacrefund/pesa_payment_consumer","oneacrefund/pesa_payment_consumer","57047dcb5863ca9449ff5fe33dcabf210deef615",true,true,MATCH
"oneacrefund/pesa_payment_consumer","oneacrefund/pesa_payment_consumer","5b9db976b7a5f22a94bdaff7b74ed99f45e37f90",true,true,MATCH
"oneacrefund/pesa_payment_consumer","oneacrefund/pesa_payment_consumer","5c764d345d9f9089a8efb38bec13d4e712954861",true,true,MATCH
"oneacrefund/pesa_payment_consumer","oneacrefund/pesa_payment_consumer","62b52c601d7f6059f2221a6cfda99f399c3af359",true,true,MATCH
"oneacrefund/pesa_payment_consumer","oneacrefund/pesa_payment_consumer","66d883c55a4820f8e7f612c2db9edc853967ab5e",true,true,MATCH
"oneacrefund/pesa_payment_consumer","oneacrefund/pesa_payment_consumer","6cfc3ecc7baee2562a3d5aadbd0a525912438f18",true,true,MATCH
"oneacrefund/pesa_payment_consumer","oneacrefund/pesa_payment_consumer","6f966c6ee573b03ed449aa35fa064f749e6762c8",true,true,MATCH
"oneacrefund/pesa_payment_consumer","oneacrefund/pesa_payment_consumer","741108ff91929660221267ffe48ee81de0cd315e",true,true,MATCH
"oneacrefund/pesa_payment_consumer","oneacrefund/pesa_payment_consumer","7b2d985fd6105955b0cb4f5655622f8454f9fccc",true,true,MATCH
"oneacrefund/pesa_payment_consumer","oneacrefund/pesa_payment_consumer","857636f88ebb28f1a79071ad16857296d0c76963",true,true,MATCH
"oneacrefund/pesa_payment_consumer","oneacrefund/pesa_payment_consumer","891f9c7fe8270c38651d5238b2975ebf1c69b43a",true,true,MATCH
"oneacrefund/pesa_payment_consumer","oneacrefund/pesa_payment_consumer","96e574f8116d6b257f5770407f5f879e4ec661be",true,true,MATCH
"oneacrefund/pesa_payment_consumer","oneacrefund/pesa_payment_consumer","9c253b570124aa9a29031c32989a880e1449dfd9",true,true,MATCH
"oneacrefund/pesa_payment_consumer","oneacrefund/pesa_payment_consumer","a286923b7c16fab980f4c5ee044ad615258364c9",true,true,MATCH
"oneacrefund/pesa_payment_consumer","oneacrefund/pesa_payment_consumer","ab7683a7d37a72699c058795b0648dcd76276d3a",true,true,MATCH
"oneacrefund/pesa_payment_consumer","oneacrefund/pesa_payment_consumer","ac9965825511373312a22be9b1f3956eb3ad3782",true,true,MATCH
"oneacrefund/pesa_payment_consumer","oneacrefund/pesa_payment_consumer","ae37bdb6b6e11aee55754f745df9380a639802cd",true,true,MATCH
"oneacrefund/pesa_payment_consumer","oneacrefund/pesa_payment_consumer","b17ee287721d308cfd724a706989c1ef462a0f44",true,true,MATCH
"oneacrefund/pesa_payment_consumer","oneacrefund/pesa_payment_consumer","b273b852dfbc4e03041fc8cc21397f1742ba7b3e",true,true,MATCH
"oneacrefund/pesa_payment_consumer","oneacrefund/pesa_payment_consumer","b49a8ca159f96a7b413b24255f0d2926bcd68561",true,true,MATCH
"oneacrefund/pesa_payment_consumer","oneacrefund/pesa_payment_consumer","b5b50c7945646e481aad6022f68a8b030a196390",true,true,MATCH
"oneacrefund/pesa_payment_consumer","oneacrefund/pesa_payment_consumer","b904cb1735a3997b0ebb9c6964de41469bdf2922",true,true,MATCH
"oneacrefund/pesa_payment_consumer","oneacrefund/pesa_payment_consumer","bdd98ee22696c6039d6edac042c63de754340bce",true,true,MATCH
"oneacrefund/pesa_payment_consumer","oneacrefund/pesa_payment_consumer","c95aecff86332bc865bbb07f0beab5e167d000c8",true,true,MATCH
"oneacrefund/pesa_payment_consumer","oneacrefund/pesa_payment_consumer","c98f9244a2bd79c06a5ad917c58f986161c85ba7",true,true,MATCH
"oneacrefund/pesa_payment_consumer","oneacrefund/pesa_payment_consumer","d9f33dea96f9520ef8e43b97878158d10d96f0c2",true,true,MATCH
"oneacrefund/pesa_payment_consumer","oneacrefund/pesa_payment_consumer","dd381a6b3895b08d01fb22ca74a28a8caacda614",true,true,MATCH
"oneacrefund/pesa_payment_consumer","oneacrefund/pesa_payment_consumer","e534c3c8d29db91beff2c585d2150407a233b88d",true,true,MATCH
"oneacrefund/pesa_payment_consumer","oneacrefund/pesa_payment_consumer","e7d67255fa2604f6c0aaa0e510a0068c4be2de12",true,true,MATCH
"oneacrefund/pesa_payment_consumer","oneacrefund/pesa_payment_consumer","ea4d11d5ea90048d1ee6ab0c9579e58642993713",true,true,MATCH
"oneacrefund/pesa_payment_consumer","oneacrefund/pesa_payment_consumer","ec1e184ab3aeddea584b786b5ede2de80c960484",true,true,MATCH
"oneacrefund/pesa_payment_consumer","oneacrefund/pesa_payment_consumer","f7575ec598ac061f27caf17a51b008a8f5d4670b",true,true,MATCH
"oneacrefund/pesa_payment_consumer","oneacrefund/pesa_payment_consumer","fc88abc5df508ea4c0fc59c309c138ae13d907fc",true,true,MATCH
"oneacrefund/pesa_payment_consumer","oneacrefund/pesa_payment_consumer","ff427f7db8f855c1343e750048743a94dada826e",true,true,MATCH
"oneacrefund/pesa_payment_consumer","oneacrefund/pesa_payment_consumer","ffe52a0eb65c49b2a39b278206ac55e50ecfe448",true,true,MATCH
"[SUMMARY]","oneacrefund/pesa_payment_consumer","oneacrefund/pesa_payment_consumer","ACR=60","ECR=60","MATCH=60 | MISSING_IN_ECR=0 | ECR_ONLY=0"
"oneacrefund/ph-ee-connector-ams-fineract","oneacrefund/ph-ee-connector-ams-fineract","0.0.1-SNAPSHOT.2023.04.25.7",true,true,MATCH
"oneacrefund/ph-ee-connector-ams-fineract","oneacrefund/ph-ee-connector-ams-fineract","0.0.1-SNAPSHOT.2023.04.26.1",true,true,MATCH
"oneacrefund/ph-ee-connector-ams-fineract","oneacrefund/ph-ee-connector-ams-fineract","0.0.1.2023.06.08.1",true,true,MATCH
"oneacrefund/ph-ee-connector-ams-fineract","oneacrefund/ph-ee-connector-ams-fineract","0.0.1.2023.06.09.1",true,true,MATCH
"oneacrefund/ph-ee-connector-ams-fineract","oneacrefund/ph-ee-connector-ams-fineract","0.0.2",true,true,MATCH
"oneacrefund/ph-ee-connector-ams-fineract","oneacrefund/ph-ee-connector-ams-fineract","0.0.2.2023.07.21.1",true,true,MATCH
"oneacrefund/ph-ee-connector-ams-fineract","oneacrefund/ph-ee-connector-ams-fineract","0.0.2.2023.07.26.1",true,true,MATCH
"oneacrefund/ph-ee-connector-ams-fineract","oneacrefund/ph-ee-connector-ams-fineract","0.0.2.2023.07.27.1",true,true,MATCH
"oneacrefund/ph-ee-connector-ams-fineract","oneacrefund/ph-ee-connector-ams-fineract","0.0.2.2023.08.07.1",true,true,MATCH
"oneacrefund/ph-ee-connector-ams-fineract","oneacrefund/ph-ee-connector-ams-fineract","0.0.2.2023.08.07.2",true,true,MATCH
"oneacrefund/ph-ee-connector-ams-fineract","oneacrefund/ph-ee-connector-ams-fineract","0.0.2.2023.08.23.1",true,true,MATCH
"oneacrefund/ph-ee-connector-ams-fineract","oneacrefund/ph-ee-connector-ams-fineract","0.0.2.2023.09.21.2",true,true,MATCH
"oneacrefund/ph-ee-connector-ams-fineract","oneacrefund/ph-ee-connector-ams-fineract","0.0.2.2023.09.22.1",true,true,MATCH
"oneacrefund/ph-ee-connector-ams-fineract","oneacrefund/ph-ee-connector-ams-fineract","0.0.3",true,true,MATCH
"oneacrefund/ph-ee-connector-ams-fineract","oneacrefund/ph-ee-connector-ams-fineract","0.0.3.2023.08.23.2",true,true,MATCH
"oneacrefund/ph-ee-connector-ams-fineract","oneacrefund/ph-ee-connector-ams-fineract","0.0.3.2023.10.02.1",true,true,MATCH
"oneacrefund/ph-ee-connector-ams-fineract","oneacrefund/ph-ee-connector-ams-fineract","0.0.3.2023.10.02.2",true,true,MATCH
"oneacrefund/ph-ee-connector-ams-fineract","oneacrefund/ph-ee-connector-ams-fineract","0.0.4",true,true,MATCH
"oneacrefund/ph-ee-connector-ams-fineract","oneacrefund/ph-ee-connector-ams-fineract","0.0.4.2023.10.24.2",true,true,MATCH
"oneacrefund/ph-ee-connector-ams-fineract","oneacrefund/ph-ee-connector-ams-fineract","0.0.4.2023.10.24.4",true,true,MATCH
"oneacrefund/ph-ee-connector-ams-fineract","oneacrefund/ph-ee-connector-ams-fineract","0.0.4.2023.10.24.5",true,true,MATCH
"oneacrefund/ph-ee-connector-ams-fineract","oneacrefund/ph-ee-connector-ams-fineract","0.0.4.2024.02.19.1",true,true,MATCH
"oneacrefund/ph-ee-connector-ams-fineract","oneacrefund/ph-ee-connector-ams-fineract","0.0.5",true,true,MATCH
"oneacrefund/ph-ee-connector-ams-fineract","oneacrefund/ph-ee-connector-ams-fineract","0.0.5.2024.02.29.1",true,true,MATCH
"oneacrefund/ph-ee-connector-ams-fineract","oneacrefund/ph-ee-connector-ams-fineract","0.0.5.2024.03.14.1",true,true,MATCH
"oneacrefund/ph-ee-connector-ams-fineract","oneacrefund/ph-ee-connector-ams-fineract","0.0.6",true,true,MATCH
"oneacrefund/ph-ee-connector-ams-fineract","oneacrefund/ph-ee-connector-ams-fineract","0.0.6.2024.04.12.1",true,true,MATCH
"oneacrefund/ph-ee-connector-ams-fineract","oneacrefund/ph-ee-connector-ams-fineract","0.0.6.2024.04.12.2",true,true,MATCH
"oneacrefund/ph-ee-connector-ams-fineract","oneacrefund/ph-ee-connector-ams-fineract","0.0.6.2024.05.10.b49ec9b",true,true,MATCH
"oneacrefund/ph-ee-connector-ams-fineract","oneacrefund/ph-ee-connector-ams-fineract","0.0.7",true,true,MATCH
"oneacrefund/ph-ee-connector-ams-fineract","oneacrefund/ph-ee-connector-ams-fineract","0.0.7.2024.05.20.1",true,true,MATCH
"oneacrefund/ph-ee-connector-ams-fineract","oneacrefund/ph-ee-connector-ams-fineract","0.0.8",true,true,MATCH
"oneacrefund/ph-ee-connector-ams-fineract","oneacrefund/ph-ee-connector-ams-fineract","0.0.8.2024.05.24.2",true,true,MATCH
"oneacrefund/ph-ee-connector-ams-fineract","oneacrefund/ph-ee-connector-ams-fineract","0.0.9",true,true,MATCH
"oneacrefund/ph-ee-connector-ams-fineract","oneacrefund/ph-ee-connector-ams-fineract","0.1.0",true,true,MATCH
"oneacrefund/ph-ee-connector-ams-fineract","oneacrefund/ph-ee-connector-ams-fineract","0.2.0",true,true,MATCH
"oneacrefund/ph-ee-connector-ams-fineract","oneacrefund/ph-ee-connector-ams-fineract","0.2.1",true,true,MATCH
"oneacrefund/ph-ee-connector-ams-fineract","oneacrefund/ph-ee-connector-ams-fineract","0.2.2",true,true,MATCH
"oneacrefund/ph-ee-connector-ams-fineract","oneacrefund/ph-ee-connector-ams-fineract","0.2.2.2025.10.10.29",true,true,MATCH
"oneacrefund/ph-ee-connector-ams-fineract","oneacrefund/ph-ee-connector-ams-fineract","0.2.4.2025.11.18.31",true,true,MATCH
"oneacrefund/ph-ee-connector-ams-fineract","oneacrefund/ph-ee-connector-ams-fineract","0.2.5.2026.02.16.34",true,true,MATCH
"oneacrefund/ph-ee-connector-ams-fineract","oneacrefund/ph-ee-connector-ams-fineract","latest",true,true,MATCH
"[SUMMARY]","oneacrefund/ph-ee-connector-ams-fineract","oneacrefund/ph-ee-connector-ams-fineract","ACR=42","ECR=42","MATCH=42 | MISSING_IN_ECR=0 | ECR_ONLY=0"
"oneacrefund/ph-ee-connector-ams-odoo","oneacrefund/ph-ee-connector-ams-odoo","1.0.0",true,true,MATCH
"oneacrefund/ph-ee-connector-ams-odoo","oneacrefund/ph-ee-connector-ams-odoo","1.0.1",true,true,MATCH
"oneacrefund/ph-ee-connector-ams-odoo","oneacrefund/ph-ee-connector-ams-odoo","1.0.1.2024.03.27.2",true,true,MATCH
"oneacrefund/ph-ee-connector-ams-odoo","oneacrefund/ph-ee-connector-ams-odoo","1.0.2",true,true,MATCH
"oneacrefund/ph-ee-connector-ams-odoo","oneacrefund/ph-ee-connector-ams-odoo","1.0.3",true,true,MATCH
"oneacrefund/ph-ee-connector-ams-odoo","oneacrefund/ph-ee-connector-ams-odoo","1.0.4",true,true,MATCH
"oneacrefund/ph-ee-connector-ams-odoo","oneacrefund/ph-ee-connector-ams-odoo","1.0.5",true,true,MATCH
"oneacrefund/ph-ee-connector-ams-odoo","oneacrefund/ph-ee-connector-ams-odoo","1.1.0",true,true,MATCH
"oneacrefund/ph-ee-connector-ams-odoo","oneacrefund/ph-ee-connector-ams-odoo","1.2.0",true,true,MATCH
"oneacrefund/ph-ee-connector-ams-odoo","oneacrefund/ph-ee-connector-ams-odoo","1.2.1",true,true,MATCH
"oneacrefund/ph-ee-connector-ams-odoo","oneacrefund/ph-ee-connector-ams-odoo","1.2.2",true,true,MATCH
"oneacrefund/ph-ee-connector-ams-odoo","oneacrefund/ph-ee-connector-ams-odoo","1.2.3",true,true,MATCH
"oneacrefund/ph-ee-connector-ams-odoo","oneacrefund/ph-ee-connector-ams-odoo","latest",true,true,MATCH
"[SUMMARY]","oneacrefund/ph-ee-connector-ams-odoo","oneacrefund/ph-ee-connector-ams-odoo","ACR=13","ECR=13","MATCH=13 | MISSING_IN_ECR=0 | ECR_ONLY=0"
"oneacrefund/ph-ee-connector-ams-pesa","oneacrefund/ph-ee-connector-ams-pesa","1.0.0-mifos-1.3.1.2024.03.14.6",true,true,MATCH
"oneacrefund/ph-ee-connector-ams-pesa","oneacrefund/ph-ee-connector-ams-pesa","1.0.1-mifos-1.3.1.2024.05.10.2",true,true,MATCH
"oneacrefund/ph-ee-connector-ams-pesa","oneacrefund/ph-ee-connector-ams-pesa","1.0.1-mifos-1.3.1.2024.05.15.6",true,true,MATCH
"oneacrefund/ph-ee-connector-ams-pesa","oneacrefund/ph-ee-connector-ams-pesa","1.0.2-mifos-1.3.1.2024.07.19.2",true,true,MATCH
"oneacrefund/ph-ee-connector-ams-pesa","oneacrefund/ph-ee-connector-ams-pesa","1.0.3-mifos-1.3.1.2024.11.12.1",true,true,MATCH
"[SUMMARY]","oneacrefund/ph-ee-connector-ams-pesa","oneacrefund/ph-ee-connector-ams-pesa","ACR=5","ECR=5","MATCH=5 | MISSING_IN_ECR=0 | ECR_ONLY=0"
"oneacrefund/ph-ee-connector-bancobu","oneacrefund/ph-ee-connector-bancobu","1.0.0",true,true,MATCH
"oneacrefund/ph-ee-connector-bancobu","oneacrefund/ph-ee-connector-bancobu","1.0.0.2024.10.30.1196c62",true,true,MATCH
"oneacrefund/ph-ee-connector-bancobu","oneacrefund/ph-ee-connector-bancobu","1.0.1",true,true,MATCH
"oneacrefund/ph-ee-connector-bancobu","oneacrefund/ph-ee-connector-bancobu","1.0.2",true,true,MATCH
"oneacrefund/ph-ee-connector-bancobu","oneacrefund/ph-ee-connector-bancobu","1.0.3",true,true,MATCH
"oneacrefund/ph-ee-connector-bancobu","oneacrefund/ph-ee-connector-bancobu","1.0.4",true,true,MATCH
"oneacrefund/ph-ee-connector-bancobu","oneacrefund/ph-ee-connector-bancobu","1.0.5",true,true,MATCH
"oneacrefund/ph-ee-connector-bancobu","oneacrefund/ph-ee-connector-bancobu","1.0.6",true,true,MATCH
"[SUMMARY]","oneacrefund/ph-ee-connector-bancobu","oneacrefund/ph-ee-connector-bancobu","ACR=8","ECR=8","MATCH=8 | MISSING_IN_ECR=0 | ECR_ONLY=0"
"oneacrefund/ph-ee-connector-channel","oneacrefund/ph-ee-connector-channel","latest",true,true,MATCH
"[SUMMARY]","oneacrefund/ph-ee-connector-channel","oneacrefund/ph-ee-connector-channel","ACR=1","ECR=1","MATCH=1 | MISSING_IN_ECR=0 | ECR_ONLY=0"
"oneacrefund/ph-ee-connector-mpesa","oneacrefund/ph-ee-connector-mpesa","1.2.0.2024.04.25.4fa481172fa07237c38e269c929635d2418c33af",true,true,MATCH
"oneacrefund/ph-ee-connector-mpesa","oneacrefund/ph-ee-connector-mpesa","1.2.0.2024.04.25.65df4c07944dbd980ba500f7119c2699d163e77c",true,true,MATCH
"oneacrefund/ph-ee-connector-mpesa","oneacrefund/ph-ee-connector-mpesa","1.2.0.2024.04.25.b38620c8fa75d458057e66e9c698c22de071ca11",true,true,MATCH
"oneacrefund/ph-ee-connector-mpesa","oneacrefund/ph-ee-connector-mpesa","1.2.0.2024.04.25.c334963c1246734bcbae24a7520a8df2a5ce0b54",true,true,MATCH
"oneacrefund/ph-ee-connector-mpesa","oneacrefund/ph-ee-connector-mpesa","1.2.0.2024.04.25.dac7c645d75d98f0860aeac402068d98866e9263",true,true,MATCH
"oneacrefund/ph-ee-connector-mpesa","oneacrefund/ph-ee-connector-mpesa","1.2.0.2024.04.26.38def043e49ff4e286be12a1ac069274a51d7931",true,true,MATCH
"oneacrefund/ph-ee-connector-mpesa","oneacrefund/ph-ee-connector-mpesa","1.2.0.2024.04.26.fc783dc64cc187de5bd08c7d0ac7c1bfcaaea3cc",true,true,MATCH
"[SUMMARY]","oneacrefund/ph-ee-connector-mpesa","oneacrefund/ph-ee-connector-mpesa","ACR=7","ECR=7","MATCH=7 | MISSING_IN_ECR=0 | ECR_ONLY=0"
"oneacrefund/ph-ee-connector-nbs","oneacrefund/ph-ee-connector-nbs","1.0.0",true,true,MATCH
"oneacrefund/ph-ee-connector-nbs","oneacrefund/ph-ee-connector-nbs","1.0.1",true,true,MATCH
"oneacrefund/ph-ee-connector-nbs","oneacrefund/ph-ee-connector-nbs","1.0.2",true,true,MATCH
"oneacrefund/ph-ee-connector-nbs","oneacrefund/ph-ee-connector-nbs","1.0.3",true,true,MATCH
"oneacrefund/ph-ee-connector-nbs","oneacrefund/ph-ee-connector-nbs","1.0.4",true,true,MATCH
"oneacrefund/ph-ee-connector-nbs","oneacrefund/ph-ee-connector-nbs","1.0.5",true,true,MATCH
"[SUMMARY]","oneacrefund/ph-ee-connector-nbs","oneacrefund/ph-ee-connector-nbs","ACR=6","ECR=6","MATCH=6 | MISSING_IN_ECR=0 | ECR_ONLY=0"
"oneacrefund/ph-ee-importer-es","oneacrefund/ph-ee-importer-es","1.0.0",true,true,MATCH
"oneacrefund/ph-ee-importer-es","oneacrefund/ph-ee-importer-es","1.0.1",true,true,MATCH
"oneacrefund/ph-ee-importer-es","oneacrefund/ph-ee-importer-es","1.0.2",true,true,MATCH
"[SUMMARY]","oneacrefund/ph-ee-importer-es","oneacrefund/ph-ee-importer-es","ACR=3","ECR=3","MATCH=3 | MISSING_IN_ECR=0 | ECR_ONLY=0"
"oneacrefund/ph-ee-importer-rdbms","oneacrefund/ph-ee-importer-rdbms","1.0.0-mifos-1.3.1",true,true,MATCH
"oneacrefund/ph-ee-importer-rdbms","oneacrefund/ph-ee-importer-rdbms","1.0.1-mifos-1.3.1",true,true,MATCH
"oneacrefund/ph-ee-importer-rdbms","oneacrefund/ph-ee-importer-rdbms","1.0.2-mifos-1.3.1",true,true,MATCH
"oneacrefund/ph-ee-importer-rdbms","oneacrefund/ph-ee-importer-rdbms","1.0.3-mifos-1.3.1",true,true,MATCH
"oneacrefund/ph-ee-importer-rdbms","oneacrefund/ph-ee-importer-rdbms","1.0.4-mifos-1.3.1",true,true,MATCH
"oneacrefund/ph-ee-importer-rdbms","oneacrefund/ph-ee-importer-rdbms","1.0.5-mifos-1.3.1",true,true,MATCH
"oneacrefund/ph-ee-importer-rdbms","oneacrefund/ph-ee-importer-rdbms","1.0.6-mifos-1.3.1",true,true,MATCH
"oneacrefund/ph-ee-importer-rdbms","oneacrefund/ph-ee-importer-rdbms","1.0.7-mifos-1.3.1",true,true,MATCH
"oneacrefund/ph-ee-importer-rdbms","oneacrefund/ph-ee-importer-rdbms","1.0.8-mifos-1.3.1",true,true,MATCH
"oneacrefund/ph-ee-importer-rdbms","oneacrefund/ph-ee-importer-rdbms","1.0.9-mifos-1.3.1",true,true,MATCH
"oneacrefund/ph-ee-importer-rdbms","oneacrefund/ph-ee-importer-rdbms","1.1.0-mifos-1.3.1",true,true,MATCH
"oneacrefund/ph-ee-importer-rdbms","oneacrefund/ph-ee-importer-rdbms","latest",true,true,MATCH
"[SUMMARY]","oneacrefund/ph-ee-importer-rdbms","oneacrefund/ph-ee-importer-rdbms","ACR=12","ECR=12","MATCH=12 | MISSING_IN_ECR=0 | ECR_ONLY=0"
"oneacrefund/ph-ee-operations-web","oneacrefund/ph-ee-operations-web","1.0.0",true,true,MATCH
"oneacrefund/ph-ee-operations-web","oneacrefund/ph-ee-operations-web","1.0.0.2023.09.05.1",true,true,MATCH
"oneacrefund/ph-ee-operations-web","oneacrefund/ph-ee-operations-web","1.0.0.2023.09.11.1",true,true,MATCH
"oneacrefund/ph-ee-operations-web","oneacrefund/ph-ee-operations-web","1.0.0.2023.09.21.1",true,true,MATCH
"oneacrefund/ph-ee-operations-web","oneacrefund/ph-ee-operations-web","1.0.0.2023.10.10.4",true,true,MATCH
"oneacrefund/ph-ee-operations-web","oneacrefund/ph-ee-operations-web","1.0.1",true,true,MATCH
"oneacrefund/ph-ee-operations-web","oneacrefund/ph-ee-operations-web","1.0.1.2023.10.02.2",true,true,MATCH
"oneacrefund/ph-ee-operations-web","oneacrefund/ph-ee-operations-web","1.0.1.2023.12.12.1",true,true,MATCH
"oneacrefund/ph-ee-operations-web","oneacrefund/ph-ee-operations-web","1.0.2",true,true,MATCH
"oneacrefund/ph-ee-operations-web","oneacrefund/ph-ee-operations-web","1.0.2.2023.11.03.1",true,true,MATCH
"oneacrefund/ph-ee-operations-web","oneacrefund/ph-ee-operations-web","1.0.2.2023.12.18.2",true,true,MATCH
"oneacrefund/ph-ee-operations-web","oneacrefund/ph-ee-operations-web","1.0.2.2024.02.24.1",true,true,MATCH
"oneacrefund/ph-ee-operations-web","oneacrefund/ph-ee-operations-web","1.0.3",true,true,MATCH
"oneacrefund/ph-ee-operations-web","oneacrefund/ph-ee-operations-web","1.0.3.2024.07.02.3",true,true,MATCH
"oneacrefund/ph-ee-operations-web","oneacrefund/ph-ee-operations-web","1.0.4",true,true,MATCH
"oneacrefund/ph-ee-operations-web","oneacrefund/ph-ee-operations-web","1.1.0",true,true,MATCH
"oneacrefund/ph-ee-operations-web","oneacrefund/ph-ee-operations-web","1.1.1",true,true,MATCH
"oneacrefund/ph-ee-operations-web","oneacrefund/ph-ee-operations-web","1.1.2",true,true,MATCH
"oneacrefund/ph-ee-operations-web","oneacrefund/ph-ee-operations-web","1.1.3",true,true,MATCH
"oneacrefund/ph-ee-operations-web","oneacrefund/ph-ee-operations-web","1.1.4",true,true,MATCH
"oneacrefund/ph-ee-operations-web","oneacrefund/ph-ee-operations-web","1.1.5",true,true,MATCH
"oneacrefund/ph-ee-operations-web","oneacrefund/ph-ee-operations-web","1.1.6",true,true,MATCH
"oneacrefund/ph-ee-operations-web","oneacrefund/ph-ee-operations-web","1.1.7",true,true,MATCH
"oneacrefund/ph-ee-operations-web","oneacrefund/ph-ee-operations-web","1.1.7.2025.06.05.2",true,true,MATCH
"oneacrefund/ph-ee-operations-web","oneacrefund/ph-ee-operations-web","1.1.7.2025.06.17.1",true,true,MATCH
"oneacrefund/ph-ee-operations-web","oneacrefund/ph-ee-operations-web","1.1.8.2025.07.25.3",true,true,MATCH
"oneacrefund/ph-ee-operations-web","oneacrefund/ph-ee-operations-web","1.1.8.2025.08.11.2",true,true,MATCH
"oneacrefund/ph-ee-operations-web","oneacrefund/ph-ee-operations-web","1.1.8.2025.08.29.1",true,true,MATCH
"oneacrefund/ph-ee-operations-web","oneacrefund/ph-ee-operations-web","1.1.8.2025.10.01.4",true,true,MATCH
"oneacrefund/ph-ee-operations-web","oneacrefund/ph-ee-operations-web","1.1.8.2025.10.02.2",true,true,MATCH
"oneacrefund/ph-ee-operations-web","oneacrefund/ph-ee-operations-web","1.1.8.2025.10.06.2",true,true,MATCH
"oneacrefund/ph-ee-operations-web","oneacrefund/ph-ee-operations-web","1.1.8.2025.10.07.2",true,true,MATCH
"oneacrefund/ph-ee-operations-web","oneacrefund/ph-ee-operations-web","1.1.8.2025.10.09.3",true,true,MATCH
"oneacrefund/ph-ee-operations-web","oneacrefund/ph-ee-operations-web","1.1.8.2025.11.10.2",true,true,MATCH
"oneacrefund/ph-ee-operations-web","oneacrefund/ph-ee-operations-web","1.1.8.2026.02.16.2",true,true,MATCH
"oneacrefund/ph-ee-operations-web","oneacrefund/ph-ee-operations-web","1.1.8.2026.02.18.7",true,true,MATCH
"oneacrefund/ph-ee-operations-web","oneacrefund/ph-ee-operations-web","1.1.8.2026.03.08.2",true,true,MATCH
"oneacrefund/ph-ee-operations-web","oneacrefund/ph-ee-operations-web","1.1.8.2026.03.10.3",true,true,MATCH
"oneacrefund/ph-ee-operations-web","oneacrefund/ph-ee-operations-web","1.1.8.2026.03.18.1",true,true,MATCH
"oneacrefund/ph-ee-operations-web","oneacrefund/ph-ee-operations-web","1.1.8.2026.04.08.4",true,true,MATCH
"oneacrefund/ph-ee-operations-web","oneacrefund/ph-ee-operations-web","1.1.8.2026.04.16.1",true,true,MATCH
"oneacrefund/ph-ee-operations-web","oneacrefund/ph-ee-operations-web","1.1.9.1.2026.05.06.2",true,true,MATCH
"oneacrefund/ph-ee-operations-web","oneacrefund/ph-ee-operations-web","latest",true,true,MATCH
"[SUMMARY]","oneacrefund/ph-ee-operations-web","oneacrefund/ph-ee-operations-web","ACR=43","ECR=43","MATCH=43 | MISSING_IN_ECR=0 | ECR_ONLY=0"
"oneacrefund/rabbitmq-connector","oneacrefund/rabbitmq-connector","1.0.1",true,true,MATCH
"oneacrefund/rabbitmq-connector","oneacrefund/rabbitmq-connector","1.0.4",true,true,MATCH
"oneacrefund/rabbitmq-connector","oneacrefund/rabbitmq-connector","latest",true,true,MATCH
"[SUMMARY]","oneacrefund/rabbitmq-connector","oneacrefund/rabbitmq-connector","ACR=3","ECR=3","MATCH=3 | MISSING_IN_ECR=0 | ECR_ONLY=0"
"oneacrefund/rabbitmq-external-connector","oneacrefund/rabbitmq-external-connector","2213",true,true,MATCH
"oneacrefund/rabbitmq-external-connector","oneacrefund/rabbitmq-external-connector","2214",true,true,MATCH
"oneacrefund/rabbitmq-external-connector","oneacrefund/rabbitmq-external-connector","2215",true,true,MATCH
"oneacrefund/rabbitmq-external-connector","oneacrefund/rabbitmq-external-connector","2216",true,true,MATCH
"oneacrefund/rabbitmq-external-connector","oneacrefund/rabbitmq-external-connector","2262",true,true,MATCH
"oneacrefund/rabbitmq-external-connector","oneacrefund/rabbitmq-external-connector","2264",true,true,MATCH
"oneacrefund/rabbitmq-external-connector","oneacrefund/rabbitmq-external-connector","2265",true,true,MATCH
"oneacrefund/rabbitmq-external-connector","oneacrefund/rabbitmq-external-connector","2266",true,true,MATCH
"oneacrefund/rabbitmq-external-connector","oneacrefund/rabbitmq-external-connector","2267",true,true,MATCH
"oneacrefund/rabbitmq-external-connector","oneacrefund/rabbitmq-external-connector","2268",true,true,MATCH
"oneacrefund/rabbitmq-external-connector","oneacrefund/rabbitmq-external-connector","2343",true,true,MATCH
"oneacrefund/rabbitmq-external-connector","oneacrefund/rabbitmq-external-connector","2346",true,true,MATCH
"oneacrefund/rabbitmq-external-connector","oneacrefund/rabbitmq-external-connector","2355",true,true,MATCH
"oneacrefund/rabbitmq-external-connector","oneacrefund/rabbitmq-external-connector","2358",true,true,MATCH
"oneacrefund/rabbitmq-external-connector","oneacrefund/rabbitmq-external-connector","2359",true,true,MATCH
"oneacrefund/rabbitmq-external-connector","oneacrefund/rabbitmq-external-connector","2360",true,true,MATCH
"oneacrefund/rabbitmq-external-connector","oneacrefund/rabbitmq-external-connector","2361",true,true,MATCH
"oneacrefund/rabbitmq-external-connector","oneacrefund/rabbitmq-external-connector","2362",true,true,MATCH
"oneacrefund/rabbitmq-external-connector","oneacrefund/rabbitmq-external-connector","2364",true,true,MATCH
"oneacrefund/rabbitmq-external-connector","oneacrefund/rabbitmq-external-connector","2366",true,true,MATCH
"oneacrefund/rabbitmq-external-connector","oneacrefund/rabbitmq-external-connector","2368",true,true,MATCH
"oneacrefund/rabbitmq-external-connector","oneacrefund/rabbitmq-external-connector","2369",true,true,MATCH
"oneacrefund/rabbitmq-external-connector","oneacrefund/rabbitmq-external-connector","2508",true,true,MATCH
"oneacrefund/rabbitmq-external-connector","oneacrefund/rabbitmq-external-connector","2509",true,true,MATCH
"oneacrefund/rabbitmq-external-connector","oneacrefund/rabbitmq-external-connector","2515",true,true,MATCH
"oneacrefund/rabbitmq-external-connector","oneacrefund/rabbitmq-external-connector","2519",true,true,MATCH
"oneacrefund/rabbitmq-external-connector","oneacrefund/rabbitmq-external-connector","2541",true,true,MATCH
"oneacrefund/rabbitmq-external-connector","oneacrefund/rabbitmq-external-connector","2542",true,true,MATCH
"oneacrefund/rabbitmq-external-connector","oneacrefund/rabbitmq-external-connector","2543",true,true,MATCH
"oneacrefund/rabbitmq-external-connector","oneacrefund/rabbitmq-external-connector","2544",true,true,MATCH
"oneacrefund/rabbitmq-external-connector","oneacrefund/rabbitmq-external-connector","2545",true,true,MATCH
"oneacrefund/rabbitmq-external-connector","oneacrefund/rabbitmq-external-connector","2546",true,true,MATCH
"oneacrefund/rabbitmq-external-connector","oneacrefund/rabbitmq-external-connector","2549",true,true,MATCH
"oneacrefund/rabbitmq-external-connector","oneacrefund/rabbitmq-external-connector","2551",true,true,MATCH
"oneacrefund/rabbitmq-external-connector","oneacrefund/rabbitmq-external-connector","2553",true,true,MATCH
"oneacrefund/rabbitmq-external-connector","oneacrefund/rabbitmq-external-connector","2958",true,true,MATCH
"oneacrefund/rabbitmq-external-connector","oneacrefund/rabbitmq-external-connector","2959",true,true,MATCH
"oneacrefund/rabbitmq-external-connector","oneacrefund/rabbitmq-external-connector","2960",true,true,MATCH
"oneacrefund/rabbitmq-external-connector","oneacrefund/rabbitmq-external-connector","2962",true,true,MATCH
"oneacrefund/rabbitmq-external-connector","oneacrefund/rabbitmq-external-connector","2963",true,true,MATCH
"oneacrefund/rabbitmq-external-connector","oneacrefund/rabbitmq-external-connector","2987",true,true,MATCH
"oneacrefund/rabbitmq-external-connector","oneacrefund/rabbitmq-external-connector","2989",true,true,MATCH
"oneacrefund/rabbitmq-external-connector","oneacrefund/rabbitmq-external-connector","3001",true,true,MATCH
"oneacrefund/rabbitmq-external-connector","oneacrefund/rabbitmq-external-connector","3042",true,true,MATCH
"oneacrefund/rabbitmq-external-connector","oneacrefund/rabbitmq-external-connector","3043",true,true,MATCH
"oneacrefund/rabbitmq-external-connector","oneacrefund/rabbitmq-external-connector","3589",true,true,MATCH
"oneacrefund/rabbitmq-external-connector","oneacrefund/rabbitmq-external-connector","3847",true,true,MATCH
"oneacrefund/rabbitmq-external-connector","oneacrefund/rabbitmq-external-connector","3848",true,true,MATCH
"oneacrefund/rabbitmq-external-connector","oneacrefund/rabbitmq-external-connector","3849",true,true,MATCH
"oneacrefund/rabbitmq-external-connector","oneacrefund/rabbitmq-external-connector","3850",true,true,MATCH
"oneacrefund/rabbitmq-external-connector","oneacrefund/rabbitmq-external-connector","3859",true,true,MATCH
"oneacrefund/rabbitmq-external-connector","oneacrefund/rabbitmq-external-connector","3861",true,true,MATCH
"oneacrefund/rabbitmq-external-connector","oneacrefund/rabbitmq-external-connector","3862",true,true,MATCH
"oneacrefund/rabbitmq-external-connector","oneacrefund/rabbitmq-external-connector","3863",true,true,MATCH
"oneacrefund/rabbitmq-external-connector","oneacrefund/rabbitmq-external-connector","3919",true,true,MATCH
"oneacrefund/rabbitmq-external-connector","oneacrefund/rabbitmq-external-connector","3921",true,true,MATCH
"oneacrefund/rabbitmq-external-connector","oneacrefund/rabbitmq-external-connector","3928",true,true,MATCH
"oneacrefund/rabbitmq-external-connector","oneacrefund/rabbitmq-external-connector","3931",true,true,MATCH
"oneacrefund/rabbitmq-external-connector","oneacrefund/rabbitmq-external-connector","3936",true,true,MATCH
"oneacrefund/rabbitmq-external-connector","oneacrefund/rabbitmq-external-connector","3937",true,true,MATCH
"[SUMMARY]","oneacrefund/rabbitmq-external-connector","oneacrefund/rabbitmq-external-connector","ACR=60","ECR=60","MATCH=60 | MISSING_IN_ECR=0 | ECR_ONLY=0"
"oneacrefund/redis-service","oneacrefund/redis-service","20240515.10",true,true,MATCH
"oneacrefund/redis-service","oneacrefund/redis-service","20240515.14",true,true,MATCH
"oneacrefund/redis-service","oneacrefund/redis-service","20240516.1",true,true,MATCH
"oneacrefund/redis-service","oneacrefund/redis-service","20240516.10",true,true,MATCH
"oneacrefund/redis-service","oneacrefund/redis-service","20240516.4",true,true,MATCH
"oneacrefund/redis-service","oneacrefund/redis-service","20240516.7",true,true,MATCH
"oneacrefund/redis-service","oneacrefund/redis-service","20240517.2",true,true,MATCH
"oneacrefund/redis-service","oneacrefund/redis-service","20240520.2",true,true,MATCH
"oneacrefund/redis-service","oneacrefund/redis-service","20240520.3",true,true,MATCH
"oneacrefund/redis-service","oneacrefund/redis-service","20240521.12",true,true,MATCH
"oneacrefund/redis-service","oneacrefund/redis-service","20240521.13",true,true,MATCH
"oneacrefund/redis-service","oneacrefund/redis-service","20240521.5",true,true,MATCH
"oneacrefund/redis-service","oneacrefund/redis-service","20240521.9",true,true,MATCH
"oneacrefund/redis-service","oneacrefund/redis-service","20240522.11",true,true,MATCH
"oneacrefund/redis-service","oneacrefund/redis-service","20240522.12",true,true,MATCH
"oneacrefund/redis-service","oneacrefund/redis-service","20240522.15",true,true,MATCH
"oneacrefund/redis-service","oneacrefund/redis-service","20240523.3",true,true,MATCH
"oneacrefund/redis-service","oneacrefund/redis-service","20240523.4",true,true,MATCH
"oneacrefund/redis-service","oneacrefund/redis-service","20240524.2",true,true,MATCH
"oneacrefund/redis-service","oneacrefund/redis-service","20240528.18",true,true,MATCH
"oneacrefund/redis-service","oneacrefund/redis-service","20240528.19",true,true,MATCH
"oneacrefund/redis-service","oneacrefund/redis-service","20240528.2",true,true,MATCH
"oneacrefund/redis-service","oneacrefund/redis-service","20240529.4",true,true,MATCH
"oneacrefund/redis-service","oneacrefund/redis-service","20240529.6",true,true,MATCH
"oneacrefund/redis-service","oneacrefund/redis-service","20240530.2",true,true,MATCH
"oneacrefund/redis-service","oneacrefund/redis-service","20240530.3",true,true,MATCH
"oneacrefund/redis-service","oneacrefund/redis-service","20240531.1",true,true,MATCH
"oneacrefund/redis-service","oneacrefund/redis-service","20240531.5",true,true,MATCH
"oneacrefund/redis-service","oneacrefund/redis-service","20240602.1",true,true,MATCH
"oneacrefund/redis-service","oneacrefund/redis-service","20240603.10",true,true,MATCH
"oneacrefund/redis-service","oneacrefund/redis-service","20240603.12",true,true,MATCH
"oneacrefund/redis-service","oneacrefund/redis-service","20240603.6",true,true,MATCH
"oneacrefund/redis-service","oneacrefund/redis-service","20240603.9",true,true,MATCH
"oneacrefund/redis-service","oneacrefund/redis-service","20240604.1",true,true,MATCH
"oneacrefund/redis-service","oneacrefund/redis-service","20240604.3",true,true,MATCH
"oneacrefund/redis-service","oneacrefund/redis-service","20240604.4",true,true,MATCH
"oneacrefund/redis-service","oneacrefund/redis-service","20240604.5",true,true,MATCH
"oneacrefund/redis-service","oneacrefund/redis-service","20240604.8",true,true,MATCH
"oneacrefund/redis-service","oneacrefund/redis-service","20240608.4",true,true,MATCH
"oneacrefund/redis-service","oneacrefund/redis-service","20240608.5",true,true,MATCH
"oneacrefund/redis-service","oneacrefund/redis-service","20240608.6",true,true,MATCH
"oneacrefund/redis-service","oneacrefund/redis-service","20240610.2",true,true,MATCH
"oneacrefund/redis-service","oneacrefund/redis-service","20240611.3",true,true,MATCH
"oneacrefund/redis-service","oneacrefund/redis-service","20240611.6",true,true,MATCH
"oneacrefund/redis-service","oneacrefund/redis-service","20240611.7",true,true,MATCH
"oneacrefund/redis-service","oneacrefund/redis-service","20240612.10",true,true,MATCH
"oneacrefund/redis-service","oneacrefund/redis-service","20240612.12",true,true,MATCH
"oneacrefund/redis-service","oneacrefund/redis-service","20240612.7",true,true,MATCH
"oneacrefund/redis-service","oneacrefund/redis-service","20240612.8",true,true,MATCH
"oneacrefund/redis-service","oneacrefund/redis-service","20240614.1",true,true,MATCH
"oneacrefund/redis-service","oneacrefund/redis-service","20240614.3",true,true,MATCH
"oneacrefund/redis-service","oneacrefund/redis-service","20240614.4",true,true,MATCH
"oneacrefund/redis-service","oneacrefund/redis-service","20240618.1",true,true,MATCH
"oneacrefund/redis-service","oneacrefund/redis-service","20240618.4",true,true,MATCH
"oneacrefund/redis-service","oneacrefund/redis-service","20240619.1",true,true,MATCH
"oneacrefund/redis-service","oneacrefund/redis-service","20240619.2",true,true,MATCH
"oneacrefund/redis-service","oneacrefund/redis-service","20240622.3",true,true,MATCH
"oneacrefund/redis-service","oneacrefund/redis-service","20240627.9",true,true,MATCH
"oneacrefund/redis-service","oneacrefund/redis-service","20240702.5",true,true,MATCH
"oneacrefund/redis-service","oneacrefund/redis-service","20240710.3",true,true,MATCH
"[SUMMARY]","oneacrefund/redis-service","oneacrefund/redis-service","ACR=60","ECR=60","MATCH=60 | MISSING_IN_ECR=0 | ECR_ONLY=0"
"oneacrefund/refresh","oneacrefund/refresh","v2.8.1_1710a1151fba9212f8f031f2d7e7ce037288f520",true,true,MATCH
"oneacrefund/refresh","oneacrefund/refresh","v2.8.1_270bf9f305c5a8f2f569a73902993b3972e10a65",true,true,MATCH
"oneacrefund/refresh","oneacrefund/refresh","v2.8.1_3dfcf970f136e7201f718b4ef0da3c312edec6c5",true,true,MATCH
"oneacrefund/refresh","oneacrefund/refresh","v2.8.1_73f485e3c3c5d296512d6884e06584bf4fcf85a6",true,true,MATCH
"oneacrefund/refresh","oneacrefund/refresh","v2.8.1_756085cff877d579c098544455740f8d713d9b68",true,true,MATCH
"oneacrefund/refresh","oneacrefund/refresh","v2.8.1_863d04ca2ba7170bc74449dd30a19a88d2455e16",true,true,MATCH
"oneacrefund/refresh","oneacrefund/refresh","v2.8.1_901aafd7e7ee6b5fe3e29e67f39d60c373877d38",true,true,MATCH
"oneacrefund/refresh","oneacrefund/refresh","v2.8.1_95ec1297fe9e9c3adfda8bd0bc852a6285f48474",true,true,MATCH
"oneacrefund/refresh","oneacrefund/refresh","v2.8.1_9a830f3d1cea8fd0d74c080df8a150e050332c30",true,true,MATCH
"oneacrefund/refresh","oneacrefund/refresh","v2.8.1_ac157619424d34eb05de71e4905e2eeccbbc97c0",true,true,MATCH
"oneacrefund/refresh","oneacrefund/refresh","v2.8.1_cb8d3e7a65d630af14099695f871d055fa49d2fa",true,true,MATCH
"oneacrefund/refresh","oneacrefund/refresh","v2.8.1_d1a560798b39f89e155b294e0d65d9297fb1e52b",true,true,MATCH
"oneacrefund/refresh","oneacrefund/refresh","v2.8.1_e17b2e5bdd4770900442a4803d3933c91cf802c0",true,true,MATCH
"oneacrefund/refresh","oneacrefund/refresh","v2.8.1_e96c6fb12559c2375fd15ad5618d932468b2a613",true,true,MATCH
"oneacrefund/refresh","oneacrefund/refresh","v3.0.0_20f7974bc8b2f5431c8c614a141f1356ac4d9656",true,true,MATCH
"oneacrefund/refresh","oneacrefund/refresh","v4.0.0_265d723cedce5941538603fe284432c582b81197",true,true,MATCH
"oneacrefund/refresh","oneacrefund/refresh","v4.0.0_f51941148fc24166c86596b16e152d64ddc81f13",true,true,MATCH
"oneacrefund/refresh","oneacrefund/refresh","v4.1.0_0520ba6dbc5188f38694f279d90a06c995ada46e",true,true,MATCH
"oneacrefund/refresh","oneacrefund/refresh","v4.1.0_2fd2188fb04f8a356c4693b75d2f94bcb11aaa93",true,true,MATCH
"oneacrefund/refresh","oneacrefund/refresh","v4.1.0_4a1b9d7249e6bc1a7bd5be1dbf12267b9d60cb99",true,true,MATCH
"oneacrefund/refresh","oneacrefund/refresh","v4.1.0_8261ca1222957cc9a5811472da0b2a58d0451bcc",true,true,MATCH
"oneacrefund/refresh","oneacrefund/refresh","v4.1.0_aa1c0e3b48a56e38a686dd10c321deea0feb20f6",true,true,MATCH
"oneacrefund/refresh","oneacrefund/refresh","v4.1.0_f0fb8f7bb27071fbb9cf4b90e2a0bbfddb2a2bf9",true,true,MATCH
"oneacrefund/refresh","oneacrefund/refresh","v4.1.1_0d2719765ceecaa55ade3b80a086e9b831c1958f",true,true,MATCH
"oneacrefund/refresh","oneacrefund/refresh","v4.1.1_133c35df79193d1e5322140b2e2d3614ebd78354",true,true,MATCH
"oneacrefund/refresh","oneacrefund/refresh","v4.1.1_18f2d7ad5829d1384bccc9a553564087493c6c10",true,true,MATCH
"oneacrefund/refresh","oneacrefund/refresh","v4.1.1_399533a7439476135a7ab236c0808f1fb31b8bbb",true,true,MATCH
"oneacrefund/refresh","oneacrefund/refresh","v4.1.1_3ef6a24fe716b66f55ad39950716c86caad08826",true,true,MATCH
"oneacrefund/refresh","oneacrefund/refresh","v4.1.1_41c1c62740ac1d3e6220dd84beedb87f6a6c3483",true,true,MATCH
"oneacrefund/refresh","oneacrefund/refresh","v4.1.1_47122d9367f3ccb32f875fb1618f4f89367cd01c",true,true,MATCH
"oneacrefund/refresh","oneacrefund/refresh","v4.1.1_521e2279700eaaf6e1d328e0292e31b0739b9104",true,true,MATCH
"oneacrefund/refresh","oneacrefund/refresh","v4.1.1_6511f444143bb402e386399477197b3c9ba4d2c9",true,true,MATCH
"oneacrefund/refresh","oneacrefund/refresh","v4.1.1_6efdc54440a1271d950bc795de8a415c4bfd929b",true,true,MATCH
"oneacrefund/refresh","oneacrefund/refresh","v4.1.1_763f08219eba08b00c6a1191cf2dedcdd35548ed",true,true,MATCH
"oneacrefund/refresh","oneacrefund/refresh","v4.1.1_7eb23a1d4b9131f28f16246c3badf24b36ecb847",true,true,MATCH
"oneacrefund/refresh","oneacrefund/refresh","v4.1.1_88618baec4f5ea81dff3d50f3eb1ad6b31c1a63c",true,true,MATCH
"oneacrefund/refresh","oneacrefund/refresh","v4.1.1_997839add41fbaceb433d22b0e3522392f506e06",true,true,MATCH
"oneacrefund/refresh","oneacrefund/refresh","v4.1.1_a92f9703843e34572e25c007b9ac533faa56a695",true,true,MATCH
"oneacrefund/refresh","oneacrefund/refresh","v4.1.1_ab278fd3a5fbcb510452cc926908b80d3d0f6113",true,true,MATCH
"oneacrefund/refresh","oneacrefund/refresh","v4.1.1_be882047961ed3d2d749f25b0dedcbd15b6fdc6c",true,true,MATCH
"oneacrefund/refresh","oneacrefund/refresh","v4.1.1_c9cb463f859aca7c03f1f0962b8b7ff71b1445bc",true,true,MATCH
"oneacrefund/refresh","oneacrefund/refresh","v4.1.1_d788b83a73015d1e4363896cbbe5be44662ebb92",true,true,MATCH
"oneacrefund/refresh","oneacrefund/refresh","v4.1.1_f972a1533e3758cb581392dc42ff9e974234a7e7",true,true,MATCH
"oneacrefund/refresh","oneacrefund/refresh","v4.2.0_696abe8863b398606db3f2eb795aa066243cd642",true,true,MATCH
"oneacrefund/refresh","oneacrefund/refresh","v4.3.0_03cb9b0be3a60114d68b908ad84ba5e6584ca6a0",true,true,MATCH
"oneacrefund/refresh","oneacrefund/refresh","v4.3.0_05c77444e0bdcf65704f43981104c24849f8a58b",true,true,MATCH
"oneacrefund/refresh","oneacrefund/refresh","v4.3.0_34a82bb1ae7aefda6e1326945ecb2977c8d06dac",true,true,MATCH
"oneacrefund/refresh","oneacrefund/refresh","v4.3.0_39663fbc37227395ccba5c74c7d7c72c6b0a1849",true,true,MATCH
"oneacrefund/refresh","oneacrefund/refresh","v4.3.0_41f139e49321d2c659534c3a0e88896ef64d435f",true,true,MATCH
"oneacrefund/refresh","oneacrefund/refresh","v4.3.0_4699990f7f6fb8304670079b3db52b9fb9012918",true,true,MATCH
"oneacrefund/refresh","oneacrefund/refresh","v4.3.0_47b14c27fed946d42e7ce2a11c41ad2e86387f16",true,true,MATCH
"oneacrefund/refresh","oneacrefund/refresh","v4.3.0_4fa5e35614a183edcf8237550bb0f71a0285eb3e",true,true,MATCH
"oneacrefund/refresh","oneacrefund/refresh","v4.3.0_5f00414d771c66cc0ce33ddfc8a4b8792bdb89ba",true,true,MATCH
"oneacrefund/refresh","oneacrefund/refresh","v4.3.0_6ae4d93ce2be6feb9db61a3e234f7346ed313a15",true,true,MATCH
"oneacrefund/refresh","oneacrefund/refresh","v4.3.0_6e81c90425765d3b80b250b96a8696786ca28dc8",true,true,MATCH
"oneacrefund/refresh","oneacrefund/refresh","v4.3.0_7d4ece155354b6b352c8429a694b0b34b67c6548",true,true,MATCH
"oneacrefund/refresh","oneacrefund/refresh","v4.3.0_80e30fc2110f6583f4d4a91c675605ede58d956e",true,true,MATCH
"oneacrefund/refresh","oneacrefund/refresh","v4.3.0_9b7d0aae99337a2c5ddfc9eef5a4338e5440dbb5",true,true,MATCH
"oneacrefund/refresh","oneacrefund/refresh","v4.3.0_9c986ab62b96a6cb4157f38aed4b1269f7d37f07",true,true,MATCH
"oneacrefund/refresh","oneacrefund/refresh","v4.3.0_a6fc24ea7735f722af3a8c974c1dc94503dbc57c",true,true,MATCH
"oneacrefund/refresh","oneacrefund/refresh","v4.3.0_c7d3030c995135ad3db98cb9db738cb07eeef010",true,true,MATCH
"oneacrefund/refresh","oneacrefund/refresh","v4.3.0_c92f1a1719c0ad77a3da89cfbd2b0bbf432809b1",true,true,MATCH
"oneacrefund/refresh","oneacrefund/refresh","v4.3.0_cd92db8041b137f1b2d4eacf816cb67479a3d6fb",true,true,MATCH
"oneacrefund/refresh","oneacrefund/refresh","v4.3.0_d03e9f0069550d65ccaaeaf1f4af729250db9c1a",true,true,MATCH
"oneacrefund/refresh","oneacrefund/refresh","v4.3.0_dad64fa19d99bdbd7db37e3bf8a973b0892095ba",true,true,MATCH
"oneacrefund/refresh","oneacrefund/refresh","v4.3.0_db2757f5da72c63f5998036b624caeac30d5b69a",true,true,MATCH
"oneacrefund/refresh","oneacrefund/refresh","v4.3.0_f4ab3056baf317a85c02c6a5ca61c7ff4a856d7c",true,true,MATCH
"oneacrefund/refresh","oneacrefund/refresh","v4.3.0_f50b4ff49d40c8bd40dc727fa956ea953b069d59",true,true,MATCH
"oneacrefund/refresh","oneacrefund/refresh","v4.3.0_f8853f34060a423a729399003c7fdc808de3f2c9",true,true,MATCH
"[SUMMARY]","oneacrefund/refresh","oneacrefund/refresh","ACR=69","ECR=69","MATCH=69 | MISSING_IN_ECR=0 | ECR_ONLY=0"
"oneacrefund/retry-service","oneacrefund/retry-service","3075",true,true,MATCH
"oneacrefund/retry-service","oneacrefund/retry-service","3076",true,true,MATCH
"oneacrefund/retry-service","oneacrefund/retry-service","3077",true,true,MATCH
"oneacrefund/retry-service","oneacrefund/retry-service","3078",true,true,MATCH
"oneacrefund/retry-service","oneacrefund/retry-service","3079",true,true,MATCH
"oneacrefund/retry-service","oneacrefund/retry-service","3080",true,true,MATCH
"oneacrefund/retry-service","oneacrefund/retry-service","3081",true,true,MATCH
"oneacrefund/retry-service","oneacrefund/retry-service","3082",true,true,MATCH
"oneacrefund/retry-service","oneacrefund/retry-service","3083",true,true,MATCH
"oneacrefund/retry-service","oneacrefund/retry-service","3084",true,true,MATCH
"oneacrefund/retry-service","oneacrefund/retry-service","3085",true,true,MATCH
"oneacrefund/retry-service","oneacrefund/retry-service","3086",true,true,MATCH
"oneacrefund/retry-service","oneacrefund/retry-service","3589",true,true,MATCH
"oneacrefund/retry-service","oneacrefund/retry-service","3917",true,true,MATCH
"oneacrefund/retry-service","oneacrefund/retry-service","3922",true,true,MATCH
"oneacrefund/retry-service","oneacrefund/retry-service","3923",true,true,MATCH
"oneacrefund/retry-service","oneacrefund/retry-service","3924",true,true,MATCH
"oneacrefund/retry-service","oneacrefund/retry-service","3925",true,true,MATCH
"oneacrefund/retry-service","oneacrefund/retry-service","3926",true,true,MATCH
"oneacrefund/retry-service","oneacrefund/retry-service","3929",true,true,MATCH
"oneacrefund/retry-service","oneacrefund/retry-service","3930",true,true,MATCH
"oneacrefund/retry-service","oneacrefund/retry-service","3931",true,true,MATCH
"oneacrefund/retry-service","oneacrefund/retry-service","3932",true,true,MATCH
"oneacrefund/retry-service","oneacrefund/retry-service","3933",true,true,MATCH
"oneacrefund/retry-service","oneacrefund/retry-service","3936",true,true,MATCH
"oneacrefund/retry-service","oneacrefund/retry-service","3937",true,true,MATCH
"oneacrefund/retry-service","oneacrefund/retry-service","3942",true,true,MATCH
"oneacrefund/retry-service","oneacrefund/retry-service","3950",true,true,MATCH
"oneacrefund/retry-service","oneacrefund/retry-service","3951",true,true,MATCH
"oneacrefund/retry-service","oneacrefund/retry-service","3952",true,true,MATCH
"oneacrefund/retry-service","oneacrefund/retry-service","3954",true,true,MATCH
"oneacrefund/retry-service","oneacrefund/retry-service","3956",true,true,MATCH
"oneacrefund/retry-service","oneacrefund/retry-service","3957",true,true,MATCH
"oneacrefund/retry-service","oneacrefund/retry-service","3958",true,true,MATCH
"oneacrefund/retry-service","oneacrefund/retry-service","3959",true,true,MATCH
"oneacrefund/retry-service","oneacrefund/retry-service","3960",true,true,MATCH
"oneacrefund/retry-service","oneacrefund/retry-service","3992",true,true,MATCH
"oneacrefund/retry-service","oneacrefund/retry-service","3995",true,true,MATCH
"oneacrefund/retry-service","oneacrefund/retry-service","3996",true,true,MATCH
"oneacrefund/retry-service","oneacrefund/retry-service","3997",true,true,MATCH
"oneacrefund/retry-service","oneacrefund/retry-service","3998",true,true,MATCH
"oneacrefund/retry-service","oneacrefund/retry-service","3999",true,true,MATCH
"oneacrefund/retry-service","oneacrefund/retry-service","4000",true,true,MATCH
"oneacrefund/retry-service","oneacrefund/retry-service","4001",true,true,MATCH
"oneacrefund/retry-service","oneacrefund/retry-service","4002",true,true,MATCH
"oneacrefund/retry-service","oneacrefund/retry-service","4005",true,true,MATCH
"oneacrefund/retry-service","oneacrefund/retry-service","4006",true,true,MATCH
"oneacrefund/retry-service","oneacrefund/retry-service","4007",true,true,MATCH
"oneacrefund/retry-service","oneacrefund/retry-service","4008",true,true,MATCH
"oneacrefund/retry-service","oneacrefund/retry-service","4016",true,true,MATCH
"oneacrefund/retry-service","oneacrefund/retry-service","4017",true,true,MATCH
"oneacrefund/retry-service","oneacrefund/retry-service","4018",true,true,MATCH
"oneacrefund/retry-service","oneacrefund/retry-service","4019",true,true,MATCH
"oneacrefund/retry-service","oneacrefund/retry-service","4021",true,true,MATCH
"oneacrefund/retry-service","oneacrefund/retry-service","4022",true,true,MATCH
"oneacrefund/retry-service","oneacrefund/retry-service","4023",true,true,MATCH
"oneacrefund/retry-service","oneacrefund/retry-service","4025",true,true,MATCH
"oneacrefund/retry-service","oneacrefund/retry-service","4053",true,true,MATCH
"oneacrefund/retry-service","oneacrefund/retry-service","4056",true,true,MATCH
"oneacrefund/retry-service","oneacrefund/retry-service","4057",true,true,MATCH
"[SUMMARY]","oneacrefund/retry-service","oneacrefund/retry-service","ACR=60","ECR=60","MATCH=60 | MISSING_IN_ECR=0 | ECR_ONLY=0"
"oneacrefund/roster-dataset","oneacrefund/roster-dataset","v2.8.1_1710a1151fba9212f8f031f2d7e7ce037288f520",true,true,MATCH
"oneacrefund/roster-dataset","oneacrefund/roster-dataset","v2.8.1_270bf9f305c5a8f2f569a73902993b3972e10a65",true,true,MATCH
"oneacrefund/roster-dataset","oneacrefund/roster-dataset","v2.8.1_3dfcf970f136e7201f718b4ef0da3c312edec6c5",true,true,MATCH
"oneacrefund/roster-dataset","oneacrefund/roster-dataset","v2.8.1_73f485e3c3c5d296512d6884e06584bf4fcf85a6",true,true,MATCH
"oneacrefund/roster-dataset","oneacrefund/roster-dataset","v2.8.1_756085cff877d579c098544455740f8d713d9b68",true,true,MATCH
"oneacrefund/roster-dataset","oneacrefund/roster-dataset","v2.8.1_863d04ca2ba7170bc74449dd30a19a88d2455e16",true,true,MATCH
"oneacrefund/roster-dataset","oneacrefund/roster-dataset","v2.8.1_901aafd7e7ee6b5fe3e29e67f39d60c373877d38",true,true,MATCH
"oneacrefund/roster-dataset","oneacrefund/roster-dataset","v2.8.1_95ec1297fe9e9c3adfda8bd0bc852a6285f48474",true,true,MATCH
"oneacrefund/roster-dataset","oneacrefund/roster-dataset","v2.8.1_9a830f3d1cea8fd0d74c080df8a150e050332c30",true,true,MATCH
"oneacrefund/roster-dataset","oneacrefund/roster-dataset","v2.8.1_ac157619424d34eb05de71e4905e2eeccbbc97c0",true,true,MATCH
"oneacrefund/roster-dataset","oneacrefund/roster-dataset","v2.8.1_cb8d3e7a65d630af14099695f871d055fa49d2fa",true,true,MATCH
"oneacrefund/roster-dataset","oneacrefund/roster-dataset","v2.8.1_d1a560798b39f89e155b294e0d65d9297fb1e52b",true,true,MATCH
"oneacrefund/roster-dataset","oneacrefund/roster-dataset","v2.8.1_e17b2e5bdd4770900442a4803d3933c91cf802c0",true,true,MATCH
"oneacrefund/roster-dataset","oneacrefund/roster-dataset","v2.8.1_e96c6fb12559c2375fd15ad5618d932468b2a613",true,true,MATCH
"oneacrefund/roster-dataset","oneacrefund/roster-dataset","v3.0.0_20f7974bc8b2f5431c8c614a141f1356ac4d9656",true,true,MATCH
"oneacrefund/roster-dataset","oneacrefund/roster-dataset","v4.0.0_265d723cedce5941538603fe284432c582b81197",true,true,MATCH
"oneacrefund/roster-dataset","oneacrefund/roster-dataset","v4.0.0_f51941148fc24166c86596b16e152d64ddc81f13",true,true,MATCH
"oneacrefund/roster-dataset","oneacrefund/roster-dataset","v4.1.0_0520ba6dbc5188f38694f279d90a06c995ada46e",true,true,MATCH
"oneacrefund/roster-dataset","oneacrefund/roster-dataset","v4.1.0_2fd2188fb04f8a356c4693b75d2f94bcb11aaa93",true,true,MATCH
"oneacrefund/roster-dataset","oneacrefund/roster-dataset","v4.1.0_4a1b9d7249e6bc1a7bd5be1dbf12267b9d60cb99",true,true,MATCH
"oneacrefund/roster-dataset","oneacrefund/roster-dataset","v4.1.0_8261ca1222957cc9a5811472da0b2a58d0451bcc",true,true,MATCH
"oneacrefund/roster-dataset","oneacrefund/roster-dataset","v4.1.0_aa1c0e3b48a56e38a686dd10c321deea0feb20f6",true,true,MATCH
"oneacrefund/roster-dataset","oneacrefund/roster-dataset","v4.1.0_f0fb8f7bb27071fbb9cf4b90e2a0bbfddb2a2bf9",true,true,MATCH
"oneacrefund/roster-dataset","oneacrefund/roster-dataset","v4.1.1_0d2719765ceecaa55ade3b80a086e9b831c1958f",true,true,MATCH
"oneacrefund/roster-dataset","oneacrefund/roster-dataset","v4.1.1_133c35df79193d1e5322140b2e2d3614ebd78354",true,true,MATCH
"oneacrefund/roster-dataset","oneacrefund/roster-dataset","v4.1.1_18f2d7ad5829d1384bccc9a553564087493c6c10",true,true,MATCH
"oneacrefund/roster-dataset","oneacrefund/roster-dataset","v4.1.1_399533a7439476135a7ab236c0808f1fb31b8bbb",true,true,MATCH
"oneacrefund/roster-dataset","oneacrefund/roster-dataset","v4.1.1_3ef6a24fe716b66f55ad39950716c86caad08826",true,true,MATCH
"oneacrefund/roster-dataset","oneacrefund/roster-dataset","v4.1.1_41c1c62740ac1d3e6220dd84beedb87f6a6c3483",true,true,MATCH
"oneacrefund/roster-dataset","oneacrefund/roster-dataset","v4.1.1_47122d9367f3ccb32f875fb1618f4f89367cd01c",true,true,MATCH
"oneacrefund/roster-dataset","oneacrefund/roster-dataset","v4.1.1_521e2279700eaaf6e1d328e0292e31b0739b9104",true,true,MATCH
"oneacrefund/roster-dataset","oneacrefund/roster-dataset","v4.1.1_6511f444143bb402e386399477197b3c9ba4d2c9",true,true,MATCH
"oneacrefund/roster-dataset","oneacrefund/roster-dataset","v4.1.1_6efdc54440a1271d950bc795de8a415c4bfd929b",true,true,MATCH
"oneacrefund/roster-dataset","oneacrefund/roster-dataset","v4.1.1_763f08219eba08b00c6a1191cf2dedcdd35548ed",true,true,MATCH
"oneacrefund/roster-dataset","oneacrefund/roster-dataset","v4.1.1_7eb23a1d4b9131f28f16246c3badf24b36ecb847",true,true,MATCH
"oneacrefund/roster-dataset","oneacrefund/roster-dataset","v4.1.1_88618baec4f5ea81dff3d50f3eb1ad6b31c1a63c",true,true,MATCH
"oneacrefund/roster-dataset","oneacrefund/roster-dataset","v4.1.1_997839add41fbaceb433d22b0e3522392f506e06",true,true,MATCH
"oneacrefund/roster-dataset","oneacrefund/roster-dataset","v4.1.1_a92f9703843e34572e25c007b9ac533faa56a695",true,true,MATCH
"oneacrefund/roster-dataset","oneacrefund/roster-dataset","v4.1.1_ab278fd3a5fbcb510452cc926908b80d3d0f6113",true,true,MATCH
"oneacrefund/roster-dataset","oneacrefund/roster-dataset","v4.1.1_be882047961ed3d2d749f25b0dedcbd15b6fdc6c",true,true,MATCH
"oneacrefund/roster-dataset","oneacrefund/roster-dataset","v4.1.1_c9cb463f859aca7c03f1f0962b8b7ff71b1445bc",true,true,MATCH
"oneacrefund/roster-dataset","oneacrefund/roster-dataset","v4.1.1_d788b83a73015d1e4363896cbbe5be44662ebb92",true,true,MATCH
"oneacrefund/roster-dataset","oneacrefund/roster-dataset","v4.1.1_f972a1533e3758cb581392dc42ff9e974234a7e7",true,true,MATCH
"oneacrefund/roster-dataset","oneacrefund/roster-dataset","v4.2.0_696abe8863b398606db3f2eb795aa066243cd642",true,true,MATCH
"oneacrefund/roster-dataset","oneacrefund/roster-dataset","v4.3.0_03cb9b0be3a60114d68b908ad84ba5e6584ca6a0",true,true,MATCH
"oneacrefund/roster-dataset","oneacrefund/roster-dataset","v4.3.0_05c77444e0bdcf65704f43981104c24849f8a58b",true,true,MATCH
"oneacrefund/roster-dataset","oneacrefund/roster-dataset","v4.3.0_34a82bb1ae7aefda6e1326945ecb2977c8d06dac",true,true,MATCH
"oneacrefund/roster-dataset","oneacrefund/roster-dataset","v4.3.0_39663fbc37227395ccba5c74c7d7c72c6b0a1849",true,true,MATCH
"oneacrefund/roster-dataset","oneacrefund/roster-dataset","v4.3.0_41f139e49321d2c659534c3a0e88896ef64d435f",true,true,MATCH
"oneacrefund/roster-dataset","oneacrefund/roster-dataset","v4.3.0_4699990f7f6fb8304670079b3db52b9fb9012918",true,true,MATCH
"oneacrefund/roster-dataset","oneacrefund/roster-dataset","v4.3.0_47b14c27fed946d42e7ce2a11c41ad2e86387f16",true,true,MATCH
"oneacrefund/roster-dataset","oneacrefund/roster-dataset","v4.3.0_4fa5e35614a183edcf8237550bb0f71a0285eb3e",true,true,MATCH
"oneacrefund/roster-dataset","oneacrefund/roster-dataset","v4.3.0_5f00414d771c66cc0ce33ddfc8a4b8792bdb89ba",true,true,MATCH
"oneacrefund/roster-dataset","oneacrefund/roster-dataset","v4.3.0_6ae4d93ce2be6feb9db61a3e234f7346ed313a15",true,true,MATCH
"oneacrefund/roster-dataset","oneacrefund/roster-dataset","v4.3.0_6e81c90425765d3b80b250b96a8696786ca28dc8",true,true,MATCH
"oneacrefund/roster-dataset","oneacrefund/roster-dataset","v4.3.0_7d4ece155354b6b352c8429a694b0b34b67c6548",true,true,MATCH
"oneacrefund/roster-dataset","oneacrefund/roster-dataset","v4.3.0_80e30fc2110f6583f4d4a91c675605ede58d956e",true,true,MATCH
"oneacrefund/roster-dataset","oneacrefund/roster-dataset","v4.3.0_9b7d0aae99337a2c5ddfc9eef5a4338e5440dbb5",true,true,MATCH
"oneacrefund/roster-dataset","oneacrefund/roster-dataset","v4.3.0_9c986ab62b96a6cb4157f38aed4b1269f7d37f07",true,true,MATCH
"oneacrefund/roster-dataset","oneacrefund/roster-dataset","v4.3.0_a6fc24ea7735f722af3a8c974c1dc94503dbc57c",true,true,MATCH
"oneacrefund/roster-dataset","oneacrefund/roster-dataset","v4.3.0_c7d3030c995135ad3db98cb9db738cb07eeef010",true,true,MATCH
"oneacrefund/roster-dataset","oneacrefund/roster-dataset","v4.3.0_c92f1a1719c0ad77a3da89cfbd2b0bbf432809b1",true,true,MATCH
"oneacrefund/roster-dataset","oneacrefund/roster-dataset","v4.3.0_cd92db8041b137f1b2d4eacf816cb67479a3d6fb",true,true,MATCH
"oneacrefund/roster-dataset","oneacrefund/roster-dataset","v4.3.0_d03e9f0069550d65ccaaeaf1f4af729250db9c1a",true,true,MATCH
"oneacrefund/roster-dataset","oneacrefund/roster-dataset","v4.3.0_dad64fa19d99bdbd7db37e3bf8a973b0892095ba",true,true,MATCH
"oneacrefund/roster-dataset","oneacrefund/roster-dataset","v4.3.0_db2757f5da72c63f5998036b624caeac30d5b69a",true,true,MATCH
"oneacrefund/roster-dataset","oneacrefund/roster-dataset","v4.3.0_f4ab3056baf317a85c02c6a5ca61c7ff4a856d7c",true,true,MATCH
"oneacrefund/roster-dataset","oneacrefund/roster-dataset","v4.3.0_f50b4ff49d40c8bd40dc727fa956ea953b069d59",true,true,MATCH
"oneacrefund/roster-dataset","oneacrefund/roster-dataset","v4.3.0_f8853f34060a423a729399003c7fdc808de3f2c9",true,true,MATCH
"[SUMMARY]","oneacrefund/roster-dataset","oneacrefund/roster-dataset","ACR=69","ECR=69","MATCH=69 | MISSING_IN_ECR=0 | ECR_ONLY=0"
"oneacrefund/rts-api","oneacrefund/rts-api","2382",true,true,MATCH
"oneacrefund/rts-api","oneacrefund/rts-api","2385",true,true,MATCH
"oneacrefund/rts-api","oneacrefund/rts-api","2457",true,true,MATCH
"oneacrefund/rts-api","oneacrefund/rts-api","2458",true,true,MATCH
"oneacrefund/rts-api","oneacrefund/rts-api","2460",true,true,MATCH
"oneacrefund/rts-api","oneacrefund/rts-api","2461",true,true,MATCH
"oneacrefund/rts-api","oneacrefund/rts-api","2470",true,true,MATCH
"oneacrefund/rts-api","oneacrefund/rts-api","2485",true,true,MATCH
"oneacrefund/rts-api","oneacrefund/rts-api","2486",true,true,MATCH
"oneacrefund/rts-api","oneacrefund/rts-api","2487",true,true,MATCH
"oneacrefund/rts-api","oneacrefund/rts-api","2489",true,true,MATCH
"oneacrefund/rts-api","oneacrefund/rts-api","2522",true,true,MATCH
"oneacrefund/rts-api","oneacrefund/rts-api","2523",true,true,MATCH
"oneacrefund/rts-api","oneacrefund/rts-api","2524",true,true,MATCH
"oneacrefund/rts-api","oneacrefund/rts-api","2525",true,true,MATCH
"oneacrefund/rts-api","oneacrefund/rts-api","2526",true,true,MATCH
"oneacrefund/rts-api","oneacrefund/rts-api","2527",true,true,MATCH
"oneacrefund/rts-api","oneacrefund/rts-api","2530",true,true,MATCH
"oneacrefund/rts-api","oneacrefund/rts-api","2531",true,true,MATCH
"oneacrefund/rts-api","oneacrefund/rts-api","2535",true,true,MATCH
"oneacrefund/rts-api","oneacrefund/rts-api","2536",true,true,MATCH
"oneacrefund/rts-api","oneacrefund/rts-api","2537",true,true,MATCH
"oneacrefund/rts-api","oneacrefund/rts-api","2538",true,true,MATCH
"oneacrefund/rts-api","oneacrefund/rts-api","2552",true,true,MATCH
"oneacrefund/rts-api","oneacrefund/rts-api","2573",true,true,MATCH
"oneacrefund/rts-api","oneacrefund/rts-api","2587",true,true,MATCH
"oneacrefund/rts-api","oneacrefund/rts-api","2588",true,true,MATCH
"oneacrefund/rts-api","oneacrefund/rts-api","2589",true,true,MATCH
"oneacrefund/rts-api","oneacrefund/rts-api","2612",true,true,MATCH
"oneacrefund/rts-api","oneacrefund/rts-api","2616",true,true,MATCH
"oneacrefund/rts-api","oneacrefund/rts-api","2620",true,true,MATCH
"oneacrefund/rts-api","oneacrefund/rts-api","2648",true,true,MATCH
"oneacrefund/rts-api","oneacrefund/rts-api","2650",true,true,MATCH
"oneacrefund/rts-api","oneacrefund/rts-api","2652",true,true,MATCH
"oneacrefund/rts-api","oneacrefund/rts-api","2654",true,true,MATCH
"oneacrefund/rts-api","oneacrefund/rts-api","2655",true,true,MATCH
"oneacrefund/rts-api","oneacrefund/rts-api","2657",true,true,MATCH
"oneacrefund/rts-api","oneacrefund/rts-api","2658",true,true,MATCH
"oneacrefund/rts-api","oneacrefund/rts-api","2659",true,true,MATCH
"oneacrefund/rts-api","oneacrefund/rts-api","2981",true,true,MATCH
"oneacrefund/rts-api","oneacrefund/rts-api","2982",true,true,MATCH
"oneacrefund/rts-api","oneacrefund/rts-api","2984",true,true,MATCH
"oneacrefund/rts-api","oneacrefund/rts-api","2987",true,true,MATCH
"oneacrefund/rts-api","oneacrefund/rts-api","2989",true,true,MATCH
"oneacrefund/rts-api","oneacrefund/rts-api","3001",true,true,MATCH
"oneacrefund/rts-api","oneacrefund/rts-api","3181",true,true,MATCH
"oneacrefund/rts-api","oneacrefund/rts-api","3185",true,true,MATCH
"oneacrefund/rts-api","oneacrefund/rts-api","3186",true,true,MATCH
"oneacrefund/rts-api","oneacrefund/rts-api","3187",true,true,MATCH
"oneacrefund/rts-api","oneacrefund/rts-api","3188",true,true,MATCH
"oneacrefund/rts-api","oneacrefund/rts-api","3189",true,true,MATCH
"oneacrefund/rts-api","oneacrefund/rts-api","3190",true,true,MATCH
"oneacrefund/rts-api","oneacrefund/rts-api","3296",true,true,MATCH
"oneacrefund/rts-api","oneacrefund/rts-api","3298",true,true,MATCH
"oneacrefund/rts-api","oneacrefund/rts-api","3306",true,true,MATCH
"oneacrefund/rts-api","oneacrefund/rts-api","3307",true,true,MATCH
"oneacrefund/rts-api","oneacrefund/rts-api","3308",true,true,MATCH
"oneacrefund/rts-api","oneacrefund/rts-api","3936",true,true,MATCH
"oneacrefund/rts-api","oneacrefund/rts-api","3937",true,true,MATCH
"oneacrefund/rts-api","oneacrefund/rts-api","3939",true,true,MATCH
"[SUMMARY]","oneacrefund/rts-api","oneacrefund/rts-api","ACR=60","ECR=60","MATCH=60 | MISSING_IN_ECR=0 | ECR_ONLY=0"
"oneacrefund/rts-consumer","oneacrefund/rts-consumer","3799",true,true,MATCH
"oneacrefund/rts-consumer","oneacrefund/rts-consumer","3826",true,true,MATCH
"oneacrefund/rts-consumer","oneacrefund/rts-consumer","3827",true,true,MATCH
"oneacrefund/rts-consumer","oneacrefund/rts-consumer","3831",true,true,MATCH
"oneacrefund/rts-consumer","oneacrefund/rts-consumer","3832",true,true,MATCH
"oneacrefund/rts-consumer","oneacrefund/rts-consumer","3855",true,true,MATCH
"oneacrefund/rts-consumer","oneacrefund/rts-consumer","3856",true,true,MATCH
"oneacrefund/rts-consumer","oneacrefund/rts-consumer","3857",true,true,MATCH
"oneacrefund/rts-consumer","oneacrefund/rts-consumer","3860",true,true,MATCH
"oneacrefund/rts-consumer","oneacrefund/rts-consumer","3862",true,true,MATCH
"oneacrefund/rts-consumer","oneacrefund/rts-consumer","3863",true,true,MATCH
"oneacrefund/rts-consumer","oneacrefund/rts-consumer","3868",true,true,MATCH
"oneacrefund/rts-consumer","oneacrefund/rts-consumer","3870",true,true,MATCH
"oneacrefund/rts-consumer","oneacrefund/rts-consumer","3872",true,true,MATCH
"oneacrefund/rts-consumer","oneacrefund/rts-consumer","3874",true,true,MATCH
"oneacrefund/rts-consumer","oneacrefund/rts-consumer","3875",true,true,MATCH
"oneacrefund/rts-consumer","oneacrefund/rts-consumer","3876",true,true,MATCH
"oneacrefund/rts-consumer","oneacrefund/rts-consumer","3887",true,true,MATCH
"oneacrefund/rts-consumer","oneacrefund/rts-consumer","3888",true,true,MATCH
"oneacrefund/rts-consumer","oneacrefund/rts-consumer","3889",true,true,MATCH
"oneacrefund/rts-consumer","oneacrefund/rts-consumer","3892",true,true,MATCH
"oneacrefund/rts-consumer","oneacrefund/rts-consumer","3895",true,true,MATCH
"oneacrefund/rts-consumer","oneacrefund/rts-consumer","3896",true,true,MATCH
"oneacrefund/rts-consumer","oneacrefund/rts-consumer","3897",true,true,MATCH
"oneacrefund/rts-consumer","oneacrefund/rts-consumer","3898",true,true,MATCH
"oneacrefund/rts-consumer","oneacrefund/rts-consumer","3903",true,true,MATCH
"oneacrefund/rts-consumer","oneacrefund/rts-consumer","3911",true,true,MATCH
"oneacrefund/rts-consumer","oneacrefund/rts-consumer","3912",true,true,MATCH
"oneacrefund/rts-consumer","oneacrefund/rts-consumer","3919",true,true,MATCH
"oneacrefund/rts-consumer","oneacrefund/rts-consumer","3921",true,true,MATCH
"oneacrefund/rts-consumer","oneacrefund/rts-consumer","3928",true,true,MATCH
"oneacrefund/rts-consumer","oneacrefund/rts-consumer","3931",true,true,MATCH
"oneacrefund/rts-consumer","oneacrefund/rts-consumer","3936",true,true,MATCH
"oneacrefund/rts-consumer","oneacrefund/rts-consumer","3937",true,true,MATCH
"oneacrefund/rts-consumer","oneacrefund/rts-consumer","3939",true,true,MATCH
"oneacrefund/rts-consumer","oneacrefund/rts-consumer","3943",true,true,MATCH
"oneacrefund/rts-consumer","oneacrefund/rts-consumer","3944",true,true,MATCH
"oneacrefund/rts-consumer","oneacrefund/rts-consumer","3949",true,true,MATCH
"oneacrefund/rts-consumer","oneacrefund/rts-consumer","3963",true,true,MATCH
"oneacrefund/rts-consumer","oneacrefund/rts-consumer","3964",true,true,MATCH
"oneacrefund/rts-consumer","oneacrefund/rts-consumer","3967",true,true,MATCH
"oneacrefund/rts-consumer","oneacrefund/rts-consumer","3968",true,true,MATCH
"oneacrefund/rts-consumer","oneacrefund/rts-consumer","3969",true,true,MATCH
"oneacrefund/rts-consumer","oneacrefund/rts-consumer","3970",true,true,MATCH
"oneacrefund/rts-consumer","oneacrefund/rts-consumer","3971",true,true,MATCH
"oneacrefund/rts-consumer","oneacrefund/rts-consumer","3990",true,true,MATCH
"oneacrefund/rts-consumer","oneacrefund/rts-consumer","3991",true,true,MATCH
"oneacrefund/rts-consumer","oneacrefund/rts-consumer","3993",true,true,MATCH
"oneacrefund/rts-consumer","oneacrefund/rts-consumer","3994",true,true,MATCH
"oneacrefund/rts-consumer","oneacrefund/rts-consumer","4003",true,true,MATCH
"oneacrefund/rts-consumer","oneacrefund/rts-consumer","4004",true,true,MATCH
"oneacrefund/rts-consumer","oneacrefund/rts-consumer","4009",true,true,MATCH
"oneacrefund/rts-consumer","oneacrefund/rts-consumer","4010",true,true,MATCH
"oneacrefund/rts-consumer","oneacrefund/rts-consumer","4012",true,true,MATCH
"oneacrefund/rts-consumer","oneacrefund/rts-consumer","4013",true,true,MATCH
"oneacrefund/rts-consumer","oneacrefund/rts-consumer","4014",true,true,MATCH
"oneacrefund/rts-consumer","oneacrefund/rts-consumer","4015",true,true,MATCH
"oneacrefund/rts-consumer","oneacrefund/rts-consumer","4096",true,true,MATCH
"oneacrefund/rts-consumer","oneacrefund/rts-consumer","4099",true,true,MATCH
"oneacrefund/rts-consumer","oneacrefund/rts-consumer","4100",true,true,MATCH
"oneacrefund/rts-consumer","oneacrefund/rts-consumer","4262",true,true,MATCH
"oneacrefund/rts-consumer","oneacrefund/rts-consumer","4263",true,true,MATCH
"oneacrefund/rts-consumer","oneacrefund/rts-consumer","4264",true,true,MATCH
"oneacrefund/rts-consumer","oneacrefund/rts-consumer","4265",true,true,MATCH
"oneacrefund/rts-consumer","oneacrefund/rts-consumer","4273",true,true,MATCH
"[SUMMARY]","oneacrefund/rts-consumer","oneacrefund/rts-consumer","ACR=65","ECR=65","MATCH=65 | MISSING_IN_ECR=0 | ECR_ONLY=0"
"oneacrefund/rts-ui","oneacrefund/rts-ui","1007",true,true,MATCH
"oneacrefund/rts-ui","oneacrefund/rts-ui","1008",true,true,MATCH
"oneacrefund/rts-ui","oneacrefund/rts-ui","1035",true,true,MATCH
"oneacrefund/rts-ui","oneacrefund/rts-ui","1061",true,true,MATCH
"oneacrefund/rts-ui","oneacrefund/rts-ui","1444",true,true,MATCH
"oneacrefund/rts-ui","oneacrefund/rts-ui","1448",true,true,MATCH
"oneacrefund/rts-ui","oneacrefund/rts-ui","1449",true,true,MATCH
"oneacrefund/rts-ui","oneacrefund/rts-ui","1450",true,true,MATCH
"oneacrefund/rts-ui","oneacrefund/rts-ui","1791",true,true,MATCH
"oneacrefund/rts-ui","oneacrefund/rts-ui","20240612.13",true,true,MATCH
"oneacrefund/rts-ui","oneacrefund/rts-ui","20240612.15",true,true,MATCH
"oneacrefund/rts-ui","oneacrefund/rts-ui","20240612.18",true,true,MATCH
"oneacrefund/rts-ui","oneacrefund/rts-ui","20240612.9",true,true,MATCH
"oneacrefund/rts-ui","oneacrefund/rts-ui","20240613.1",true,true,MATCH
"oneacrefund/rts-ui","oneacrefund/rts-ui","20240613.2",true,true,MATCH
"oneacrefund/rts-ui","oneacrefund/rts-ui","20240613.3",true,true,MATCH
"oneacrefund/rts-ui","oneacrefund/rts-ui","2226",true,true,MATCH
"oneacrefund/rts-ui","oneacrefund/rts-ui","2227",true,true,MATCH
"oneacrefund/rts-ui","oneacrefund/rts-ui","2229",true,true,MATCH
"oneacrefund/rts-ui","oneacrefund/rts-ui","2231",true,true,MATCH
"oneacrefund/rts-ui","oneacrefund/rts-ui","2232",true,true,MATCH
"oneacrefund/rts-ui","oneacrefund/rts-ui","926",true,true,MATCH
"oneacrefund/rts-ui","oneacrefund/rts-ui","927",true,true,MATCH
"oneacrefund/rts-ui","oneacrefund/rts-ui","928",true,true,MATCH
"oneacrefund/rts-ui","oneacrefund/rts-ui","932",true,true,MATCH
"oneacrefund/rts-ui","oneacrefund/rts-ui","934",true,true,MATCH
"oneacrefund/rts-ui","oneacrefund/rts-ui","937",true,true,MATCH
"oneacrefund/rts-ui","oneacrefund/rts-ui","938",true,true,MATCH
"oneacrefund/rts-ui","oneacrefund/rts-ui","939",true,true,MATCH
"oneacrefund/rts-ui","oneacrefund/rts-ui","940",true,true,MATCH
"oneacrefund/rts-ui","oneacrefund/rts-ui","941",true,true,MATCH
"oneacrefund/rts-ui","oneacrefund/rts-ui","944",true,true,MATCH
"oneacrefund/rts-ui","oneacrefund/rts-ui","945",true,true,MATCH
"oneacrefund/rts-ui","oneacrefund/rts-ui","952",true,true,MATCH
"oneacrefund/rts-ui","oneacrefund/rts-ui","963",true,true,MATCH
"oneacrefund/rts-ui","oneacrefund/rts-ui","964",true,true,MATCH
"oneacrefund/rts-ui","oneacrefund/rts-ui","966",true,true,MATCH
"oneacrefund/rts-ui","oneacrefund/rts-ui","967",true,true,MATCH
"oneacrefund/rts-ui","oneacrefund/rts-ui","968",true,true,MATCH
"oneacrefund/rts-ui","oneacrefund/rts-ui","972",true,true,MATCH
"[SUMMARY]","oneacrefund/rts-ui","oneacrefund/rts-ui","ACR=40","ECR=40","MATCH=40 | MISSING_IN_ECR=0 | ECR_ONLY=0"
"oneacrefund/sage-300-core","oneacrefund/sage-300-core","20230814.2",true,true,MATCH
"oneacrefund/sage-300-core","oneacrefund/sage-300-core","20230821.4",true,true,MATCH
"oneacrefund/sage-300-core","oneacrefund/sage-300-core","20230821.6",true,true,MATCH
"oneacrefund/sage-300-core","oneacrefund/sage-300-core","20230821.7",true,true,MATCH
"oneacrefund/sage-300-core","oneacrefund/sage-300-core","20230822.2",true,true,MATCH
"oneacrefund/sage-300-core","oneacrefund/sage-300-core","20230822.3",true,true,MATCH
"oneacrefund/sage-300-core","oneacrefund/sage-300-core","20230822.4",true,true,MATCH
"oneacrefund/sage-300-core","oneacrefund/sage-300-core","20230822.5",true,true,MATCH
"oneacrefund/sage-300-core","oneacrefund/sage-300-core","20230908.2",true,true,MATCH
"oneacrefund/sage-300-core","oneacrefund/sage-300-core","20230908.3",true,true,MATCH
"oneacrefund/sage-300-core","oneacrefund/sage-300-core","20230911.1",true,true,MATCH
"oneacrefund/sage-300-core","oneacrefund/sage-300-core","20230919.2",true,true,MATCH
"oneacrefund/sage-300-core","oneacrefund/sage-300-core","20230922.1",true,true,MATCH
"oneacrefund/sage-300-core","oneacrefund/sage-300-core","20230925.7",true,true,MATCH
"oneacrefund/sage-300-core","oneacrefund/sage-300-core","20230926.1",true,true,MATCH
"oneacrefund/sage-300-core","oneacrefund/sage-300-core","20230926.2",true,true,MATCH
"oneacrefund/sage-300-core","oneacrefund/sage-300-core","20230926.3",true,true,MATCH
"oneacrefund/sage-300-core","oneacrefund/sage-300-core","20231011.4",true,true,MATCH
"oneacrefund/sage-300-core","oneacrefund/sage-300-core","20240115.15",true,true,MATCH
"oneacrefund/sage-300-core","oneacrefund/sage-300-core","20240117.3",true,true,MATCH
"oneacrefund/sage-300-core","oneacrefund/sage-300-core","20240117.5",true,true,MATCH
"oneacrefund/sage-300-core","oneacrefund/sage-300-core","20240117.6",true,true,MATCH
"oneacrefund/sage-300-core","oneacrefund/sage-300-core","20240119.3",true,true,MATCH
"oneacrefund/sage-300-core","oneacrefund/sage-300-core","20240119.5",true,true,MATCH
"oneacrefund/sage-300-core","oneacrefund/sage-300-core","20240119.6",true,true,MATCH
"oneacrefund/sage-300-core","oneacrefund/sage-300-core","20240122.1",true,true,MATCH
"oneacrefund/sage-300-core","oneacrefund/sage-300-core","20240209.1",true,true,MATCH
"oneacrefund/sage-300-core","oneacrefund/sage-300-core","20240216.2",true,true,MATCH
"oneacrefund/sage-300-core","oneacrefund/sage-300-core","20240223.3",true,true,MATCH
"oneacrefund/sage-300-core","oneacrefund/sage-300-core","20240307.2",true,true,MATCH
"oneacrefund/sage-300-core","oneacrefund/sage-300-core","20240307.3",true,true,MATCH
"oneacrefund/sage-300-core","oneacrefund/sage-300-core","20240307.4",true,true,MATCH
"oneacrefund/sage-300-core","oneacrefund/sage-300-core","20240307.5",true,true,MATCH
"oneacrefund/sage-300-core","oneacrefund/sage-300-core","20240313.2",true,true,MATCH
"oneacrefund/sage-300-core","oneacrefund/sage-300-core","20240331.3",true,true,MATCH
"oneacrefund/sage-300-core","oneacrefund/sage-300-core","20240719.13",true,true,MATCH
"oneacrefund/sage-300-core","oneacrefund/sage-300-core","383",true,true,MATCH
"oneacrefund/sage-300-core","oneacrefund/sage-300-core","384",true,true,MATCH
"oneacrefund/sage-300-core","oneacrefund/sage-300-core","386",true,true,MATCH
"oneacrefund/sage-300-core","oneacrefund/sage-300-core","429",true,true,MATCH
"[SUMMARY]","oneacrefund/sage-300-core","oneacrefund/sage-300-core","ACR=40","ECR=40","MATCH=40 | MISSING_IN_ECR=0 | ECR_ONLY=0"
"oneacrefund/sage-300-cron-connector","oneacrefund/sage-300-cron-connector","latest",true,true,MATCH
"[SUMMARY]","oneacrefund/sage-300-cron-connector","oneacrefund/sage-300-cron-connector","ACR=1","ECR=1","MATCH=1 | MISSING_IN_ECR=0 | ECR_ONLY=0"
"oneacrefund/sage-300-cron-proxy","oneacrefund/sage-300-cron-proxy","latest",true,true,MATCH
"[SUMMARY]","oneacrefund/sage-300-cron-proxy","oneacrefund/sage-300-cron-proxy","ACR=1","ECR=1","MATCH=1 | MISSING_IN_ECR=0 | ECR_ONLY=0"
"oneacrefund/sage-300-rabbitmq-connector","oneacrefund/sage-300-rabbitmq-connector","latest",true,true,MATCH
"[SUMMARY]","oneacrefund/sage-300-rabbitmq-connector","oneacrefund/sage-300-rabbitmq-connector","ACR=1","ECR=1","MATCH=1 | MISSING_IN_ECR=0 | ECR_ONLY=0"
"oneacrefund/sage-300-rabbitmq-proxy","oneacrefund/sage-300-rabbitmq-proxy","latest",true,true,MATCH
"[SUMMARY]","oneacrefund/sage-300-rabbitmq-proxy","oneacrefund/sage-300-rabbitmq-proxy","ACR=1","ECR=1","MATCH=1 | MISSING_IN_ECR=0 | ECR_ONLY=0"
"oneacrefund/sanction-screen-api","oneacrefund/sanction-screen-api","1036",true,true,MATCH
"oneacrefund/sanction-screen-api","oneacrefund/sanction-screen-api","1037",true,true,MATCH
"oneacrefund/sanction-screen-api","oneacrefund/sanction-screen-api","1038",true,true,MATCH
"oneacrefund/sanction-screen-api","oneacrefund/sanction-screen-api","1039",true,true,MATCH
"oneacrefund/sanction-screen-api","oneacrefund/sanction-screen-api","1040",true,true,MATCH
"oneacrefund/sanction-screen-api","oneacrefund/sanction-screen-api","1042",true,true,MATCH
"oneacrefund/sanction-screen-api","oneacrefund/sanction-screen-api","1043",true,true,MATCH
"oneacrefund/sanction-screen-api","oneacrefund/sanction-screen-api","1044",true,true,MATCH
"oneacrefund/sanction-screen-api","oneacrefund/sanction-screen-api","1045",true,true,MATCH
"oneacrefund/sanction-screen-api","oneacrefund/sanction-screen-api","1046",true,true,MATCH
"oneacrefund/sanction-screen-api","oneacrefund/sanction-screen-api","1047",true,true,MATCH
"oneacrefund/sanction-screen-api","oneacrefund/sanction-screen-api","1048",true,true,MATCH
"oneacrefund/sanction-screen-api","oneacrefund/sanction-screen-api","1057",true,true,MATCH
"oneacrefund/sanction-screen-api","oneacrefund/sanction-screen-api","1061",true,true,MATCH
"oneacrefund/sanction-screen-api","oneacrefund/sanction-screen-api","1064",true,true,MATCH
"oneacrefund/sanction-screen-api","oneacrefund/sanction-screen-api","1077",true,true,MATCH
"oneacrefund/sanction-screen-api","oneacrefund/sanction-screen-api","1078",true,true,MATCH
"oneacrefund/sanction-screen-api","oneacrefund/sanction-screen-api","1080",true,true,MATCH
"oneacrefund/sanction-screen-api","oneacrefund/sanction-screen-api","1082",true,true,MATCH
"oneacrefund/sanction-screen-api","oneacrefund/sanction-screen-api","1083",true,true,MATCH
"oneacrefund/sanction-screen-api","oneacrefund/sanction-screen-api","1103",true,true,MATCH
"oneacrefund/sanction-screen-api","oneacrefund/sanction-screen-api","1104",true,true,MATCH
"oneacrefund/sanction-screen-api","oneacrefund/sanction-screen-api","1105",true,true,MATCH
"oneacrefund/sanction-screen-api","oneacrefund/sanction-screen-api","1106",true,true,MATCH
"oneacrefund/sanction-screen-api","oneacrefund/sanction-screen-api","1107",true,true,MATCH
"oneacrefund/sanction-screen-api","oneacrefund/sanction-screen-api","1127",true,true,MATCH
"oneacrefund/sanction-screen-api","oneacrefund/sanction-screen-api","1130",true,true,MATCH
"oneacrefund/sanction-screen-api","oneacrefund/sanction-screen-api","1142",true,true,MATCH
"oneacrefund/sanction-screen-api","oneacrefund/sanction-screen-api","1195",true,true,MATCH
"oneacrefund/sanction-screen-api","oneacrefund/sanction-screen-api","1213",true,true,MATCH
"oneacrefund/sanction-screen-api","oneacrefund/sanction-screen-api","1918",true,true,MATCH
"oneacrefund/sanction-screen-api","oneacrefund/sanction-screen-api","1920",true,true,MATCH
"oneacrefund/sanction-screen-api","oneacrefund/sanction-screen-api","1921",true,true,MATCH
"oneacrefund/sanction-screen-api","oneacrefund/sanction-screen-api","2198",true,true,MATCH
"oneacrefund/sanction-screen-api","oneacrefund/sanction-screen-api","2990",true,true,MATCH
"oneacrefund/sanction-screen-api","oneacrefund/sanction-screen-api","2991",true,true,MATCH
"oneacrefund/sanction-screen-api","oneacrefund/sanction-screen-api","3003",true,true,MATCH
"oneacrefund/sanction-screen-api","oneacrefund/sanction-screen-api","3167",true,true,MATCH
"oneacrefund/sanction-screen-api","oneacrefund/sanction-screen-api","3168",true,true,MATCH
"oneacrefund/sanction-screen-api","oneacrefund/sanction-screen-api","3170",true,true,MATCH
"oneacrefund/sanction-screen-api","oneacrefund/sanction-screen-api","3171",true,true,MATCH
"oneacrefund/sanction-screen-api","oneacrefund/sanction-screen-api","3173",true,true,MATCH
"oneacrefund/sanction-screen-api","oneacrefund/sanction-screen-api","3175",true,true,MATCH
"oneacrefund/sanction-screen-api","oneacrefund/sanction-screen-api","3176",true,true,MATCH
"oneacrefund/sanction-screen-api","oneacrefund/sanction-screen-api","3177",true,true,MATCH
"oneacrefund/sanction-screen-api","oneacrefund/sanction-screen-api","3178",true,true,MATCH
"oneacrefund/sanction-screen-api","oneacrefund/sanction-screen-api","3179",true,true,MATCH
"oneacrefund/sanction-screen-api","oneacrefund/sanction-screen-api","3180",true,true,MATCH
"oneacrefund/sanction-screen-api","oneacrefund/sanction-screen-api","3188",true,true,MATCH
"oneacrefund/sanction-screen-api","oneacrefund/sanction-screen-api","3193",true,true,MATCH
"oneacrefund/sanction-screen-api","oneacrefund/sanction-screen-api","3195",true,true,MATCH
"oneacrefund/sanction-screen-api","oneacrefund/sanction-screen-api","3202",true,true,MATCH
"oneacrefund/sanction-screen-api","oneacrefund/sanction-screen-api","3203",true,true,MATCH
"oneacrefund/sanction-screen-api","oneacrefund/sanction-screen-api","3205",true,true,MATCH
"oneacrefund/sanction-screen-api","oneacrefund/sanction-screen-api","3206",true,true,MATCH
"oneacrefund/sanction-screen-api","oneacrefund/sanction-screen-api","3229",true,true,MATCH
"oneacrefund/sanction-screen-api","oneacrefund/sanction-screen-api","3230",true,true,MATCH
"oneacrefund/sanction-screen-api","oneacrefund/sanction-screen-api","3590",true,true,MATCH
"oneacrefund/sanction-screen-api","oneacrefund/sanction-screen-api","3939",true,true,MATCH
"oneacrefund/sanction-screen-api","oneacrefund/sanction-screen-api","857",true,true,MATCH
"[SUMMARY]","oneacrefund/sanction-screen-api","oneacrefund/sanction-screen-api","ACR=60","ECR=60","MATCH=60 | MISSING_IN_ECR=0 | ECR_ONLY=0"
"oneacrefund/sapb1-cache","oneacrefund/sapb1-cache","481",true,true,MATCH
"oneacrefund/sapb1-cache","oneacrefund/sapb1-cache","482",true,true,MATCH
"oneacrefund/sapb1-cache","oneacrefund/sapb1-cache","484",true,true,MATCH
"oneacrefund/sapb1-cache","oneacrefund/sapb1-cache","485",true,true,MATCH
"oneacrefund/sapb1-cache","oneacrefund/sapb1-cache","486",true,true,MATCH
"oneacrefund/sapb1-cache","oneacrefund/sapb1-cache","487",true,true,MATCH
"oneacrefund/sapb1-cache","oneacrefund/sapb1-cache","490",true,true,MATCH
"oneacrefund/sapb1-cache","oneacrefund/sapb1-cache","491",true,true,MATCH
"oneacrefund/sapb1-cache","oneacrefund/sapb1-cache","492",true,true,MATCH
"oneacrefund/sapb1-cache","oneacrefund/sapb1-cache","493",true,true,MATCH
"oneacrefund/sapb1-cache","oneacrefund/sapb1-cache","534",true,true,MATCH
"oneacrefund/sapb1-cache","oneacrefund/sapb1-cache","542",true,true,MATCH
"oneacrefund/sapb1-cache","oneacrefund/sapb1-cache","543",true,true,MATCH
"oneacrefund/sapb1-cache","oneacrefund/sapb1-cache","544",true,true,MATCH
"oneacrefund/sapb1-cache","oneacrefund/sapb1-cache","546",true,true,MATCH
"oneacrefund/sapb1-cache","oneacrefund/sapb1-cache","556",true,true,MATCH
"oneacrefund/sapb1-cache","oneacrefund/sapb1-cache","557",true,true,MATCH
"oneacrefund/sapb1-cache","oneacrefund/sapb1-cache","560",true,true,MATCH
"oneacrefund/sapb1-cache","oneacrefund/sapb1-cache","561",true,true,MATCH
"oneacrefund/sapb1-cache","oneacrefund/sapb1-cache","597",true,true,MATCH
"oneacrefund/sapb1-cache","oneacrefund/sapb1-cache","598",true,true,MATCH
"oneacrefund/sapb1-cache","oneacrefund/sapb1-cache","602",true,true,MATCH
"oneacrefund/sapb1-cache","oneacrefund/sapb1-cache","607",true,true,MATCH
"oneacrefund/sapb1-cache","oneacrefund/sapb1-cache","608",true,true,MATCH
"oneacrefund/sapb1-cache","oneacrefund/sapb1-cache","615",true,true,MATCH
"oneacrefund/sapb1-cache","oneacrefund/sapb1-cache","617",true,true,MATCH
"oneacrefund/sapb1-cache","oneacrefund/sapb1-cache","618",true,true,MATCH
"oneacrefund/sapb1-cache","oneacrefund/sapb1-cache","619",true,true,MATCH
"oneacrefund/sapb1-cache","oneacrefund/sapb1-cache","631",true,true,MATCH
"oneacrefund/sapb1-cache","oneacrefund/sapb1-cache","633",true,true,MATCH
"oneacrefund/sapb1-cache","oneacrefund/sapb1-cache","634",true,true,MATCH
"oneacrefund/sapb1-cache","oneacrefund/sapb1-cache","635",true,true,MATCH
"oneacrefund/sapb1-cache","oneacrefund/sapb1-cache","639",true,true,MATCH
"oneacrefund/sapb1-cache","oneacrefund/sapb1-cache","640",true,true,MATCH
"oneacrefund/sapb1-cache","oneacrefund/sapb1-cache","721",true,true,MATCH
"oneacrefund/sapb1-cache","oneacrefund/sapb1-cache","722",true,true,MATCH
"oneacrefund/sapb1-cache","oneacrefund/sapb1-cache","783",true,true,MATCH
"oneacrefund/sapb1-cache","oneacrefund/sapb1-cache","784",true,true,MATCH
"oneacrefund/sapb1-cache","oneacrefund/sapb1-cache","785",true,true,MATCH
"oneacrefund/sapb1-cache","oneacrefund/sapb1-cache","852",true,true,MATCH
"[SUMMARY]","oneacrefund/sapb1-cache","oneacrefund/sapb1-cache","ACR=40","ECR=40","MATCH=40 | MISSING_IN_ECR=0 | ECR_ONLY=0"
"oneacrefund/sapb1-consumer","oneacrefund/sapb1-consumer","1870",true,true,MATCH
"oneacrefund/sapb1-consumer","oneacrefund/sapb1-consumer","1872",true,true,MATCH
"oneacrefund/sapb1-consumer","oneacrefund/sapb1-consumer","1873",true,true,MATCH
"oneacrefund/sapb1-consumer","oneacrefund/sapb1-consumer","1874",true,true,MATCH
"oneacrefund/sapb1-consumer","oneacrefund/sapb1-consumer","1882",true,true,MATCH
"oneacrefund/sapb1-consumer","oneacrefund/sapb1-consumer","1883",true,true,MATCH
"oneacrefund/sapb1-consumer","oneacrefund/sapb1-consumer","1884",true,true,MATCH
"oneacrefund/sapb1-consumer","oneacrefund/sapb1-consumer","1885",true,true,MATCH
"oneacrefund/sapb1-consumer","oneacrefund/sapb1-consumer","1886",true,true,MATCH
"oneacrefund/sapb1-consumer","oneacrefund/sapb1-consumer","1892",true,true,MATCH
"oneacrefund/sapb1-consumer","oneacrefund/sapb1-consumer","1893",true,true,MATCH
"oneacrefund/sapb1-consumer","oneacrefund/sapb1-consumer","1896",true,true,MATCH
"oneacrefund/sapb1-consumer","oneacrefund/sapb1-consumer","1897",true,true,MATCH
"oneacrefund/sapb1-consumer","oneacrefund/sapb1-consumer","1901",true,true,MATCH
"oneacrefund/sapb1-consumer","oneacrefund/sapb1-consumer","1910",true,true,MATCH
"oneacrefund/sapb1-consumer","oneacrefund/sapb1-consumer","1959",true,true,MATCH
"oneacrefund/sapb1-consumer","oneacrefund/sapb1-consumer","1960",true,true,MATCH
"oneacrefund/sapb1-consumer","oneacrefund/sapb1-consumer","1961",true,true,MATCH
"oneacrefund/sapb1-consumer","oneacrefund/sapb1-consumer","1962",true,true,MATCH
"oneacrefund/sapb1-consumer","oneacrefund/sapb1-consumer","1966",true,true,MATCH
"oneacrefund/sapb1-consumer","oneacrefund/sapb1-consumer","1970",true,true,MATCH
"oneacrefund/sapb1-consumer","oneacrefund/sapb1-consumer","1971",true,true,MATCH
"oneacrefund/sapb1-consumer","oneacrefund/sapb1-consumer","1972",true,true,MATCH
"oneacrefund/sapb1-consumer","oneacrefund/sapb1-consumer","1973",true,true,MATCH
"oneacrefund/sapb1-consumer","oneacrefund/sapb1-consumer","1997",true,true,MATCH
"oneacrefund/sapb1-consumer","oneacrefund/sapb1-consumer","2000",true,true,MATCH
"oneacrefund/sapb1-consumer","oneacrefund/sapb1-consumer","2017",true,true,MATCH
"oneacrefund/sapb1-consumer","oneacrefund/sapb1-consumer","2082",true,true,MATCH
"oneacrefund/sapb1-consumer","oneacrefund/sapb1-consumer","2083",true,true,MATCH
"oneacrefund/sapb1-consumer","oneacrefund/sapb1-consumer","2084",true,true,MATCH
"oneacrefund/sapb1-consumer","oneacrefund/sapb1-consumer","2086",true,true,MATCH
"oneacrefund/sapb1-consumer","oneacrefund/sapb1-consumer","2119",true,true,MATCH
"oneacrefund/sapb1-consumer","oneacrefund/sapb1-consumer","2121",true,true,MATCH
"oneacrefund/sapb1-consumer","oneacrefund/sapb1-consumer","2122",true,true,MATCH
"oneacrefund/sapb1-consumer","oneacrefund/sapb1-consumer","2127",true,true,MATCH
"oneacrefund/sapb1-consumer","oneacrefund/sapb1-consumer","2128",true,true,MATCH
"oneacrefund/sapb1-consumer","oneacrefund/sapb1-consumer","2155",true,true,MATCH
"oneacrefund/sapb1-consumer","oneacrefund/sapb1-consumer","2157",true,true,MATCH
"oneacrefund/sapb1-consumer","oneacrefund/sapb1-consumer","2158",true,true,MATCH
"oneacrefund/sapb1-consumer","oneacrefund/sapb1-consumer","2160",true,true,MATCH
"oneacrefund/sapb1-consumer","oneacrefund/sapb1-consumer","2161",true,true,MATCH
"oneacrefund/sapb1-consumer","oneacrefund/sapb1-consumer","2164",true,true,MATCH
"oneacrefund/sapb1-consumer","oneacrefund/sapb1-consumer","2165",true,true,MATCH
"oneacrefund/sapb1-consumer","oneacrefund/sapb1-consumer","2166",true,true,MATCH
"oneacrefund/sapb1-consumer","oneacrefund/sapb1-consumer","2168",true,true,MATCH
"oneacrefund/sapb1-consumer","oneacrefund/sapb1-consumer","2169",true,true,MATCH
"oneacrefund/sapb1-consumer","oneacrefund/sapb1-consumer","2171",true,true,MATCH
"oneacrefund/sapb1-consumer","oneacrefund/sapb1-consumer","2172",true,true,MATCH
"oneacrefund/sapb1-consumer","oneacrefund/sapb1-consumer","2173",true,true,MATCH
"oneacrefund/sapb1-consumer","oneacrefund/sapb1-consumer","2174",true,true,MATCH
"oneacrefund/sapb1-consumer","oneacrefund/sapb1-consumer","2181",true,true,MATCH
"oneacrefund/sapb1-consumer","oneacrefund/sapb1-consumer","2187",true,true,MATCH
"oneacrefund/sapb1-consumer","oneacrefund/sapb1-consumer","2192",true,true,MATCH
"oneacrefund/sapb1-consumer","oneacrefund/sapb1-consumer","2608",true,true,MATCH
"oneacrefund/sapb1-consumer","oneacrefund/sapb1-consumer","2611",true,true,MATCH
"oneacrefund/sapb1-consumer","oneacrefund/sapb1-consumer","2613",true,true,MATCH
"oneacrefund/sapb1-consumer","oneacrefund/sapb1-consumer","2617",true,true,MATCH
"oneacrefund/sapb1-consumer","oneacrefund/sapb1-consumer","2618",true,true,MATCH
"oneacrefund/sapb1-consumer","oneacrefund/sapb1-consumer","2750",true,true,MATCH
"oneacrefund/sapb1-consumer","oneacrefund/sapb1-consumer","2752",true,true,MATCH
"[SUMMARY]","oneacrefund/sapb1-consumer","oneacrefund/sapb1-consumer","ACR=60","ECR=60","MATCH=60 | MISSING_IN_ECR=0 | ECR_ONLY=0"
"oneacrefund/sapb1-erply-consumer","oneacrefund/sapb1-erply-consumer","latest",true,true,MATCH
"[SUMMARY]","oneacrefund/sapb1-erply-consumer","oneacrefund/sapb1-erply-consumer","ACR=1","ECR=1","MATCH=1 | MISSING_IN_ECR=0 | ECR_ONLY=0"
"oneacrefund/sapb1-erply-producer","oneacrefund/sapb1-erply-producer","1970",true,true,MATCH
"oneacrefund/sapb1-erply-producer","oneacrefund/sapb1-erply-producer","1971",true,true,MATCH
"oneacrefund/sapb1-erply-producer","oneacrefund/sapb1-erply-producer","1972",true,true,MATCH
"oneacrefund/sapb1-erply-producer","oneacrefund/sapb1-erply-producer","1973",true,true,MATCH
"oneacrefund/sapb1-erply-producer","oneacrefund/sapb1-erply-producer","1986",true,true,MATCH
"oneacrefund/sapb1-erply-producer","oneacrefund/sapb1-erply-producer","1988",true,true,MATCH
"oneacrefund/sapb1-erply-producer","oneacrefund/sapb1-erply-producer","1990",true,true,MATCH
"oneacrefund/sapb1-erply-producer","oneacrefund/sapb1-erply-producer","1991",true,true,MATCH
"oneacrefund/sapb1-erply-producer","oneacrefund/sapb1-erply-producer","1992",true,true,MATCH
"oneacrefund/sapb1-erply-producer","oneacrefund/sapb1-erply-producer","1994",true,true,MATCH
"oneacrefund/sapb1-erply-producer","oneacrefund/sapb1-erply-producer","1997",true,true,MATCH
"oneacrefund/sapb1-erply-producer","oneacrefund/sapb1-erply-producer","2000",true,true,MATCH
"oneacrefund/sapb1-erply-producer","oneacrefund/sapb1-erply-producer","2017",true,true,MATCH
"oneacrefund/sapb1-erply-producer","oneacrefund/sapb1-erply-producer","2155",true,true,MATCH
"oneacrefund/sapb1-erply-producer","oneacrefund/sapb1-erply-producer","2157",true,true,MATCH
"oneacrefund/sapb1-erply-producer","oneacrefund/sapb1-erply-producer","2158",true,true,MATCH
"oneacrefund/sapb1-erply-producer","oneacrefund/sapb1-erply-producer","2160",true,true,MATCH
"oneacrefund/sapb1-erply-producer","oneacrefund/sapb1-erply-producer","2161",true,true,MATCH
"oneacrefund/sapb1-erply-producer","oneacrefund/sapb1-erply-producer","2164",true,true,MATCH
"oneacrefund/sapb1-erply-producer","oneacrefund/sapb1-erply-producer","2165",true,true,MATCH
"oneacrefund/sapb1-erply-producer","oneacrefund/sapb1-erply-producer","2166",true,true,MATCH
"oneacrefund/sapb1-erply-producer","oneacrefund/sapb1-erply-producer","2168",true,true,MATCH
"oneacrefund/sapb1-erply-producer","oneacrefund/sapb1-erply-producer","2169",true,true,MATCH
"oneacrefund/sapb1-erply-producer","oneacrefund/sapb1-erply-producer","2171",true,true,MATCH
"oneacrefund/sapb1-erply-producer","oneacrefund/sapb1-erply-producer","2172",true,true,MATCH
"oneacrefund/sapb1-erply-producer","oneacrefund/sapb1-erply-producer","2173",true,true,MATCH
"oneacrefund/sapb1-erply-producer","oneacrefund/sapb1-erply-producer","2174",true,true,MATCH
"oneacrefund/sapb1-erply-producer","oneacrefund/sapb1-erply-producer","2181",true,true,MATCH
"oneacrefund/sapb1-erply-producer","oneacrefund/sapb1-erply-producer","2187",true,true,MATCH
"oneacrefund/sapb1-erply-producer","oneacrefund/sapb1-erply-producer","2192",true,true,MATCH
"oneacrefund/sapb1-erply-producer","oneacrefund/sapb1-erply-producer","2203",true,true,MATCH
"oneacrefund/sapb1-erply-producer","oneacrefund/sapb1-erply-producer","2204",true,true,MATCH
"oneacrefund/sapb1-erply-producer","oneacrefund/sapb1-erply-producer","2205",true,true,MATCH
"oneacrefund/sapb1-erply-producer","oneacrefund/sapb1-erply-producer","2608",true,true,MATCH
"oneacrefund/sapb1-erply-producer","oneacrefund/sapb1-erply-producer","2611",true,true,MATCH
"oneacrefund/sapb1-erply-producer","oneacrefund/sapb1-erply-producer","2613",true,true,MATCH
"oneacrefund/sapb1-erply-producer","oneacrefund/sapb1-erply-producer","2617",true,true,MATCH
"oneacrefund/sapb1-erply-producer","oneacrefund/sapb1-erply-producer","2618",true,true,MATCH
"oneacrefund/sapb1-erply-producer","oneacrefund/sapb1-erply-producer","2750",true,true,MATCH
"oneacrefund/sapb1-erply-producer","oneacrefund/sapb1-erply-producer","2752",true,true,MATCH
"oneacrefund/sapb1-erply-producer","oneacrefund/sapb1-erply-producer","2760",true,true,MATCH
"oneacrefund/sapb1-erply-producer","oneacrefund/sapb1-erply-producer","2764",true,true,MATCH
"oneacrefund/sapb1-erply-producer","oneacrefund/sapb1-erply-producer","2765",true,true,MATCH
"oneacrefund/sapb1-erply-producer","oneacrefund/sapb1-erply-producer","2766",true,true,MATCH
"oneacrefund/sapb1-erply-producer","oneacrefund/sapb1-erply-producer","2767",true,true,MATCH
"oneacrefund/sapb1-erply-producer","oneacrefund/sapb1-erply-producer","2770",true,true,MATCH
"oneacrefund/sapb1-erply-producer","oneacrefund/sapb1-erply-producer","2780",true,true,MATCH
"oneacrefund/sapb1-erply-producer","oneacrefund/sapb1-erply-producer","2781",true,true,MATCH
"oneacrefund/sapb1-erply-producer","oneacrefund/sapb1-erply-producer","2782",true,true,MATCH
"oneacrefund/sapb1-erply-producer","oneacrefund/sapb1-erply-producer","2783",true,true,MATCH
"oneacrefund/sapb1-erply-producer","oneacrefund/sapb1-erply-producer","2784",true,true,MATCH
"oneacrefund/sapb1-erply-producer","oneacrefund/sapb1-erply-producer","2793",true,true,MATCH
"oneacrefund/sapb1-erply-producer","oneacrefund/sapb1-erply-producer","2795",true,true,MATCH
"oneacrefund/sapb1-erply-producer","oneacrefund/sapb1-erply-producer","2796",true,true,MATCH
"oneacrefund/sapb1-erply-producer","oneacrefund/sapb1-erply-producer","2797",true,true,MATCH
"oneacrefund/sapb1-erply-producer","oneacrefund/sapb1-erply-producer","2798",true,true,MATCH
"oneacrefund/sapb1-erply-producer","oneacrefund/sapb1-erply-producer","2802",true,true,MATCH
"oneacrefund/sapb1-erply-producer","oneacrefund/sapb1-erply-producer","2804",true,true,MATCH
"oneacrefund/sapb1-erply-producer","oneacrefund/sapb1-erply-producer","2812",true,true,MATCH
"oneacrefund/sapb1-erply-producer","oneacrefund/sapb1-erply-producer","2813",true,true,MATCH
"[SUMMARY]","oneacrefund/sapb1-erply-producer","oneacrefund/sapb1-erply-producer","ACR=60","ECR=60","MATCH=60 | MISSING_IN_ECR=0 | ECR_ONLY=0"
"oneacrefund/sapb1-master-data-consumer","oneacrefund/sapb1-master-data-consumer","2337",true,true,MATCH
"oneacrefund/sapb1-master-data-consumer","oneacrefund/sapb1-master-data-consumer","2338",true,true,MATCH
"oneacrefund/sapb1-master-data-consumer","oneacrefund/sapb1-master-data-consumer","2383",true,true,MATCH
"oneacrefund/sapb1-master-data-consumer","oneacrefund/sapb1-master-data-consumer","2384",true,true,MATCH
"oneacrefund/sapb1-master-data-consumer","oneacrefund/sapb1-master-data-consumer","2411",true,true,MATCH
"oneacrefund/sapb1-master-data-consumer","oneacrefund/sapb1-master-data-consumer","2414",true,true,MATCH
"oneacrefund/sapb1-master-data-consumer","oneacrefund/sapb1-master-data-consumer","2416",true,true,MATCH
"oneacrefund/sapb1-master-data-consumer","oneacrefund/sapb1-master-data-consumer","2417",true,true,MATCH
"oneacrefund/sapb1-master-data-consumer","oneacrefund/sapb1-master-data-consumer","2418",true,true,MATCH
"oneacrefund/sapb1-master-data-consumer","oneacrefund/sapb1-master-data-consumer","2419",true,true,MATCH
"oneacrefund/sapb1-master-data-consumer","oneacrefund/sapb1-master-data-consumer","2420",true,true,MATCH
"oneacrefund/sapb1-master-data-consumer","oneacrefund/sapb1-master-data-consumer","2423",true,true,MATCH
"oneacrefund/sapb1-master-data-consumer","oneacrefund/sapb1-master-data-consumer","2425",true,true,MATCH
"oneacrefund/sapb1-master-data-consumer","oneacrefund/sapb1-master-data-consumer","2428",true,true,MATCH
"oneacrefund/sapb1-master-data-consumer","oneacrefund/sapb1-master-data-consumer","2434",true,true,MATCH
"oneacrefund/sapb1-master-data-consumer","oneacrefund/sapb1-master-data-consumer","2435",true,true,MATCH
"oneacrefund/sapb1-master-data-consumer","oneacrefund/sapb1-master-data-consumer","2441",true,true,MATCH
"oneacrefund/sapb1-master-data-consumer","oneacrefund/sapb1-master-data-consumer","2442",true,true,MATCH
"oneacrefund/sapb1-master-data-consumer","oneacrefund/sapb1-master-data-consumer","2448",true,true,MATCH
"oneacrefund/sapb1-master-data-consumer","oneacrefund/sapb1-master-data-consumer","2454",true,true,MATCH
"oneacrefund/sapb1-master-data-consumer","oneacrefund/sapb1-master-data-consumer","2455",true,true,MATCH
"oneacrefund/sapb1-master-data-consumer","oneacrefund/sapb1-master-data-consumer","2456",true,true,MATCH
"oneacrefund/sapb1-master-data-consumer","oneacrefund/sapb1-master-data-consumer","2470",true,true,MATCH
"oneacrefund/sapb1-master-data-consumer","oneacrefund/sapb1-master-data-consumer","2518",true,true,MATCH
"oneacrefund/sapb1-master-data-consumer","oneacrefund/sapb1-master-data-consumer","2562",true,true,MATCH
"oneacrefund/sapb1-master-data-consumer","oneacrefund/sapb1-master-data-consumer","2563",true,true,MATCH
"oneacrefund/sapb1-master-data-consumer","oneacrefund/sapb1-master-data-consumer","2564",true,true,MATCH
"oneacrefund/sapb1-master-data-consumer","oneacrefund/sapb1-master-data-consumer","2565",true,true,MATCH
"oneacrefund/sapb1-master-data-consumer","oneacrefund/sapb1-master-data-consumer","2566",true,true,MATCH
"oneacrefund/sapb1-master-data-consumer","oneacrefund/sapb1-master-data-consumer","2574",true,true,MATCH
"oneacrefund/sapb1-master-data-consumer","oneacrefund/sapb1-master-data-consumer","2575",true,true,MATCH
"oneacrefund/sapb1-master-data-consumer","oneacrefund/sapb1-master-data-consumer","2583",true,true,MATCH
"oneacrefund/sapb1-master-data-consumer","oneacrefund/sapb1-master-data-consumer","2982",true,true,MATCH
"oneacrefund/sapb1-master-data-consumer","oneacrefund/sapb1-master-data-consumer","2984",true,true,MATCH
"oneacrefund/sapb1-master-data-consumer","oneacrefund/sapb1-master-data-consumer","2990",true,true,MATCH
"oneacrefund/sapb1-master-data-consumer","oneacrefund/sapb1-master-data-consumer","2991",true,true,MATCH
"oneacrefund/sapb1-master-data-consumer","oneacrefund/sapb1-master-data-consumer","3003",true,true,MATCH
"oneacrefund/sapb1-master-data-consumer","oneacrefund/sapb1-master-data-consumer","3042",true,true,MATCH
"oneacrefund/sapb1-master-data-consumer","oneacrefund/sapb1-master-data-consumer","3043",true,true,MATCH
"oneacrefund/sapb1-master-data-consumer","oneacrefund/sapb1-master-data-consumer","3049",true,true,MATCH
"oneacrefund/sapb1-master-data-consumer","oneacrefund/sapb1-master-data-consumer","3092",true,true,MATCH
"oneacrefund/sapb1-master-data-consumer","oneacrefund/sapb1-master-data-consumer","3093",true,true,MATCH
"oneacrefund/sapb1-master-data-consumer","oneacrefund/sapb1-master-data-consumer","3095",true,true,MATCH
"oneacrefund/sapb1-master-data-consumer","oneacrefund/sapb1-master-data-consumer","3096",true,true,MATCH
"oneacrefund/sapb1-master-data-consumer","oneacrefund/sapb1-master-data-consumer","3157",true,true,MATCH
"oneacrefund/sapb1-master-data-consumer","oneacrefund/sapb1-master-data-consumer","3224",true,true,MATCH
"oneacrefund/sapb1-master-data-consumer","oneacrefund/sapb1-master-data-consumer","3233",true,true,MATCH
"oneacrefund/sapb1-master-data-consumer","oneacrefund/sapb1-master-data-consumer","3285",true,true,MATCH
"oneacrefund/sapb1-master-data-consumer","oneacrefund/sapb1-master-data-consumer","3291",true,true,MATCH
"oneacrefund/sapb1-master-data-consumer","oneacrefund/sapb1-master-data-consumer","3333",true,true,MATCH
"oneacrefund/sapb1-master-data-consumer","oneacrefund/sapb1-master-data-consumer","3635",true,true,MATCH
"oneacrefund/sapb1-master-data-consumer","oneacrefund/sapb1-master-data-consumer","3636",true,true,MATCH
"oneacrefund/sapb1-master-data-consumer","oneacrefund/sapb1-master-data-consumer","3637",true,true,MATCH
"oneacrefund/sapb1-master-data-consumer","oneacrefund/sapb1-master-data-consumer","3638",true,true,MATCH
"oneacrefund/sapb1-master-data-consumer","oneacrefund/sapb1-master-data-consumer","3642",true,true,MATCH
"oneacrefund/sapb1-master-data-consumer","oneacrefund/sapb1-master-data-consumer","3643",true,true,MATCH
"oneacrefund/sapb1-master-data-consumer","oneacrefund/sapb1-master-data-consumer","3666",true,true,MATCH
"oneacrefund/sapb1-master-data-consumer","oneacrefund/sapb1-master-data-consumer","3963",true,true,MATCH
"oneacrefund/sapb1-master-data-consumer","oneacrefund/sapb1-master-data-consumer","3964",true,true,MATCH
"oneacrefund/sapb1-master-data-consumer","oneacrefund/sapb1-master-data-consumer","3966",true,true,MATCH
"[SUMMARY]","oneacrefund/sapb1-master-data-consumer","oneacrefund/sapb1-master-data-consumer","ACR=60","ECR=60","MATCH=60 | MISSING_IN_ECR=0 | ECR_ONLY=0"
"oneacrefund/sapb1-odoo-consumer","oneacrefund/sapb1-odoo-consumer","3637",true,true,MATCH
"oneacrefund/sapb1-odoo-consumer","oneacrefund/sapb1-odoo-consumer","3638",true,true,MATCH
"oneacrefund/sapb1-odoo-consumer","oneacrefund/sapb1-odoo-consumer","3642",true,true,MATCH
"oneacrefund/sapb1-odoo-consumer","oneacrefund/sapb1-odoo-consumer","3643",true,true,MATCH
"oneacrefund/sapb1-odoo-consumer","oneacrefund/sapb1-odoo-consumer","3656",true,true,MATCH
"oneacrefund/sapb1-odoo-consumer","oneacrefund/sapb1-odoo-consumer","3657",true,true,MATCH
"oneacrefund/sapb1-odoo-consumer","oneacrefund/sapb1-odoo-consumer","3659",true,true,MATCH
"oneacrefund/sapb1-odoo-consumer","oneacrefund/sapb1-odoo-consumer","3661",true,true,MATCH
"oneacrefund/sapb1-odoo-consumer","oneacrefund/sapb1-odoo-consumer","3663",true,true,MATCH
"oneacrefund/sapb1-odoo-consumer","oneacrefund/sapb1-odoo-consumer","3666",true,true,MATCH
"oneacrefund/sapb1-odoo-consumer","oneacrefund/sapb1-odoo-consumer","3687",true,true,MATCH
"oneacrefund/sapb1-odoo-consumer","oneacrefund/sapb1-odoo-consumer","3692",true,true,MATCH
"oneacrefund/sapb1-odoo-consumer","oneacrefund/sapb1-odoo-consumer","3693",true,true,MATCH
"oneacrefund/sapb1-odoo-consumer","oneacrefund/sapb1-odoo-consumer","3696",true,true,MATCH
"oneacrefund/sapb1-odoo-consumer","oneacrefund/sapb1-odoo-consumer","3697",true,true,MATCH
"oneacrefund/sapb1-odoo-consumer","oneacrefund/sapb1-odoo-consumer","3698",true,true,MATCH
"oneacrefund/sapb1-odoo-consumer","oneacrefund/sapb1-odoo-consumer","3699",true,true,MATCH
"oneacrefund/sapb1-odoo-consumer","oneacrefund/sapb1-odoo-consumer","3701",true,true,MATCH
"oneacrefund/sapb1-odoo-consumer","oneacrefund/sapb1-odoo-consumer","3703",true,true,MATCH
"oneacrefund/sapb1-odoo-consumer","oneacrefund/sapb1-odoo-consumer","3705",true,true,MATCH
"oneacrefund/sapb1-odoo-consumer","oneacrefund/sapb1-odoo-consumer","3707",true,true,MATCH
"oneacrefund/sapb1-odoo-consumer","oneacrefund/sapb1-odoo-consumer","3712",true,true,MATCH
"oneacrefund/sapb1-odoo-consumer","oneacrefund/sapb1-odoo-consumer","3727",true,true,MATCH
"oneacrefund/sapb1-odoo-consumer","oneacrefund/sapb1-odoo-consumer","3731",true,true,MATCH
"oneacrefund/sapb1-odoo-consumer","oneacrefund/sapb1-odoo-consumer","3737",true,true,MATCH
"oneacrefund/sapb1-odoo-consumer","oneacrefund/sapb1-odoo-consumer","4027",true,true,MATCH
"oneacrefund/sapb1-odoo-consumer","oneacrefund/sapb1-odoo-consumer","4028",true,true,MATCH
"oneacrefund/sapb1-odoo-consumer","oneacrefund/sapb1-odoo-consumer","4029",true,true,MATCH
"oneacrefund/sapb1-odoo-consumer","oneacrefund/sapb1-odoo-consumer","4030",true,true,MATCH
"oneacrefund/sapb1-odoo-consumer","oneacrefund/sapb1-odoo-consumer","4032",true,true,MATCH
"oneacrefund/sapb1-odoo-consumer","oneacrefund/sapb1-odoo-consumer","4033",true,true,MATCH
"oneacrefund/sapb1-odoo-consumer","oneacrefund/sapb1-odoo-consumer","4034",true,true,MATCH
"oneacrefund/sapb1-odoo-consumer","oneacrefund/sapb1-odoo-consumer","4037",true,true,MATCH
"oneacrefund/sapb1-odoo-consumer","oneacrefund/sapb1-odoo-consumer","4039",true,true,MATCH
"oneacrefund/sapb1-odoo-consumer","oneacrefund/sapb1-odoo-consumer","4046",true,true,MATCH
"oneacrefund/sapb1-odoo-consumer","oneacrefund/sapb1-odoo-consumer","4047",true,true,MATCH
"oneacrefund/sapb1-odoo-consumer","oneacrefund/sapb1-odoo-consumer","4048",true,true,MATCH
"oneacrefund/sapb1-odoo-consumer","oneacrefund/sapb1-odoo-consumer","4049",true,true,MATCH
"oneacrefund/sapb1-odoo-consumer","oneacrefund/sapb1-odoo-consumer","4050",true,true,MATCH
"oneacrefund/sapb1-odoo-consumer","oneacrefund/sapb1-odoo-consumer","4052",true,true,MATCH
"oneacrefund/sapb1-odoo-consumer","oneacrefund/sapb1-odoo-consumer","4063",true,true,MATCH
"oneacrefund/sapb1-odoo-consumer","oneacrefund/sapb1-odoo-consumer","4064",true,true,MATCH
"oneacrefund/sapb1-odoo-consumer","oneacrefund/sapb1-odoo-consumer","4066",true,true,MATCH
"oneacrefund/sapb1-odoo-consumer","oneacrefund/sapb1-odoo-consumer","4067",true,true,MATCH
"oneacrefund/sapb1-odoo-consumer","oneacrefund/sapb1-odoo-consumer","4068",true,true,MATCH
"oneacrefund/sapb1-odoo-consumer","oneacrefund/sapb1-odoo-consumer","4069",true,true,MATCH
"oneacrefund/sapb1-odoo-consumer","oneacrefund/sapb1-odoo-consumer","4074",true,true,MATCH
"oneacrefund/sapb1-odoo-consumer","oneacrefund/sapb1-odoo-consumer","4075",true,true,MATCH
"oneacrefund/sapb1-odoo-consumer","oneacrefund/sapb1-odoo-consumer","4077",true,true,MATCH
"oneacrefund/sapb1-odoo-consumer","oneacrefund/sapb1-odoo-consumer","4078",true,true,MATCH
"oneacrefund/sapb1-odoo-consumer","oneacrefund/sapb1-odoo-consumer","4079",true,true,MATCH
"oneacrefund/sapb1-odoo-consumer","oneacrefund/sapb1-odoo-consumer","4080",true,true,MATCH
"oneacrefund/sapb1-odoo-consumer","oneacrefund/sapb1-odoo-consumer","4081",true,true,MATCH
"oneacrefund/sapb1-odoo-consumer","oneacrefund/sapb1-odoo-consumer","4082",true,true,MATCH
"oneacrefund/sapb1-odoo-consumer","oneacrefund/sapb1-odoo-consumer","4083",true,true,MATCH
"oneacrefund/sapb1-odoo-consumer","oneacrefund/sapb1-odoo-consumer","4158",true,true,MATCH
"oneacrefund/sapb1-odoo-consumer","oneacrefund/sapb1-odoo-consumer","4163",true,true,MATCH
"oneacrefund/sapb1-odoo-consumer","oneacrefund/sapb1-odoo-consumer","4167",true,true,MATCH
"oneacrefund/sapb1-odoo-consumer","oneacrefund/sapb1-odoo-consumer","4173",true,true,MATCH
"oneacrefund/sapb1-odoo-consumer","oneacrefund/sapb1-odoo-consumer","4174",true,true,MATCH
"oneacrefund/sapb1-odoo-consumer","oneacrefund/sapb1-odoo-consumer","4184",true,true,MATCH
"oneacrefund/sapb1-odoo-consumer","oneacrefund/sapb1-odoo-consumer","4251",true,true,MATCH
"oneacrefund/sapb1-odoo-consumer","oneacrefund/sapb1-odoo-consumer","4252",true,true,MATCH
"oneacrefund/sapb1-odoo-consumer","oneacrefund/sapb1-odoo-consumer","4261",true,true,MATCH
"[SUMMARY]","oneacrefund/sapb1-odoo-consumer","oneacrefund/sapb1-odoo-consumer","ACR=64","ECR=64","MATCH=64 | MISSING_IN_ECR=0 | ECR_ONLY=0"
"oneacrefund/sapb1-producer","oneacrefund/sapb1-producer","3582",true,true,MATCH
"oneacrefund/sapb1-producer","oneacrefund/sapb1-producer","3584",true,true,MATCH
"oneacrefund/sapb1-producer","oneacrefund/sapb1-producer","3587",true,true,MATCH
"oneacrefund/sapb1-producer","oneacrefund/sapb1-producer","3594",true,true,MATCH
"oneacrefund/sapb1-producer","oneacrefund/sapb1-producer","3595",true,true,MATCH
"oneacrefund/sapb1-producer","oneacrefund/sapb1-producer","3596",true,true,MATCH
"oneacrefund/sapb1-producer","oneacrefund/sapb1-producer","3597",true,true,MATCH
"oneacrefund/sapb1-producer","oneacrefund/sapb1-producer","3599",true,true,MATCH
"oneacrefund/sapb1-producer","oneacrefund/sapb1-producer","3600",true,true,MATCH
"oneacrefund/sapb1-producer","oneacrefund/sapb1-producer","3601",true,true,MATCH
"oneacrefund/sapb1-producer","oneacrefund/sapb1-producer","3603",true,true,MATCH
"oneacrefund/sapb1-producer","oneacrefund/sapb1-producer","3604",true,true,MATCH
"oneacrefund/sapb1-producer","oneacrefund/sapb1-producer","3620",true,true,MATCH
"oneacrefund/sapb1-producer","oneacrefund/sapb1-producer","3621",true,true,MATCH
"oneacrefund/sapb1-producer","oneacrefund/sapb1-producer","3626",true,true,MATCH
"oneacrefund/sapb1-producer","oneacrefund/sapb1-producer","3630",true,true,MATCH
"oneacrefund/sapb1-producer","oneacrefund/sapb1-producer","3648",true,true,MATCH
"oneacrefund/sapb1-producer","oneacrefund/sapb1-producer","3649",true,true,MATCH
"oneacrefund/sapb1-producer","oneacrefund/sapb1-producer","3653",true,true,MATCH
"oneacrefund/sapb1-producer","oneacrefund/sapb1-producer","3654",true,true,MATCH
"oneacrefund/sapb1-producer","oneacrefund/sapb1-producer","3655",true,true,MATCH
"oneacrefund/sapb1-producer","oneacrefund/sapb1-producer","3656",true,true,MATCH
"oneacrefund/sapb1-producer","oneacrefund/sapb1-producer","3657",true,true,MATCH
"oneacrefund/sapb1-producer","oneacrefund/sapb1-producer","3658",true,true,MATCH
"oneacrefund/sapb1-producer","oneacrefund/sapb1-producer","3659",true,true,MATCH
"oneacrefund/sapb1-producer","oneacrefund/sapb1-producer","3661",true,true,MATCH
"oneacrefund/sapb1-producer","oneacrefund/sapb1-producer","3663",true,true,MATCH
"oneacrefund/sapb1-producer","oneacrefund/sapb1-producer","3666",true,true,MATCH
"oneacrefund/sapb1-producer","oneacrefund/sapb1-producer","3674",true,true,MATCH
"oneacrefund/sapb1-producer","oneacrefund/sapb1-producer","3679",true,true,MATCH
"oneacrefund/sapb1-producer","oneacrefund/sapb1-producer","3684",true,true,MATCH
"oneacrefund/sapb1-producer","oneacrefund/sapb1-producer","3686",true,true,MATCH
"oneacrefund/sapb1-producer","oneacrefund/sapb1-producer","3701",true,true,MATCH
"oneacrefund/sapb1-producer","oneacrefund/sapb1-producer","3703",true,true,MATCH
"oneacrefund/sapb1-producer","oneacrefund/sapb1-producer","3705",true,true,MATCH
"oneacrefund/sapb1-producer","oneacrefund/sapb1-producer","3707",true,true,MATCH
"oneacrefund/sapb1-producer","oneacrefund/sapb1-producer","3708",true,true,MATCH
"oneacrefund/sapb1-producer","oneacrefund/sapb1-producer","3709",true,true,MATCH
"oneacrefund/sapb1-producer","oneacrefund/sapb1-producer","3710",true,true,MATCH
"oneacrefund/sapb1-producer","oneacrefund/sapb1-producer","3711",true,true,MATCH
"oneacrefund/sapb1-producer","oneacrefund/sapb1-producer","3712",true,true,MATCH
"oneacrefund/sapb1-producer","oneacrefund/sapb1-producer","3730",true,true,MATCH
"oneacrefund/sapb1-producer","oneacrefund/sapb1-producer","3733",true,true,MATCH
"oneacrefund/sapb1-producer","oneacrefund/sapb1-producer","3734",true,true,MATCH
"oneacrefund/sapb1-producer","oneacrefund/sapb1-producer","3735",true,true,MATCH
"oneacrefund/sapb1-producer","oneacrefund/sapb1-producer","3737",true,true,MATCH
"oneacrefund/sapb1-producer","oneacrefund/sapb1-producer","3961",true,true,MATCH
"oneacrefund/sapb1-producer","oneacrefund/sapb1-producer","3962",true,true,MATCH
"oneacrefund/sapb1-producer","oneacrefund/sapb1-producer","3964",true,true,MATCH
"oneacrefund/sapb1-producer","oneacrefund/sapb1-producer","4040",true,true,MATCH
"oneacrefund/sapb1-producer","oneacrefund/sapb1-producer","4041",true,true,MATCH
"oneacrefund/sapb1-producer","oneacrefund/sapb1-producer","4042",true,true,MATCH
"oneacrefund/sapb1-producer","oneacrefund/sapb1-producer","4045",true,true,MATCH
"oneacrefund/sapb1-producer","oneacrefund/sapb1-producer","4103",true,true,MATCH
"oneacrefund/sapb1-producer","oneacrefund/sapb1-producer","4104",true,true,MATCH
"oneacrefund/sapb1-producer","oneacrefund/sapb1-producer","4105",true,true,MATCH
"oneacrefund/sapb1-producer","oneacrefund/sapb1-producer","4106",true,true,MATCH
"oneacrefund/sapb1-producer","oneacrefund/sapb1-producer","4107",true,true,MATCH
"oneacrefund/sapb1-producer","oneacrefund/sapb1-producer","4108",true,true,MATCH
"oneacrefund/sapb1-producer","oneacrefund/sapb1-producer","4118",true,true,MATCH
"oneacrefund/sapb1-producer","oneacrefund/sapb1-producer","4268",true,true,MATCH
"oneacrefund/sapb1-producer","oneacrefund/sapb1-producer","4269",true,true,MATCH
"oneacrefund/sapb1-producer","oneacrefund/sapb1-producer","4270",true,true,MATCH
"oneacrefund/sapb1-producer","oneacrefund/sapb1-producer","4273",true,true,MATCH
"[SUMMARY]","oneacrefund/sapb1-producer","oneacrefund/sapb1-producer","ACR=64","ECR=64","MATCH=64 | MISSING_IN_ECR=0 | ECR_ONLY=0"
"oneacrefund/scheduler","oneacrefund/scheduler","v2.8.1_1710a1151fba9212f8f031f2d7e7ce037288f520",true,true,MATCH
"oneacrefund/scheduler","oneacrefund/scheduler","v2.8.1_270bf9f305c5a8f2f569a73902993b3972e10a65",true,true,MATCH
"oneacrefund/scheduler","oneacrefund/scheduler","v2.8.1_3dfcf970f136e7201f718b4ef0da3c312edec6c5",true,true,MATCH
"oneacrefund/scheduler","oneacrefund/scheduler","v2.8.1_73f485e3c3c5d296512d6884e06584bf4fcf85a6",true,true,MATCH
"oneacrefund/scheduler","oneacrefund/scheduler","v2.8.1_756085cff877d579c098544455740f8d713d9b68",true,true,MATCH
"oneacrefund/scheduler","oneacrefund/scheduler","v2.8.1_863d04ca2ba7170bc74449dd30a19a88d2455e16",true,true,MATCH
"oneacrefund/scheduler","oneacrefund/scheduler","v2.8.1_901aafd7e7ee6b5fe3e29e67f39d60c373877d38",true,true,MATCH
"oneacrefund/scheduler","oneacrefund/scheduler","v2.8.1_95ec1297fe9e9c3adfda8bd0bc852a6285f48474",true,true,MATCH
"oneacrefund/scheduler","oneacrefund/scheduler","v2.8.1_9a830f3d1cea8fd0d74c080df8a150e050332c30",true,true,MATCH
"oneacrefund/scheduler","oneacrefund/scheduler","v2.8.1_ac157619424d34eb05de71e4905e2eeccbbc97c0",true,true,MATCH
"oneacrefund/scheduler","oneacrefund/scheduler","v2.8.1_cb8d3e7a65d630af14099695f871d055fa49d2fa",true,true,MATCH
"oneacrefund/scheduler","oneacrefund/scheduler","v2.8.1_d1a560798b39f89e155b294e0d65d9297fb1e52b",true,true,MATCH
"oneacrefund/scheduler","oneacrefund/scheduler","v2.8.1_e17b2e5bdd4770900442a4803d3933c91cf802c0",true,true,MATCH
"oneacrefund/scheduler","oneacrefund/scheduler","v2.8.1_e96c6fb12559c2375fd15ad5618d932468b2a613",true,true,MATCH
"oneacrefund/scheduler","oneacrefund/scheduler","v3.0.0_20f7974bc8b2f5431c8c614a141f1356ac4d9656",true,true,MATCH
"oneacrefund/scheduler","oneacrefund/scheduler","v4.0.0_265d723cedce5941538603fe284432c582b81197",true,true,MATCH
"oneacrefund/scheduler","oneacrefund/scheduler","v4.0.0_f51941148fc24166c86596b16e152d64ddc81f13",true,true,MATCH
"oneacrefund/scheduler","oneacrefund/scheduler","v4.1.0_0520ba6dbc5188f38694f279d90a06c995ada46e",true,true,MATCH
"oneacrefund/scheduler","oneacrefund/scheduler","v4.1.0_2fd2188fb04f8a356c4693b75d2f94bcb11aaa93",true,true,MATCH
"oneacrefund/scheduler","oneacrefund/scheduler","v4.1.0_4a1b9d7249e6bc1a7bd5be1dbf12267b9d60cb99",true,true,MATCH
"oneacrefund/scheduler","oneacrefund/scheduler","v4.1.0_8261ca1222957cc9a5811472da0b2a58d0451bcc",true,true,MATCH
"oneacrefund/scheduler","oneacrefund/scheduler","v4.1.0_aa1c0e3b48a56e38a686dd10c321deea0feb20f6",true,true,MATCH
"oneacrefund/scheduler","oneacrefund/scheduler","v4.1.0_f0fb8f7bb27071fbb9cf4b90e2a0bbfddb2a2bf9",true,true,MATCH
"oneacrefund/scheduler","oneacrefund/scheduler","v4.1.1_0d2719765ceecaa55ade3b80a086e9b831c1958f",true,true,MATCH
"oneacrefund/scheduler","oneacrefund/scheduler","v4.1.1_133c35df79193d1e5322140b2e2d3614ebd78354",true,true,MATCH
"oneacrefund/scheduler","oneacrefund/scheduler","v4.1.1_18f2d7ad5829d1384bccc9a553564087493c6c10",true,true,MATCH
"oneacrefund/scheduler","oneacrefund/scheduler","v4.1.1_399533a7439476135a7ab236c0808f1fb31b8bbb",true,true,MATCH
"oneacrefund/scheduler","oneacrefund/scheduler","v4.1.1_3ef6a24fe716b66f55ad39950716c86caad08826",true,true,MATCH
"oneacrefund/scheduler","oneacrefund/scheduler","v4.1.1_41c1c62740ac1d3e6220dd84beedb87f6a6c3483",true,true,MATCH
"oneacrefund/scheduler","oneacrefund/scheduler","v4.1.1_47122d9367f3ccb32f875fb1618f4f89367cd01c",true,true,MATCH
"oneacrefund/scheduler","oneacrefund/scheduler","v4.1.1_521e2279700eaaf6e1d328e0292e31b0739b9104",true,true,MATCH
"oneacrefund/scheduler","oneacrefund/scheduler","v4.1.1_6511f444143bb402e386399477197b3c9ba4d2c9",true,true,MATCH
"oneacrefund/scheduler","oneacrefund/scheduler","v4.1.1_6efdc54440a1271d950bc795de8a415c4bfd929b",true,true,MATCH
"oneacrefund/scheduler","oneacrefund/scheduler","v4.1.1_763f08219eba08b00c6a1191cf2dedcdd35548ed",true,true,MATCH
"oneacrefund/scheduler","oneacrefund/scheduler","v4.1.1_7eb23a1d4b9131f28f16246c3badf24b36ecb847",true,true,MATCH
"oneacrefund/scheduler","oneacrefund/scheduler","v4.1.1_88618baec4f5ea81dff3d50f3eb1ad6b31c1a63c",true,true,MATCH
"oneacrefund/scheduler","oneacrefund/scheduler","v4.1.1_997839add41fbaceb433d22b0e3522392f506e06",true,true,MATCH
"oneacrefund/scheduler","oneacrefund/scheduler","v4.1.1_a92f9703843e34572e25c007b9ac533faa56a695",true,true,MATCH
"oneacrefund/scheduler","oneacrefund/scheduler","v4.1.1_ab278fd3a5fbcb510452cc926908b80d3d0f6113",true,true,MATCH
"oneacrefund/scheduler","oneacrefund/scheduler","v4.1.1_be882047961ed3d2d749f25b0dedcbd15b6fdc6c",true,true,MATCH
"oneacrefund/scheduler","oneacrefund/scheduler","v4.1.1_c9cb463f859aca7c03f1f0962b8b7ff71b1445bc",true,true,MATCH
"oneacrefund/scheduler","oneacrefund/scheduler","v4.1.1_d788b83a73015d1e4363896cbbe5be44662ebb92",true,true,MATCH
"oneacrefund/scheduler","oneacrefund/scheduler","v4.1.1_f972a1533e3758cb581392dc42ff9e974234a7e7",true,true,MATCH
"oneacrefund/scheduler","oneacrefund/scheduler","v4.2.0_696abe8863b398606db3f2eb795aa066243cd642",true,true,MATCH
"oneacrefund/scheduler","oneacrefund/scheduler","v4.3.0_03cb9b0be3a60114d68b908ad84ba5e6584ca6a0",true,true,MATCH
"oneacrefund/scheduler","oneacrefund/scheduler","v4.3.0_05c77444e0bdcf65704f43981104c24849f8a58b",true,true,MATCH
"oneacrefund/scheduler","oneacrefund/scheduler","v4.3.0_34a82bb1ae7aefda6e1326945ecb2977c8d06dac",true,true,MATCH
"oneacrefund/scheduler","oneacrefund/scheduler","v4.3.0_39663fbc37227395ccba5c74c7d7c72c6b0a1849",true,true,MATCH
"oneacrefund/scheduler","oneacrefund/scheduler","v4.3.0_41f139e49321d2c659534c3a0e88896ef64d435f",true,true,MATCH
"oneacrefund/scheduler","oneacrefund/scheduler","v4.3.0_4699990f7f6fb8304670079b3db52b9fb9012918",true,true,MATCH
"oneacrefund/scheduler","oneacrefund/scheduler","v4.3.0_47b14c27fed946d42e7ce2a11c41ad2e86387f16",true,true,MATCH
"oneacrefund/scheduler","oneacrefund/scheduler","v4.3.0_4fa5e35614a183edcf8237550bb0f71a0285eb3e",true,true,MATCH
"oneacrefund/scheduler","oneacrefund/scheduler","v4.3.0_5f00414d771c66cc0ce33ddfc8a4b8792bdb89ba",true,true,MATCH
"oneacrefund/scheduler","oneacrefund/scheduler","v4.3.0_6ae4d93ce2be6feb9db61a3e234f7346ed313a15",true,true,MATCH
"oneacrefund/scheduler","oneacrefund/scheduler","v4.3.0_6e81c90425765d3b80b250b96a8696786ca28dc8",true,true,MATCH
"oneacrefund/scheduler","oneacrefund/scheduler","v4.3.0_7d4ece155354b6b352c8429a694b0b34b67c6548",true,true,MATCH
"oneacrefund/scheduler","oneacrefund/scheduler","v4.3.0_80e30fc2110f6583f4d4a91c675605ede58d956e",true,true,MATCH
"oneacrefund/scheduler","oneacrefund/scheduler","v4.3.0_9b7d0aae99337a2c5ddfc9eef5a4338e5440dbb5",true,true,MATCH
"oneacrefund/scheduler","oneacrefund/scheduler","v4.3.0_9c986ab62b96a6cb4157f38aed4b1269f7d37f07",true,true,MATCH
"oneacrefund/scheduler","oneacrefund/scheduler","v4.3.0_a6fc24ea7735f722af3a8c974c1dc94503dbc57c",true,true,MATCH
"oneacrefund/scheduler","oneacrefund/scheduler","v4.3.0_c7d3030c995135ad3db98cb9db738cb07eeef010",true,true,MATCH
"oneacrefund/scheduler","oneacrefund/scheduler","v4.3.0_c92f1a1719c0ad77a3da89cfbd2b0bbf432809b1",true,true,MATCH
"oneacrefund/scheduler","oneacrefund/scheduler","v4.3.0_cd92db8041b137f1b2d4eacf816cb67479a3d6fb",true,true,MATCH
"oneacrefund/scheduler","oneacrefund/scheduler","v4.3.0_d03e9f0069550d65ccaaeaf1f4af729250db9c1a",true,true,MATCH
"oneacrefund/scheduler","oneacrefund/scheduler","v4.3.0_dad64fa19d99bdbd7db37e3bf8a973b0892095ba",true,true,MATCH
"oneacrefund/scheduler","oneacrefund/scheduler","v4.3.0_db2757f5da72c63f5998036b624caeac30d5b69a",true,true,MATCH
"oneacrefund/scheduler","oneacrefund/scheduler","v4.3.0_f4ab3056baf317a85c02c6a5ca61c7ff4a856d7c",true,true,MATCH
"oneacrefund/scheduler","oneacrefund/scheduler","v4.3.0_f50b4ff49d40c8bd40dc727fa956ea953b069d59",true,true,MATCH
"oneacrefund/scheduler","oneacrefund/scheduler","v4.3.0_f8853f34060a423a729399003c7fdc808de3f2c9",true,true,MATCH
"[SUMMARY]","oneacrefund/scheduler","oneacrefund/scheduler","ACR=69","ECR=69","MATCH=69 | MISSING_IN_ECR=0 | ECR_ONLY=0"
"oneacrefund/sf-cache","oneacrefund/sf-cache","158",true,true,MATCH
"oneacrefund/sf-cache","oneacrefund/sf-cache","160",true,true,MATCH
"oneacrefund/sf-cache","oneacrefund/sf-cache","162",true,true,MATCH
"oneacrefund/sf-cache","oneacrefund/sf-cache","164",true,true,MATCH
"oneacrefund/sf-cache","oneacrefund/sf-cache","165",true,true,MATCH
"oneacrefund/sf-cache","oneacrefund/sf-cache","180",true,true,MATCH
"oneacrefund/sf-cache","oneacrefund/sf-cache","181",true,true,MATCH
"oneacrefund/sf-cache","oneacrefund/sf-cache","20240103.7",true,true,MATCH
"oneacrefund/sf-cache","oneacrefund/sf-cache","20240114.5",true,true,MATCH
"oneacrefund/sf-cache","oneacrefund/sf-cache","20240115.1",true,true,MATCH
"oneacrefund/sf-cache","oneacrefund/sf-cache","20240115.11",true,true,MATCH
"oneacrefund/sf-cache","oneacrefund/sf-cache","20240115.2",true,true,MATCH
"oneacrefund/sf-cache","oneacrefund/sf-cache","20240115.5",true,true,MATCH
"oneacrefund/sf-cache","oneacrefund/sf-cache","20240115.6",true,true,MATCH
"oneacrefund/sf-cache","oneacrefund/sf-cache","20240115.8",true,true,MATCH
"oneacrefund/sf-cache","oneacrefund/sf-cache","20240117.5",true,true,MATCH
"oneacrefund/sf-cache","oneacrefund/sf-cache","20240118.1",true,true,MATCH
"oneacrefund/sf-cache","oneacrefund/sf-cache","20240118.2",true,true,MATCH
"oneacrefund/sf-cache","oneacrefund/sf-cache","20240119.3",true,true,MATCH
"oneacrefund/sf-cache","oneacrefund/sf-cache","20240119.5",true,true,MATCH
"oneacrefund/sf-cache","oneacrefund/sf-cache","20240119.6",true,true,MATCH
"oneacrefund/sf-cache","oneacrefund/sf-cache","20240122.1",true,true,MATCH
"oneacrefund/sf-cache","oneacrefund/sf-cache","20240209.1",true,true,MATCH
"oneacrefund/sf-cache","oneacrefund/sf-cache","20240322.4",true,true,MATCH
"oneacrefund/sf-cache","oneacrefund/sf-cache","20240328.4",true,true,MATCH
"oneacrefund/sf-cache","oneacrefund/sf-cache","20240328.6",true,true,MATCH
"oneacrefund/sf-cache","oneacrefund/sf-cache","20240331.3",true,true,MATCH
"oneacrefund/sf-cache","oneacrefund/sf-cache","20240405.1",true,true,MATCH
"oneacrefund/sf-cache","oneacrefund/sf-cache","20240405.5",true,true,MATCH
"oneacrefund/sf-cache","oneacrefund/sf-cache","20240405.6",true,true,MATCH
"oneacrefund/sf-cache","oneacrefund/sf-cache","20240405.7",true,true,MATCH
"oneacrefund/sf-cache","oneacrefund/sf-cache","20240719.13",true,true,MATCH
"oneacrefund/sf-cache","oneacrefund/sf-cache","301",true,true,MATCH
"oneacrefund/sf-cache","oneacrefund/sf-cache","534",true,true,MATCH
"oneacrefund/sf-cache","oneacrefund/sf-cache","75",true,true,MATCH
"oneacrefund/sf-cache","oneacrefund/sf-cache","76",true,true,MATCH
"oneacrefund/sf-cache","oneacrefund/sf-cache","77",true,true,MATCH
"oneacrefund/sf-cache","oneacrefund/sf-cache","78",true,true,MATCH
"oneacrefund/sf-cache","oneacrefund/sf-cache","79",true,true,MATCH
"oneacrefund/sf-cache","oneacrefund/sf-cache","80",true,true,MATCH
"[SUMMARY]","oneacrefund/sf-cache","oneacrefund/sf-cache","ACR=40","ECR=40","MATCH=40 | MISSING_IN_ECR=0 | ECR_ONLY=0"
"oneacrefund/sf-cache-etl","oneacrefund/sf-cache-etl","latest",true,true,MATCH
"[SUMMARY]","oneacrefund/sf-cache-etl","oneacrefund/sf-cache-etl","ACR=1","ECR=1","MATCH=1 | MISSING_IN_ECR=0 | ECR_ONLY=0"
"oneacrefund/sf-fetch-employee-data","oneacrefund/sf-fetch-employee-data","20230926.2",true,true,MATCH
"oneacrefund/sf-fetch-employee-data","oneacrefund/sf-fetch-employee-data","20230926.3",true,true,MATCH
"oneacrefund/sf-fetch-employee-data","oneacrefund/sf-fetch-employee-data","20230926.5",true,true,MATCH
"oneacrefund/sf-fetch-employee-data","oneacrefund/sf-fetch-employee-data","20230926.6",true,true,MATCH
"oneacrefund/sf-fetch-employee-data","oneacrefund/sf-fetch-employee-data","20230929.2",true,true,MATCH
"oneacrefund/sf-fetch-employee-data","oneacrefund/sf-fetch-employee-data","20230929.6",true,true,MATCH
"oneacrefund/sf-fetch-employee-data","oneacrefund/sf-fetch-employee-data","20231101.1",true,true,MATCH
"oneacrefund/sf-fetch-employee-data","oneacrefund/sf-fetch-employee-data","20231121.1",true,true,MATCH
"oneacrefund/sf-fetch-employee-data","oneacrefund/sf-fetch-employee-data","20231121.2",true,true,MATCH
"oneacrefund/sf-fetch-employee-data","oneacrefund/sf-fetch-employee-data","20231122.5",true,true,MATCH
"oneacrefund/sf-fetch-employee-data","oneacrefund/sf-fetch-employee-data","20231128.4",true,true,MATCH
"oneacrefund/sf-fetch-employee-data","oneacrefund/sf-fetch-employee-data","20231129.1",true,true,MATCH
"oneacrefund/sf-fetch-employee-data","oneacrefund/sf-fetch-employee-data","20240103.2",true,true,MATCH
"oneacrefund/sf-fetch-employee-data","oneacrefund/sf-fetch-employee-data","20240103.6",true,true,MATCH
"oneacrefund/sf-fetch-employee-data","oneacrefund/sf-fetch-employee-data","20240103.7",true,true,MATCH
"oneacrefund/sf-fetch-employee-data","oneacrefund/sf-fetch-employee-data","20240112.2",true,true,MATCH
"oneacrefund/sf-fetch-employee-data","oneacrefund/sf-fetch-employee-data","20240115.1",true,true,MATCH
"oneacrefund/sf-fetch-employee-data","oneacrefund/sf-fetch-employee-data","20240115.11",true,true,MATCH
"oneacrefund/sf-fetch-employee-data","oneacrefund/sf-fetch-employee-data","20240115.2",true,true,MATCH
"oneacrefund/sf-fetch-employee-data","oneacrefund/sf-fetch-employee-data","20240115.5",true,true,MATCH
"oneacrefund/sf-fetch-employee-data","oneacrefund/sf-fetch-employee-data","20240115.8",true,true,MATCH
"oneacrefund/sf-fetch-employee-data","oneacrefund/sf-fetch-employee-data","20240118.1",true,true,MATCH
"oneacrefund/sf-fetch-employee-data","oneacrefund/sf-fetch-employee-data","20240118.2",true,true,MATCH
"oneacrefund/sf-fetch-employee-data","oneacrefund/sf-fetch-employee-data","20240119.3",true,true,MATCH
"oneacrefund/sf-fetch-employee-data","oneacrefund/sf-fetch-employee-data","20240119.5",true,true,MATCH
"oneacrefund/sf-fetch-employee-data","oneacrefund/sf-fetch-employee-data","20240119.6",true,true,MATCH
"oneacrefund/sf-fetch-employee-data","oneacrefund/sf-fetch-employee-data","20240122.1",true,true,MATCH
"oneacrefund/sf-fetch-employee-data","oneacrefund/sf-fetch-employee-data","20240209.1",true,true,MATCH
"oneacrefund/sf-fetch-employee-data","oneacrefund/sf-fetch-employee-data","20240328.2",true,true,MATCH
"oneacrefund/sf-fetch-employee-data","oneacrefund/sf-fetch-employee-data","20240328.4",true,true,MATCH
"oneacrefund/sf-fetch-employee-data","oneacrefund/sf-fetch-employee-data","20240328.6",true,true,MATCH
"oneacrefund/sf-fetch-employee-data","oneacrefund/sf-fetch-employee-data","20240331.3",true,true,MATCH
"oneacrefund/sf-fetch-employee-data","oneacrefund/sf-fetch-employee-data","20240405.1",true,true,MATCH
"oneacrefund/sf-fetch-employee-data","oneacrefund/sf-fetch-employee-data","20240405.5",true,true,MATCH
"oneacrefund/sf-fetch-employee-data","oneacrefund/sf-fetch-employee-data","20240405.6",true,true,MATCH
"oneacrefund/sf-fetch-employee-data","oneacrefund/sf-fetch-employee-data","20240405.7",true,true,MATCH
"oneacrefund/sf-fetch-employee-data","oneacrefund/sf-fetch-employee-data","20240719.13",true,true,MATCH
"oneacrefund/sf-fetch-employee-data","oneacrefund/sf-fetch-employee-data","533",true,true,MATCH
"oneacrefund/sf-fetch-employee-data","oneacrefund/sf-fetch-employee-data","534",true,true,MATCH
"oneacrefund/sf-fetch-employee-data","oneacrefund/sf-fetch-employee-data","539",true,true,MATCH
"[SUMMARY]","oneacrefund/sf-fetch-employee-data","oneacrefund/sf-fetch-employee-data","ACR=40","ECR=40","MATCH=40 | MISSING_IN_ECR=0 | ECR_ONLY=0"
"oneacrefund/sf-producer","oneacrefund/sf-producer","latest",true,true,MATCH
"[SUMMARY]","oneacrefund/sf-producer","oneacrefund/sf-producer","ACR=1","ECR=1","MATCH=1 | MISSING_IN_ECR=0 | ECR_ONLY=0"
"oneacrefund/sf-sync","oneacrefund/sf-sync","latest",true,true,MATCH
"[SUMMARY]","oneacrefund/sf-sync","oneacrefund/sf-sync","ACR=1","ECR=1","MATCH=1 | MISSING_IN_ECR=0 | ECR_ONLY=0"
"oneacrefund/shopxp-backend","oneacrefund/shopxp-backend","v0.0.0.2025.10.22.1",true,true,MATCH
"oneacrefund/shopxp-backend","oneacrefund/shopxp-backend","v0.0.0.2025.10.22.11",true,true,MATCH
"oneacrefund/shopxp-backend","oneacrefund/shopxp-backend","v0.0.0.2025.10.22.3",true,true,MATCH
"oneacrefund/shopxp-backend","oneacrefund/shopxp-backend","v0.0.0.2025.10.22.5",true,true,MATCH
"oneacrefund/shopxp-backend","oneacrefund/shopxp-backend","v0.0.0.2025.10.22.7",true,true,MATCH
"oneacrefund/shopxp-backend","oneacrefund/shopxp-backend","v0.0.0.2025.10.22.9",true,true,MATCH
"[SUMMARY]","oneacrefund/shopxp-backend","oneacrefund/shopxp-backend","ACR=6","ECR=6","MATCH=6 | MISSING_IN_ECR=0 | ECR_ONLY=0"
"oneacrefund/shs-migrator","oneacrefund/shs-migrator","latest",true,true,MATCH
"[SUMMARY]","oneacrefund/shs-migrator","oneacrefund/shs-migrator","ACR=1","ECR=1","MATCH=1 | MISSING_IN_ECR=0 | ECR_ONLY=0"
"oneacrefund/sns","oneacrefund/sns","1.0.6.2025.03.26.1",true,true,MATCH
"oneacrefund/sns","oneacrefund/sns","1.0.6.2025.03.26.2",true,true,MATCH
"oneacrefund/sns","oneacrefund/sns","1.0.7.2025.03.27.1",true,true,MATCH
"oneacrefund/sns","oneacrefund/sns","1.0.7.2025.03.27.2",true,true,MATCH
"oneacrefund/sns","oneacrefund/sns","1.0.7.2025.03.27.3",true,true,MATCH
"oneacrefund/sns","oneacrefund/sns","1.0.8.2025.04.02.20",true,true,MATCH
"oneacrefund/sns","oneacrefund/sns","1.0.8.2025.04.02.21",true,true,MATCH
"oneacrefund/sns","oneacrefund/sns","1.0.8.2025.04.02.22",true,true,MATCH
"oneacrefund/sns","oneacrefund/sns","1.0.8.2025.04.02.23",true,true,MATCH
"oneacrefund/sns","oneacrefund/sns","1.0.8.2025.04.02.24",true,true,MATCH
"oneacrefund/sns","oneacrefund/sns","1.0.8.2025.04.02.25",true,true,MATCH
"oneacrefund/sns","oneacrefund/sns","1.0.8.2025.08.06.2",true,true,MATCH
"oneacrefund/sns","oneacrefund/sns","1.0.8.2025.08.06.3",true,true,MATCH
"oneacrefund/sns","oneacrefund/sns","1.0.8.2025.08.06.4",true,true,MATCH
"oneacrefund/sns","oneacrefund/sns","1.0.8.2025.08.06.5",true,true,MATCH
"oneacrefund/sns","oneacrefund/sns","1.0.8.2025.08.06.6",true,true,MATCH
"oneacrefund/sns","oneacrefund/sns","1.0.8.2025.08.07.10",true,true,MATCH
"oneacrefund/sns","oneacrefund/sns","1.0.8.2025.08.07.7",true,true,MATCH
"oneacrefund/sns","oneacrefund/sns","1.0.8.2025.08.07.8",true,true,MATCH
"oneacrefund/sns","oneacrefund/sns","1.0.8.2025.08.12.11",true,true,MATCH
"oneacrefund/sns","oneacrefund/sns","1.0.8.2025.08.12.14",true,true,MATCH
"oneacrefund/sns","oneacrefund/sns","1.0.8.2025.08.12.15",true,true,MATCH
"oneacrefund/sns","oneacrefund/sns","1.0.8.2025.08.12.16",true,true,MATCH
"oneacrefund/sns","oneacrefund/sns","1.0.8.2025.08.13.21",true,true,MATCH
"oneacrefund/sns","oneacrefund/sns","1.0.8.2025.08.13.23",true,true,MATCH
"oneacrefund/sns","oneacrefund/sns","1.0.8.2025.08.13.24",true,true,MATCH
"oneacrefund/sns","oneacrefund/sns","1.0.8.2025.08.18.25",true,true,MATCH
"oneacrefund/sns","oneacrefund/sns","1.0.8.2025.08.19.26",true,true,MATCH
"oneacrefund/sns","oneacrefund/sns","1.0.8.2025.09.30.27",true,true,MATCH
"oneacrefund/sns","oneacrefund/sns","1.0.8.2025.10.01.28",true,true,MATCH
"oneacrefund/sns","oneacrefund/sns","1.0.8.2025.10.01.29",true,true,MATCH
"oneacrefund/sns","oneacrefund/sns","1.0.8.2025.11.15.30",true,true,MATCH
"oneacrefund/sns","oneacrefund/sns","1.0.8.2025.11.15.31",true,true,MATCH
"oneacrefund/sns","oneacrefund/sns","1.0.8.2025.11.15.32",true,true,MATCH
"oneacrefund/sns","oneacrefund/sns","1.0.8.2026.03.04.33",true,true,MATCH
"oneacrefund/sns","oneacrefund/sns","1.1.8.2025.06.23.3",true,true,MATCH
"oneacrefund/sns","oneacrefund/sns","1.1.8.2025.08.28.1",true,true,MATCH
"oneacrefund/sns","oneacrefund/sns","1.1.8.2025.08.28.2",true,true,MATCH
"oneacrefund/sns","oneacrefund/sns","1.1.8.2025.08.29.1",true,true,MATCH
"oneacrefund/sns","oneacrefund/sns","1.1.8.2025.08.29.2",true,true,MATCH
"oneacrefund/sns","oneacrefund/sns","1.1.8.2025.09.10.1",true,true,MATCH
"oneacrefund/sns","oneacrefund/sns","1.1.8.2025.09.12.1",true,true,MATCH
"oneacrefund/sns","oneacrefund/sns","1.1.8.2025.09.16.1",true,true,MATCH
"oneacrefund/sns","oneacrefund/sns","1.1.8.2025.09.16.2",true,true,MATCH
"oneacrefund/sns","oneacrefund/sns","1.1.8.2025.09.16.3",true,true,MATCH
"oneacrefund/sns","oneacrefund/sns","1.1.8.2025.09.16.4",true,true,MATCH
"oneacrefund/sns","oneacrefund/sns","1.1.8.2025.09.16.5",true,true,MATCH
"oneacrefund/sns","oneacrefund/sns","1.1.8.2025.09.16.6",true,true,MATCH
"oneacrefund/sns","oneacrefund/sns","1.1.8.2025.09.17.1",true,true,MATCH
"oneacrefund/sns","oneacrefund/sns","1.1.8.2025.09.17.2",true,true,MATCH
"oneacrefund/sns","oneacrefund/sns","1.1.8.2025.09.24.1",true,true,MATCH
"oneacrefund/sns","oneacrefund/sns","1.1.8.2026.03.04.36",true,true,MATCH
"oneacrefund/sns","oneacrefund/sns","1.1.8.2026.03.05.37",true,true,MATCH
"oneacrefund/sns","oneacrefund/sns","1.1.8.2026.03.05.42",true,true,MATCH
"oneacrefund/sns","oneacrefund/sns","1.1.8.2026.03.09.44",true,true,MATCH
"oneacrefund/sns","oneacrefund/sns","1.1.8.2026.03.23.47",true,true,MATCH
"oneacrefund/sns","oneacrefund/sns","1.1.8.2026.04.17.49",true,true,MATCH
"oneacrefund/sns","oneacrefund/sns","1.1.8.2026.05.08.51",true,true,MATCH
"oneacrefund/sns","oneacrefund/sns","develop",true,true,MATCH
"oneacrefund/sns","oneacrefund/sns","latest",true,true,MATCH
"oneacrefund/sns","oneacrefund/sns","staging",true,true,MATCH
"[SUMMARY]","oneacrefund/sns","oneacrefund/sns","ACR=61","ECR=61","MATCH=61 | MISSING_IN_ECR=0 | ECR_ONLY=0"
"oneacrefund/superset","oneacrefund/superset","3.1.0-_084bde6d4049817054997a3e9279840fa8e16a9e",true,true,MATCH
"oneacrefund/superset","oneacrefund/superset","3.1.0-_0d66068108391d4ddf9b12df55eb45fa16cc16b4",true,true,MATCH
"oneacrefund/superset","oneacrefund/superset","3.1.0-_192b30d967522458b8176fc8c25071a4f41cd097",true,true,MATCH
"oneacrefund/superset","oneacrefund/superset","3.1.0-_2b17b1fc8983e3a6d9bc7f3a86b02e686bbf7208",true,true,MATCH
"oneacrefund/superset","oneacrefund/superset","3.1.0-_2bb775490d780d3b66a9430f95c23b485d56aa70",true,true,MATCH
"oneacrefund/superset","oneacrefund/superset","3.1.0-_30c4944e3340fee4f0cd6501eede912d77faa2e1",true,true,MATCH
"oneacrefund/superset","oneacrefund/superset","3.1.0-_39d3088e1133119ed98edc01abaa9b06a483f29d",true,true,MATCH
"oneacrefund/superset","oneacrefund/superset","3.1.0-_4fcb8e10f58d7b0329934d59a0d2fe5f9a69d580",true,true,MATCH
"oneacrefund/superset","oneacrefund/superset","3.1.0-_537a6b9397da98e00bf01c1659d836cdb8508eaf",true,true,MATCH
"oneacrefund/superset","oneacrefund/superset","3.1.0-_583b686ac7b8dc250852eb44d53c1a38a89c0fed",true,true,MATCH
"oneacrefund/superset","oneacrefund/superset","3.1.0-_9cfa0f840fe0d7cace84c0f168ecbeb8e8db0e93",true,true,MATCH
"oneacrefund/superset","oneacrefund/superset","3.1.0-_ac1f8a034aa8802b3623a460428593c995bc3588",true,true,MATCH
"oneacrefund/superset","oneacrefund/superset","3.1.0-_b1e71b297b1c1bfc574b1ca560191fc9fe92313e",true,true,MATCH
"oneacrefund/superset","oneacrefund/superset","3.1.0-_b603cb3a1d67bedcfdd8788ee9af2e2535fbd96e",true,true,MATCH
"oneacrefund/superset","oneacrefund/superset","3.1.0-_bb8a79472517d3c97a73486baf53d4d77d4257d9",true,true,MATCH
"oneacrefund/superset","oneacrefund/superset","3.1.0-_e1cd3bbf3136e25a76055f3a1f776da1c8797721",true,true,MATCH
"oneacrefund/superset","oneacrefund/superset","3.1.2-_71e2c63b0902394595ae8b89936a7d2762e62596",true,true,MATCH
"oneacrefund/superset","oneacrefund/superset","3.1.2-_823157eb62cbd191386c648e5be4ceabcd3714f1",true,true,MATCH
"oneacrefund/superset","oneacrefund/superset","3.1.2-_f0b96a2edc79ec405ae43d9764e4622ef66fd00e",true,true,MATCH
"oneacrefund/superset","oneacrefund/superset","3.1.2-_f450647ae028d1272f328ad91f1732acd9cfd0c4",true,true,MATCH
"oneacrefund/superset","oneacrefund/superset","3.1.2-_f5a8a32b4b0d556a10a8706c4086b116ca175df3",true,true,MATCH
"oneacrefund/superset","oneacrefund/superset","3.1.2-_f7dc741743b89434b048817b57a42177f722c435",true,true,MATCH
"oneacrefund/superset","oneacrefund/superset","4.0.0-_c6b3abf5c8f25b6088fd37c3fd3cc58bc683896f",true,true,MATCH
"oneacrefund/superset","oneacrefund/superset","4.0.0-_e879047c2f74a36292817d9c6c6f0d10906ef73e",true,true,MATCH
"oneacrefund/superset","oneacrefund/superset","4.0.0_20240522.4",true,true,MATCH
"oneacrefund/superset","oneacrefund/superset","4.0.0_20240522.5",true,true,MATCH
"oneacrefund/superset","oneacrefund/superset","4.0.0_20240523.6",true,true,MATCH
"oneacrefund/superset","oneacrefund/superset","4.0.0_20240528.7",true,true,MATCH
"oneacrefund/superset","oneacrefund/superset","4.0.2.2024.10.23.29",true,true,MATCH
"oneacrefund/superset","oneacrefund/superset","4.0.2.2024.10.23.30",true,true,MATCH
"oneacrefund/superset","oneacrefund/superset","4.0.2.2024.10.23.32",true,true,MATCH
"oneacrefund/superset","oneacrefund/superset","4.0.2.2024.10.29.34",true,true,MATCH
"oneacrefund/superset","oneacrefund/superset","4.0.2.2025.03.11.1",true,true,MATCH
"oneacrefund/superset","oneacrefund/superset","4.0.2.2025.04.15.2",true,true,MATCH
"oneacrefund/superset","oneacrefund/superset","4.0.2.2025.05.20.42",true,true,MATCH
"oneacrefund/superset","oneacrefund/superset","4.0.2.2025.05.20.44",true,true,MATCH
"oneacrefund/superset","oneacrefund/superset","4.0.2.2025.08.18.58",true,true,MATCH
"oneacrefund/superset","oneacrefund/superset","4.0.2.2025.12.11.3",true,true,MATCH
"oneacrefund/superset","oneacrefund/superset","4.0.2.2026.01.12.4",true,true,MATCH
"oneacrefund/superset","oneacrefund/superset","4.0.2_20240827.8",true,true,MATCH
"oneacrefund/superset","oneacrefund/superset","4.0.2_20241004.19",true,true,MATCH
"oneacrefund/superset","oneacrefund/superset","4.0.2_20241004.21",true,true,MATCH
"oneacrefund/superset","oneacrefund/superset","4.0.2_20241004.22",true,true,MATCH
"oneacrefund/superset","oneacrefund/superset","4.0.2_20241004.23",true,true,MATCH
"oneacrefund/superset","oneacrefund/superset","4.0.2_20241005.24",true,true,MATCH
"oneacrefund/superset","oneacrefund/superset","4.0.2_20241008.26",true,true,MATCH
"oneacrefund/superset","oneacrefund/superset","4.0.2_20241023.28",true,true,MATCH
"oneacrefund/superset","oneacrefund/superset","4.1.2.2025.05.20.46",true,true,MATCH
"oneacrefund/superset","oneacrefund/superset","4.1.2.2025.05.20.49",true,true,MATCH
"oneacrefund/superset","oneacrefund/superset","4.1.2.2025.05.20.51",true,true,MATCH
"oneacrefund/superset","oneacrefund/superset","4.1.2.2025.07.04.53",true,true,MATCH
"oneacrefund/superset","oneacrefund/superset","4.1.2.2025.08.14.56",true,true,MATCH
"oneacrefund/superset","oneacrefund/superset","5.0.0.2026.01.28.61",true,true,MATCH
"oneacrefund/superset","oneacrefund/superset","5.0.0.2026.01.28.64",true,true,MATCH
"oneacrefund/superset","oneacrefund/superset","6.0.0.2026.03.19.69",true,true,MATCH
"oneacrefund/superset","oneacrefund/superset","6.0.0.2026.04.05.70",true,true,MATCH
"oneacrefund/superset","oneacrefund/superset","6.0.0.2026.04.05.71",true,true,MATCH
"[SUMMARY]","oneacrefund/superset","oneacrefund/superset","ACR=57","ECR=57","MATCH=57 | MISSING_IN_ECR=0 | ECR_ONLY=0"
"oneacrefund/sydent","oneacrefund/sydent","latest",true,true,MATCH
"[SUMMARY]","oneacrefund/sydent","oneacrefund/sydent","ACR=1","ECR=1","MATCH=1 | MISSING_IN_ECR=0 | ECR_ONLY=0"
"oneacrefund/sync-gw-dataset","oneacrefund/sync-gw-dataset","v2.8.1_1710a1151fba9212f8f031f2d7e7ce037288f520",true,true,MATCH
"oneacrefund/sync-gw-dataset","oneacrefund/sync-gw-dataset","v2.8.1_270bf9f305c5a8f2f569a73902993b3972e10a65",true,true,MATCH
"oneacrefund/sync-gw-dataset","oneacrefund/sync-gw-dataset","v2.8.1_3dfcf970f136e7201f718b4ef0da3c312edec6c5",true,true,MATCH
"oneacrefund/sync-gw-dataset","oneacrefund/sync-gw-dataset","v2.8.1_73f485e3c3c5d296512d6884e06584bf4fcf85a6",true,true,MATCH
"oneacrefund/sync-gw-dataset","oneacrefund/sync-gw-dataset","v2.8.1_756085cff877d579c098544455740f8d713d9b68",true,true,MATCH
"oneacrefund/sync-gw-dataset","oneacrefund/sync-gw-dataset","v2.8.1_863d04ca2ba7170bc74449dd30a19a88d2455e16",true,true,MATCH
"oneacrefund/sync-gw-dataset","oneacrefund/sync-gw-dataset","v2.8.1_901aafd7e7ee6b5fe3e29e67f39d60c373877d38",true,true,MATCH
"oneacrefund/sync-gw-dataset","oneacrefund/sync-gw-dataset","v2.8.1_95ec1297fe9e9c3adfda8bd0bc852a6285f48474",true,true,MATCH
"oneacrefund/sync-gw-dataset","oneacrefund/sync-gw-dataset","v2.8.1_9a830f3d1cea8fd0d74c080df8a150e050332c30",true,true,MATCH
"oneacrefund/sync-gw-dataset","oneacrefund/sync-gw-dataset","v2.8.1_ac157619424d34eb05de71e4905e2eeccbbc97c0",true,true,MATCH
"oneacrefund/sync-gw-dataset","oneacrefund/sync-gw-dataset","v2.8.1_cb8d3e7a65d630af14099695f871d055fa49d2fa",true,true,MATCH
"oneacrefund/sync-gw-dataset","oneacrefund/sync-gw-dataset","v2.8.1_d1a560798b39f89e155b294e0d65d9297fb1e52b",true,true,MATCH
"oneacrefund/sync-gw-dataset","oneacrefund/sync-gw-dataset","v2.8.1_e17b2e5bdd4770900442a4803d3933c91cf802c0",true,true,MATCH
"oneacrefund/sync-gw-dataset","oneacrefund/sync-gw-dataset","v2.8.1_e96c6fb12559c2375fd15ad5618d932468b2a613",true,true,MATCH
"oneacrefund/sync-gw-dataset","oneacrefund/sync-gw-dataset","v3.0.0_20f7974bc8b2f5431c8c614a141f1356ac4d9656",true,true,MATCH
"oneacrefund/sync-gw-dataset","oneacrefund/sync-gw-dataset","v4.0.0_265d723cedce5941538603fe284432c582b81197",true,true,MATCH
"oneacrefund/sync-gw-dataset","oneacrefund/sync-gw-dataset","v4.0.0_f51941148fc24166c86596b16e152d64ddc81f13",true,true,MATCH
"oneacrefund/sync-gw-dataset","oneacrefund/sync-gw-dataset","v4.1.0_0520ba6dbc5188f38694f279d90a06c995ada46e",true,true,MATCH
"oneacrefund/sync-gw-dataset","oneacrefund/sync-gw-dataset","v4.1.0_2fd2188fb04f8a356c4693b75d2f94bcb11aaa93",true,true,MATCH
"oneacrefund/sync-gw-dataset","oneacrefund/sync-gw-dataset","v4.1.0_4a1b9d7249e6bc1a7bd5be1dbf12267b9d60cb99",true,true,MATCH
"oneacrefund/sync-gw-dataset","oneacrefund/sync-gw-dataset","v4.1.0_8261ca1222957cc9a5811472da0b2a58d0451bcc",true,true,MATCH
"oneacrefund/sync-gw-dataset","oneacrefund/sync-gw-dataset","v4.1.0_aa1c0e3b48a56e38a686dd10c321deea0feb20f6",true,true,MATCH
"oneacrefund/sync-gw-dataset","oneacrefund/sync-gw-dataset","v4.1.0_f0fb8f7bb27071fbb9cf4b90e2a0bbfddb2a2bf9",true,true,MATCH
"oneacrefund/sync-gw-dataset","oneacrefund/sync-gw-dataset","v4.1.1_0d2719765ceecaa55ade3b80a086e9b831c1958f",true,true,MATCH
"oneacrefund/sync-gw-dataset","oneacrefund/sync-gw-dataset","v4.1.1_133c35df79193d1e5322140b2e2d3614ebd78354",true,true,MATCH
"oneacrefund/sync-gw-dataset","oneacrefund/sync-gw-dataset","v4.1.1_18f2d7ad5829d1384bccc9a553564087493c6c10",true,true,MATCH
"oneacrefund/sync-gw-dataset","oneacrefund/sync-gw-dataset","v4.1.1_399533a7439476135a7ab236c0808f1fb31b8bbb",true,true,MATCH
"oneacrefund/sync-gw-dataset","oneacrefund/sync-gw-dataset","v4.1.1_3ef6a24fe716b66f55ad39950716c86caad08826",true,true,MATCH
"oneacrefund/sync-gw-dataset","oneacrefund/sync-gw-dataset","v4.1.1_41c1c62740ac1d3e6220dd84beedb87f6a6c3483",true,true,MATCH
"oneacrefund/sync-gw-dataset","oneacrefund/sync-gw-dataset","v4.1.1_47122d9367f3ccb32f875fb1618f4f89367cd01c",true,true,MATCH
"oneacrefund/sync-gw-dataset","oneacrefund/sync-gw-dataset","v4.1.1_521e2279700eaaf6e1d328e0292e31b0739b9104",true,true,MATCH
"oneacrefund/sync-gw-dataset","oneacrefund/sync-gw-dataset","v4.1.1_6511f444143bb402e386399477197b3c9ba4d2c9",true,true,MATCH
"oneacrefund/sync-gw-dataset","oneacrefund/sync-gw-dataset","v4.1.1_6efdc54440a1271d950bc795de8a415c4bfd929b",true,true,MATCH
"oneacrefund/sync-gw-dataset","oneacrefund/sync-gw-dataset","v4.1.1_763f08219eba08b00c6a1191cf2dedcdd35548ed",true,true,MATCH
"oneacrefund/sync-gw-dataset","oneacrefund/sync-gw-dataset","v4.1.1_7eb23a1d4b9131f28f16246c3badf24b36ecb847",true,true,MATCH
"oneacrefund/sync-gw-dataset","oneacrefund/sync-gw-dataset","v4.1.1_88618baec4f5ea81dff3d50f3eb1ad6b31c1a63c",true,true,MATCH
"oneacrefund/sync-gw-dataset","oneacrefund/sync-gw-dataset","v4.1.1_997839add41fbaceb433d22b0e3522392f506e06",true,true,MATCH
"oneacrefund/sync-gw-dataset","oneacrefund/sync-gw-dataset","v4.1.1_a92f9703843e34572e25c007b9ac533faa56a695",true,true,MATCH
"oneacrefund/sync-gw-dataset","oneacrefund/sync-gw-dataset","v4.1.1_ab278fd3a5fbcb510452cc926908b80d3d0f6113",true,true,MATCH
"oneacrefund/sync-gw-dataset","oneacrefund/sync-gw-dataset","v4.1.1_be882047961ed3d2d749f25b0dedcbd15b6fdc6c",true,true,MATCH
"oneacrefund/sync-gw-dataset","oneacrefund/sync-gw-dataset","v4.1.1_c9cb463f859aca7c03f1f0962b8b7ff71b1445bc",true,true,MATCH
"oneacrefund/sync-gw-dataset","oneacrefund/sync-gw-dataset","v4.1.1_d788b83a73015d1e4363896cbbe5be44662ebb92",true,true,MATCH
"oneacrefund/sync-gw-dataset","oneacrefund/sync-gw-dataset","v4.1.1_f972a1533e3758cb581392dc42ff9e974234a7e7",true,true,MATCH
"oneacrefund/sync-gw-dataset","oneacrefund/sync-gw-dataset","v4.2.0_696abe8863b398606db3f2eb795aa066243cd642",true,true,MATCH
"oneacrefund/sync-gw-dataset","oneacrefund/sync-gw-dataset","v4.3.0_03cb9b0be3a60114d68b908ad84ba5e6584ca6a0",true,true,MATCH
"oneacrefund/sync-gw-dataset","oneacrefund/sync-gw-dataset","v4.3.0_05c77444e0bdcf65704f43981104c24849f8a58b",true,true,MATCH
"oneacrefund/sync-gw-dataset","oneacrefund/sync-gw-dataset","v4.3.0_34a82bb1ae7aefda6e1326945ecb2977c8d06dac",true,true,MATCH
"oneacrefund/sync-gw-dataset","oneacrefund/sync-gw-dataset","v4.3.0_39663fbc37227395ccba5c74c7d7c72c6b0a1849",true,true,MATCH
"oneacrefund/sync-gw-dataset","oneacrefund/sync-gw-dataset","v4.3.0_41f139e49321d2c659534c3a0e88896ef64d435f",true,true,MATCH
"oneacrefund/sync-gw-dataset","oneacrefund/sync-gw-dataset","v4.3.0_4699990f7f6fb8304670079b3db52b9fb9012918",true,true,MATCH
"oneacrefund/sync-gw-dataset","oneacrefund/sync-gw-dataset","v4.3.0_47b14c27fed946d42e7ce2a11c41ad2e86387f16",true,true,MATCH
"oneacrefund/sync-gw-dataset","oneacrefund/sync-gw-dataset","v4.3.0_4fa5e35614a183edcf8237550bb0f71a0285eb3e",true,true,MATCH
"oneacrefund/sync-gw-dataset","oneacrefund/sync-gw-dataset","v4.3.0_5f00414d771c66cc0ce33ddfc8a4b8792bdb89ba",true,true,MATCH
"oneacrefund/sync-gw-dataset","oneacrefund/sync-gw-dataset","v4.3.0_6ae4d93ce2be6feb9db61a3e234f7346ed313a15",true,true,MATCH
"oneacrefund/sync-gw-dataset","oneacrefund/sync-gw-dataset","v4.3.0_6e81c90425765d3b80b250b96a8696786ca28dc8",true,true,MATCH
"oneacrefund/sync-gw-dataset","oneacrefund/sync-gw-dataset","v4.3.0_7d4ece155354b6b352c8429a694b0b34b67c6548",true,true,MATCH
"oneacrefund/sync-gw-dataset","oneacrefund/sync-gw-dataset","v4.3.0_80e30fc2110f6583f4d4a91c675605ede58d956e",true,true,MATCH
"oneacrefund/sync-gw-dataset","oneacrefund/sync-gw-dataset","v4.3.0_9b7d0aae99337a2c5ddfc9eef5a4338e5440dbb5",true,true,MATCH
"oneacrefund/sync-gw-dataset","oneacrefund/sync-gw-dataset","v4.3.0_9c986ab62b96a6cb4157f38aed4b1269f7d37f07",true,true,MATCH
"oneacrefund/sync-gw-dataset","oneacrefund/sync-gw-dataset","v4.3.0_a6fc24ea7735f722af3a8c974c1dc94503dbc57c",true,true,MATCH
"oneacrefund/sync-gw-dataset","oneacrefund/sync-gw-dataset","v4.3.0_c7d3030c995135ad3db98cb9db738cb07eeef010",true,true,MATCH
"oneacrefund/sync-gw-dataset","oneacrefund/sync-gw-dataset","v4.3.0_c92f1a1719c0ad77a3da89cfbd2b0bbf432809b1",true,true,MATCH
"oneacrefund/sync-gw-dataset","oneacrefund/sync-gw-dataset","v4.3.0_cd92db8041b137f1b2d4eacf816cb67479a3d6fb",true,true,MATCH
"oneacrefund/sync-gw-dataset","oneacrefund/sync-gw-dataset","v4.3.0_d03e9f0069550d65ccaaeaf1f4af729250db9c1a",true,true,MATCH
"oneacrefund/sync-gw-dataset","oneacrefund/sync-gw-dataset","v4.3.0_dad64fa19d99bdbd7db37e3bf8a973b0892095ba",true,true,MATCH
"oneacrefund/sync-gw-dataset","oneacrefund/sync-gw-dataset","v4.3.0_db2757f5da72c63f5998036b624caeac30d5b69a",true,true,MATCH
"oneacrefund/sync-gw-dataset","oneacrefund/sync-gw-dataset","v4.3.0_f4ab3056baf317a85c02c6a5ca61c7ff4a856d7c",true,true,MATCH
"oneacrefund/sync-gw-dataset","oneacrefund/sync-gw-dataset","v4.3.0_f50b4ff49d40c8bd40dc727fa956ea953b069d59",true,true,MATCH
"oneacrefund/sync-gw-dataset","oneacrefund/sync-gw-dataset","v4.3.0_f8853f34060a423a729399003c7fdc808de3f2c9",true,true,MATCH
"[SUMMARY]","oneacrefund/sync-gw-dataset","oneacrefund/sync-gw-dataset","ACR=69","ECR=69","MATCH=69 | MISSING_IN_ECR=0 | ECR_ONLY=0"
"oneacrefund/tnm-connector","oneacrefund/tnm-connector","1.0.0.2024.03.14.1",true,true,MATCH
"oneacrefund/tnm-connector","oneacrefund/tnm-connector","1.0.0.2024.03.19.2",true,true,MATCH
"oneacrefund/tnm-connector","oneacrefund/tnm-connector","1.0.0.2024.03.29.1",true,true,MATCH
"oneacrefund/tnm-connector","oneacrefund/tnm-connector","1.0.1.2024.05.16.1",true,true,MATCH
"oneacrefund/tnm-connector","oneacrefund/tnm-connector","1.0.2.2024.05.20.3",true,true,MATCH
"oneacrefund/tnm-connector","oneacrefund/tnm-connector","1.0.3.2024.07.11.2",true,true,MATCH
"oneacrefund/tnm-connector","oneacrefund/tnm-connector","1.0.4.2024.07.19.1",true,true,MATCH
"oneacrefund/tnm-connector","oneacrefund/tnm-connector","1.0.4.2024.08.27.1",true,true,MATCH
"oneacrefund/tnm-connector","oneacrefund/tnm-connector","1.0.4.2024.11.08.1",true,true,MATCH
"oneacrefund/tnm-connector","oneacrefund/tnm-connector","1.0.5",true,true,MATCH
"oneacrefund/tnm-connector","oneacrefund/tnm-connector","1.0.7",true,true,MATCH
"oneacrefund/tnm-connector","oneacrefund/tnm-connector","1.0.8",true,true,MATCH
"oneacrefund/tnm-connector","oneacrefund/tnm-connector","latest",true,true,MATCH
"[SUMMARY]","oneacrefund/tnm-connector","oneacrefund/tnm-connector","ACR=13","ECR=13","MATCH=13 | MISSING_IN_ECR=0 | ECR_ONLY=0"
"oneacrefund/tupande-connector","oneacrefund/tupande-connector","0.0.1.2023.03.01.1",true,true,MATCH
"oneacrefund/tupande-connector","oneacrefund/tupande-connector","1.0.0",true,true,MATCH
"oneacrefund/tupande-connector","oneacrefund/tupande-connector","1.0.1",true,true,MATCH
"oneacrefund/tupande-connector","oneacrefund/tupande-connector","1.0.2",true,true,MATCH
"oneacrefund/tupande-connector","oneacrefund/tupande-connector","1.0.3",true,true,MATCH
"oneacrefund/tupande-connector","oneacrefund/tupande-connector","latest",true,true,MATCH
"[SUMMARY]","oneacrefund/tupande-connector","oneacrefund/tupande-connector","ACR=6","ECR=6","MATCH=6 | MISSING_IN_ECR=0 | ECR_ONLY=0"
"oneacrefund/tupande_timiza","oneacrefund/tupande_timiza","v1.5.6_503",true,true,MATCH
"oneacrefund/tupande_timiza","oneacrefund/tupande_timiza","v1.5.6_505",true,true,MATCH
"oneacrefund/tupande_timiza","oneacrefund/tupande_timiza","v1.5.6_513",true,true,MATCH
"oneacrefund/tupande_timiza","oneacrefund/tupande_timiza","v1.5.6_515",true,true,MATCH
"oneacrefund/tupande_timiza","oneacrefund/tupande_timiza","v1.5.6_527",true,true,MATCH
"oneacrefund/tupande_timiza","oneacrefund/tupande_timiza","v1.5.6_530",true,true,MATCH
"oneacrefund/tupande_timiza","oneacrefund/tupande_timiza","v1.5.6_531",true,true,MATCH
"oneacrefund/tupande_timiza","oneacrefund/tupande_timiza","v1.5.6_532",true,true,MATCH
"oneacrefund/tupande_timiza","oneacrefund/tupande_timiza","v1.5.6_533",true,true,MATCH
"oneacrefund/tupande_timiza","oneacrefund/tupande_timiza","v1.5.6_569",true,true,MATCH
"oneacrefund/tupande_timiza","oneacrefund/tupande_timiza","v1.5.6_572",true,true,MATCH
"oneacrefund/tupande_timiza","oneacrefund/tupande_timiza","v1.5.6_578",true,true,MATCH
"oneacrefund/tupande_timiza","oneacrefund/tupande_timiza","v1.5.6_586",true,true,MATCH
"oneacrefund/tupande_timiza","oneacrefund/tupande_timiza","v1.5.6_587",true,true,MATCH
"oneacrefund/tupande_timiza","oneacrefund/tupande_timiza","v1.5.6_589",true,true,MATCH
"oneacrefund/tupande_timiza","oneacrefund/tupande_timiza","v1.5.6_593",true,true,MATCH
"oneacrefund/tupande_timiza","oneacrefund/tupande_timiza","v1.5.6_595",true,true,MATCH
"oneacrefund/tupande_timiza","oneacrefund/tupande_timiza","v1.5.6_598",true,true,MATCH
"oneacrefund/tupande_timiza","oneacrefund/tupande_timiza","v1.5.6_600",true,true,MATCH
"oneacrefund/tupande_timiza","oneacrefund/tupande_timiza","v1.5.6_602",true,true,MATCH
"oneacrefund/tupande_timiza","oneacrefund/tupande_timiza","v1.5.6_604",true,true,MATCH
"oneacrefund/tupande_timiza","oneacrefund/tupande_timiza","v1.6.0_604",true,true,MATCH
"oneacrefund/tupande_timiza","oneacrefund/tupande_timiza","v1.6.0_605",true,true,MATCH
"oneacrefund/tupande_timiza","oneacrefund/tupande_timiza","v1.6.0_607",true,true,MATCH
"oneacrefund/tupande_timiza","oneacrefund/tupande_timiza","v1.6.0_614",true,true,MATCH
"oneacrefund/tupande_timiza","oneacrefund/tupande_timiza","v1.6.0_622",true,true,MATCH
"oneacrefund/tupande_timiza","oneacrefund/tupande_timiza","v1.6.0_625",true,true,MATCH
"oneacrefund/tupande_timiza","oneacrefund/tupande_timiza","v1.6.0_629",true,true,MATCH
"oneacrefund/tupande_timiza","oneacrefund/tupande_timiza","v1.6.0_631",true,true,MATCH
"oneacrefund/tupande_timiza","oneacrefund/tupande_timiza","v1.6.0_634",true,true,MATCH
"oneacrefund/tupande_timiza","oneacrefund/tupande_timiza","v1.6.0_636",true,true,MATCH
"oneacrefund/tupande_timiza","oneacrefund/tupande_timiza","v1.6.1_637",true,true,MATCH
"oneacrefund/tupande_timiza","oneacrefund/tupande_timiza","v1.6.1_645",true,true,MATCH
"oneacrefund/tupande_timiza","oneacrefund/tupande_timiza","v1.6.1_646",true,true,MATCH
"oneacrefund/tupande_timiza","oneacrefund/tupande_timiza","v1.6.1_648",true,true,MATCH
"oneacrefund/tupande_timiza","oneacrefund/tupande_timiza","v1.6.1_651",true,true,MATCH
"oneacrefund/tupande_timiza","oneacrefund/tupande_timiza","v1.6.1_652",true,true,MATCH
"oneacrefund/tupande_timiza","oneacrefund/tupande_timiza","v1.6.1_654",true,true,MATCH
"oneacrefund/tupande_timiza","oneacrefund/tupande_timiza","v1.6.1_657",true,true,MATCH
"oneacrefund/tupande_timiza","oneacrefund/tupande_timiza","v1.6.1_663",true,true,MATCH
"oneacrefund/tupande_timiza","oneacrefund/tupande_timiza","v1.6.1_665",true,true,MATCH
"oneacrefund/tupande_timiza","oneacrefund/tupande_timiza","v1.6.1_666",true,true,MATCH
"oneacrefund/tupande_timiza","oneacrefund/tupande_timiza","v1.6.1_668",true,true,MATCH
"oneacrefund/tupande_timiza","oneacrefund/tupande_timiza","v1.6.2_670",true,true,MATCH
"oneacrefund/tupande_timiza","oneacrefund/tupande_timiza","v1.6.2_672",true,true,MATCH
"oneacrefund/tupande_timiza","oneacrefund/tupande_timiza","v1.6.2_674",true,true,MATCH
"oneacrefund/tupande_timiza","oneacrefund/tupande_timiza","v1.6.2_677",true,true,MATCH
"oneacrefund/tupande_timiza","oneacrefund/tupande_timiza","v1.6.2_679",true,true,MATCH
"oneacrefund/tupande_timiza","oneacrefund/tupande_timiza","v1.6.2_680",true,true,MATCH
"oneacrefund/tupande_timiza","oneacrefund/tupande_timiza","v1.6.2_682",true,true,MATCH
"oneacrefund/tupande_timiza","oneacrefund/tupande_timiza","v1.6.2_684",true,true,MATCH
"oneacrefund/tupande_timiza","oneacrefund/tupande_timiza","v1.6.2_685",true,true,MATCH
"oneacrefund/tupande_timiza","oneacrefund/tupande_timiza","v1.6.2_700",true,true,MATCH
"oneacrefund/tupande_timiza","oneacrefund/tupande_timiza","v1.6.2_701",true,true,MATCH
"oneacrefund/tupande_timiza","oneacrefund/tupande_timiza","v1.6.2_702",true,true,MATCH
"oneacrefund/tupande_timiza","oneacrefund/tupande_timiza","v1.7.0_709",true,true,MATCH
"oneacrefund/tupande_timiza","oneacrefund/tupande_timiza","v1.7.0_711",true,true,MATCH
"oneacrefund/tupande_timiza","oneacrefund/tupande_timiza","v1.7.0_713",true,true,MATCH
"oneacrefund/tupande_timiza","oneacrefund/tupande_timiza","v1.7.0_714",true,true,MATCH
"oneacrefund/tupande_timiza","oneacrefund/tupande_timiza","v1.7.0_716",true,true,MATCH
"oneacrefund/tupande_timiza","oneacrefund/tupande_timiza","v1.7.0_723",true,true,MATCH
"[SUMMARY]","oneacrefund/tupande_timiza","oneacrefund/tupande_timiza","ACR=61","ECR=61","MATCH=61 | MISSING_IN_ECR=0 | ECR_ONLY=0"
"oneacrefund/uptime-kuma-wrapper","oneacrefund/uptime-kuma-wrapper","latest",true,true,MATCH
"[SUMMARY]","oneacrefund/uptime-kuma-wrapper","oneacrefund/uptime-kuma-wrapper","ACR=1","ECR=1","MATCH=1 | MISSING_IN_ECR=0 | ECR_ONLY=0"
"oneacrefund/uptime-wrapper-api","oneacrefund/uptime-wrapper-api","1.0.1",true,true,MATCH
"oneacrefund/uptime-wrapper-api","oneacrefund/uptime-wrapper-api","latest",true,true,MATCH
"oneacrefund/uptime-wrapper-api","oneacrefund/uptime-wrapper-api","v1.0.2",true,true,MATCH
"[SUMMARY]","oneacrefund/uptime-wrapper-api","oneacrefund/uptime-wrapper-api","ACR=3","ECR=3","MATCH=3 | MISSING_IN_ECR=0 | ECR_ONLY=0"
"openfaas/faas-netes","openfaas/faas-netes","0.17.1",true,true,MATCH
"[SUMMARY]","openfaas/faas-netes","openfaas/faas-netes","ACR=1","ECR=1","MATCH=1 | MISSING_IN_ECR=0 | ECR_ONLY=0"
"openfaas/gateway","openfaas/gateway","0.27.0",true,true,MATCH
"[SUMMARY]","openfaas/gateway","openfaas/gateway","ACR=1","ECR=1","MATCH=1 | MISSING_IN_ECR=0 | ECR_ONLY=0"
"openfaas/of-watchdog","openfaas/of-watchdog","0.9.6",true,true,MATCH
"[SUMMARY]","openfaas/of-watchdog","openfaas/of-watchdog","ACR=1","ECR=1","MATCH=1 | MISSING_IN_ECR=0 | ECR_ONLY=0"
"openfaas/queue-worker","openfaas/queue-worker","0.14.0",true,true,MATCH
"[SUMMARY]","openfaas/queue-worker","openfaas/queue-worker","ACR=1","ECR=1","MATCH=1 | MISSING_IN_ECR=0 | ECR_ONLY=0"
"phee-ns/message-gateway","phee-ns/message-gateway","34d94ccc09",true,true,MATCH
"phee-ns/message-gateway","phee-ns/message-gateway","3bb7758c20",true,true,MATCH
"phee-ns/message-gateway","phee-ns/message-gateway","b11b80049c",true,true,MATCH
"phee-ns/message-gateway","phee-ns/message-gateway","latest",true,true,MATCH
"phee-ns/message-gateway","phee-ns/message-gateway","v1.0.0",true,true,MATCH
"[SUMMARY]","phee-ns/message-gateway","phee-ns/message-gateway","ACR=5","ECR=5","MATCH=5 | MISSING_IN_ECR=0 | ECR_ONLY=0"
"phee-ns/ops-web","phee-ns/ops-web","v1.1.7",true,true,MATCH
"phee-ns/ops-web","phee-ns/ops-web","v1.2.0",true,true,MATCH
"phee-ns/ops-web","phee-ns/ops-web","v1.3.0",true,true,MATCH
"phee-ns/ops-web","phee-ns/ops-web","v1.3.1",true,true,MATCH
"phee-ns/ops-web","phee-ns/ops-web","v1.3.2",true,true,MATCH
"[SUMMARY]","phee-ns/ops-web","phee-ns/ops-web","ACR=5","ECR=5","MATCH=5 | MISSING_IN_ECR=0 | ECR_ONLY=0"
"phee-ns/ph-ee-connector-ams-paygops","phee-ns/ph-ee-connector-ams-paygops","v1.2.3",true,true,MATCH
"phee-ns/ph-ee-connector-ams-paygops","phee-ns/ph-ee-connector-ams-paygops","v1.3.0",true,true,MATCH
"phee-ns/ph-ee-connector-ams-paygops","phee-ns/ph-ee-connector-ams-paygops","v1.4.0",true,true,MATCH
"phee-ns/ph-ee-connector-ams-paygops","phee-ns/ph-ee-connector-ams-paygops","v1.5.0",true,true,MATCH
"phee-ns/ph-ee-connector-ams-paygops","phee-ns/ph-ee-connector-ams-paygops","v1.5.1",true,true,MATCH
"[SUMMARY]","phee-ns/ph-ee-connector-ams-paygops","phee-ns/ph-ee-connector-ams-paygops","ACR=5","ECR=5","MATCH=5 | MISSING_IN_ECR=0 | ECR_ONLY=0"
"phee-ns/ph-ee-connector-ams-pesa","phee-ns/ph-ee-connector-ams-pesa","v1.0.3",true,true,MATCH
"phee-ns/ph-ee-connector-ams-pesa","phee-ns/ph-ee-connector-ams-pesa","v1.1.0",true,true,MATCH
"phee-ns/ph-ee-connector-ams-pesa","phee-ns/ph-ee-connector-ams-pesa","v1.2.0",true,true,MATCH
"phee-ns/ph-ee-connector-ams-pesa","phee-ns/ph-ee-connector-ams-pesa","v1.2.1",true,true,MATCH
"phee-ns/ph-ee-connector-ams-pesa","phee-ns/ph-ee-connector-ams-pesa","v1.2.2",true,true,MATCH
"[SUMMARY]","phee-ns/ph-ee-connector-ams-pesa","phee-ns/ph-ee-connector-ams-pesa","ACR=5","ECR=5","MATCH=5 | MISSING_IN_ECR=0 | ECR_ONLY=0"
"phee-ns/ph-ee-connector-channel","phee-ns/ph-ee-connector-channel","v1.5.1",true,true,MATCH
"phee-ns/ph-ee-connector-channel","phee-ns/ph-ee-connector-channel","v1.5.2",true,true,MATCH
"phee-ns/ph-ee-connector-channel","phee-ns/ph-ee-connector-channel","v1.5.3",true,true,MATCH
"phee-ns/ph-ee-connector-channel","phee-ns/ph-ee-connector-channel","v1.5.4",true,true,MATCH
"phee-ns/ph-ee-connector-channel","phee-ns/ph-ee-connector-channel","v1.6.0",true,true,MATCH
"[SUMMARY]","phee-ns/ph-ee-connector-channel","phee-ns/ph-ee-connector-channel","ACR=5","ECR=5","MATCH=5 | MISSING_IN_ECR=0 | ECR_ONLY=0"
"phee-ns/ph-ee-connector-mpesa","phee-ns/ph-ee-connector-mpesa","v1.3.1",true,true,MATCH
"phee-ns/ph-ee-connector-mpesa","phee-ns/ph-ee-connector-mpesa","v1.4.0",true,true,MATCH
"phee-ns/ph-ee-connector-mpesa","phee-ns/ph-ee-connector-mpesa","v1.4.1",true,true,MATCH
"phee-ns/ph-ee-connector-mpesa","phee-ns/ph-ee-connector-mpesa","v1.4.2",true,true,MATCH
"phee-ns/ph-ee-connector-mpesa","phee-ns/ph-ee-connector-mpesa","v1.5.0",true,true,MATCH
"[SUMMARY]","phee-ns/ph-ee-connector-mpesa","phee-ns/ph-ee-connector-mpesa","ACR=5","ECR=5","MATCH=5 | MISSING_IN_ECR=0 | ECR_ONLY=0"
"phee-ns/ph-ee-connector-slcb","phee-ns/ph-ee-connector-slcb","v1.0.1",true,true,MATCH
"phee-ns/ph-ee-connector-slcb","phee-ns/ph-ee-connector-slcb","v1.1.0",true,true,MATCH
"phee-ns/ph-ee-connector-slcb","phee-ns/ph-ee-connector-slcb","v1.1.1",true,true,MATCH
"phee-ns/ph-ee-connector-slcb","phee-ns/ph-ee-connector-slcb","v2.0.0",true,true,MATCH
"[SUMMARY]","phee-ns/ph-ee-connector-slcb","phee-ns/ph-ee-connector-slcb","ACR=4","ECR=4","MATCH=4 | MISSING_IN_ECR=0 | ECR_ONLY=0"
"phee-ns/ph-ee-importer-es","phee-ns/ph-ee-importer-es","v1.3.1",true,true,MATCH
"phee-ns/ph-ee-importer-es","phee-ns/ph-ee-importer-es","v1.3.2",true,true,MATCH
"phee-ns/ph-ee-importer-es","phee-ns/ph-ee-importer-es","v1.4.0",true,true,MATCH
"phee-ns/ph-ee-importer-es","phee-ns/ph-ee-importer-es","v1.5.0",true,true,MATCH
"phee-ns/ph-ee-importer-es","phee-ns/ph-ee-importer-es","v1.5.1",true,true,MATCH
"[SUMMARY]","phee-ns/ph-ee-importer-es","phee-ns/ph-ee-importer-es","ACR=5","ECR=5","MATCH=5 | MISSING_IN_ECR=0 | ECR_ONLY=0"
"phee-ns/ph-ee-importer-rdbms","phee-ns/ph-ee-importer-rdbms","v1.2.0",true,true,MATCH
"phee-ns/ph-ee-importer-rdbms","phee-ns/ph-ee-importer-rdbms","v1.2.1",true,true,MATCH
"phee-ns/ph-ee-importer-rdbms","phee-ns/ph-ee-importer-rdbms","v1.3.0",true,true,MATCH
"phee-ns/ph-ee-importer-rdbms","phee-ns/ph-ee-importer-rdbms","v1.3.1",true,true,MATCH
"phee-ns/ph-ee-importer-rdbms","phee-ns/ph-ee-importer-rdbms","v1.4.0",true,true,MATCH
"[SUMMARY]","phee-ns/ph-ee-importer-rdbms","phee-ns/ph-ee-importer-rdbms","ACR=5","ECR=5","MATCH=5 | MISSING_IN_ECR=0 | ECR_ONLY=0"
"phee-ns/ph-ee-notifications","phee-ns/ph-ee-notifications","v1.0.0",true,true,MATCH
"phee-ns/ph-ee-notifications","phee-ns/ph-ee-notifications","v1.0.1",true,true,MATCH
"phee-ns/ph-ee-notifications","phee-ns/ph-ee-notifications","v1.0.2",true,true,MATCH
"phee-ns/ph-ee-notifications","phee-ns/ph-ee-notifications","v1.1.0",true,true,MATCH
"phee-ns/ph-ee-notifications","phee-ns/ph-ee-notifications","v1.2.0",true,true,MATCH
"[SUMMARY]","phee-ns/ph-ee-notifications","phee-ns/ph-ee-notifications","ACR=5","ECR=5","MATCH=5 | MISSING_IN_ECR=0 | ECR_ONLY=0"
"phee-ns/ph-ee-operations-app","phee-ns/ph-ee-operations-app","v1.1.0",true,true,MATCH
"phee-ns/ph-ee-operations-app","phee-ns/ph-ee-operations-app","v1.2.0",true,true,MATCH
"phee-ns/ph-ee-operations-app","phee-ns/ph-ee-operations-app","v1.3.0",true,true,MATCH
"phee-ns/ph-ee-operations-app","phee-ns/ph-ee-operations-app","v1.4.0",true,true,MATCH
"phee-ns/ph-ee-operations-app","phee-ns/ph-ee-operations-app","v1.5.0",true,true,MATCH
"[SUMMARY]","phee-ns/ph-ee-operations-app","phee-ns/ph-ee-operations-app","ACR=5","ECR=5","MATCH=5 | MISSING_IN_ECR=0 | ECR_ONLY=0"
"phee-ns/ph-ee-operations-web","phee-ns/ph-ee-operations-web","latest",true,true,MATCH
"[SUMMARY]","phee-ns/ph-ee-operations-web","phee-ns/ph-ee-operations-web","ACR=1","ECR=1","MATCH=1 | MISSING_IN_ECR=0 | ECR_ONLY=0"
"phee-ns/ph-ee-ops-web","phee-ns/ph-ee-ops-web","latest",true,true,MATCH
"[SUMMARY]","phee-ns/ph-ee-ops-web","phee-ns/ph-ee-ops-web","ACR=1","ECR=1","MATCH=1 | MISSING_IN_ECR=0 | ECR_ONLY=0"
"phee-ns/phee-bulk-processor","phee-ns/phee-bulk-processor","v1.3.0",true,true,MATCH
"phee-ns/phee-bulk-processor","phee-ns/phee-bulk-processor","v1.4.0",true,true,MATCH
"phee-ns/phee-bulk-processor","phee-ns/phee-bulk-processor","v1.4.1",true,true,MATCH
"phee-ns/phee-bulk-processor","phee-ns/phee-bulk-processor","v1.5.0",true,true,MATCH
"phee-ns/phee-bulk-processor","phee-ns/phee-bulk-processor","v1.6.0",true,true,MATCH
"[SUMMARY]","phee-ns/phee-bulk-processor","phee-ns/phee-bulk-processor","ACR=5","ECR=5","MATCH=5 | MISSING_IN_ECR=0 | ECR_ONLY=0"
"phee-ns/phee-zeebe-ops","phee-ns/phee-zeebe-ops","b5b7a86a76",true,true,MATCH
"phee-ns/phee-zeebe-ops","phee-ns/phee-zeebe-ops","v1.0.0",true,true,MATCH
"phee-ns/phee-zeebe-ops","phee-ns/phee-zeebe-ops","v1.0.1",true,true,MATCH
"phee-ns/phee-zeebe-ops","phee-ns/phee-zeebe-ops","v1.0.2",true,true,MATCH
"phee-ns/phee-zeebe-ops","phee-ns/phee-zeebe-ops","v1.0.3",true,true,MATCH
"[SUMMARY]","phee-ns/phee-zeebe-ops","phee-ns/phee-zeebe-ops","ACR=5","ECR=5","MATCH=5 | MISSING_IN_ECR=0 | ECR_ONLY=0"
"prom/alertmanager","prom/alertmanager","v0.25.0",true,true,MATCH
"[SUMMARY]","prom/alertmanager","prom/alertmanager","ACR=1","ECR=1","MATCH=1 | MISSING_IN_ECR=0 | ECR_ONLY=0"
"prom/prometheus","prom/prometheus","v2.46.0",true,true,MATCH
"[SUMMARY]","prom/prometheus","prom/prometheus","ACR=1","ECR=1","MATCH=1 | MISSING_IN_ECR=0 | ECR_ONLY=0"
"rabbitmq","rabbitmq","3.13-management",true,true,MATCH
"[SUMMARY]","rabbitmq","rabbitmq","ACR=1","ECR=1","MATCH=1 | MISSING_IN_ECR=0 | ECR_ONLY=0"
"rclone-image","rclone-image","latest",true,true,MATCH
"[SUMMARY]","rclone-image","rclone-image","ACR=1","ECR=1","MATCH=1 | MISSING_IN_ECR=0 | ECR_ONLY=0"
"risk-register","risk-register","2026.03.17.1",true,true,MATCH
"risk-register","risk-register","2026.03.17.2",true,true,MATCH
"risk-register","risk-register","2026.03.17.3",true,true,MATCH
"risk-register","risk-register","2026.03.17.4",true,true,MATCH
"risk-register","risk-register","2026.03.17.5",true,true,MATCH
"risk-register","risk-register","2026.03.17.6",true,true,MATCH
"risk-register","risk-register","2026.03.17.7",true,true,MATCH
"risk-register","risk-register","2026.03.18.10",true,true,MATCH
"risk-register","risk-register","2026.03.18.11",true,true,MATCH
"risk-register","risk-register","2026.03.18.12",true,true,MATCH
"risk-register","risk-register","2026.03.18.13",true,true,MATCH
"risk-register","risk-register","2026.03.18.8",true,true,MATCH
"risk-register","risk-register","2026.04.01.49",true,true,MATCH
"risk-register","risk-register","2026.04.01.50",true,true,MATCH
"risk-register","risk-register","2026.04.01.51",true,true,MATCH
"risk-register","risk-register","2026.04.02.57",true,true,MATCH
"risk-register","risk-register","2026.04.16.61",true,true,MATCH
"risk-register","risk-register","2026.04.24.80",true,true,MATCH
"risk-register","risk-register","2026.04.24.81",true,true,MATCH
"risk-register","risk-register","2026.04.24.82",true,true,MATCH
"risk-register","risk-register","2026.04.24.83",true,true,MATCH
"[SUMMARY]","risk-register","risk-register","ACR=21","ECR=21","MATCH=21 | MISSING_IN_ECR=0 | ECR_ONLY=0"
"shs-service","shs-service","3.0.0_8327bfcb6c09fea25b1a0860ef13bae70a92e407",true,true,MATCH
"shs-service","shs-service","3.0.0_be13d10b88ba07340a3ca6c18803abc390d2b1f4",true,true,MATCH
"shs-service","shs-service","3.0.0_f1943210084f4773e7ce616b3de486d62cc96e3c",true,true,MATCH
"shs-service","shs-service","4.0.0",true,true,MATCH
"shs-service","shs-service","4.0.0.2025.08.07.6",true,true,MATCH
"shs-service","shs-service","4.0.0.2025.09.10.1",true,true,MATCH
"shs-service","shs-service","4.0.0.2026.02.16.1",true,true,MATCH
"shs-service","shs-service","4.0.0.2026.03.07.3",true,true,MATCH
"shs-service","shs-service","4.0.0.2026.03.07.7",true,true,MATCH
"shs-service","shs-service","4.0.0.2026.03.09.2",true,true,MATCH
"shs-service","shs-service","4.0.0.2026.03.09.4",true,true,MATCH
"shs-service","shs-service","latest",true,true,MATCH
"shs-service","shs-service","v1.0.1_158dea4d31d219d5db774610aa1232432ba382dd",true,true,MATCH
"shs-service","shs-service","v1.0.1_252c0b9951bcaf434c4823455aaa5a485e8d49a4",true,true,MATCH
"shs-service","shs-service","v1.0.1_29cce2c2f0d3b1a21df9e0f01b1c1e444ecd2a0a",true,true,MATCH
"shs-service","shs-service","v1.0.1_2a452045cb9a2230add320ccc301ef3e3cae67c4",true,true,MATCH
"shs-service","shs-service","v1.0.1_5e6d01c257cd40697134d912394790465aa5e267",true,true,MATCH
"shs-service","shs-service","v1.0.1_604a42f40d619b0b1207e93662119dfb46e8e1f6",true,true,MATCH
"shs-service","shs-service","v1.0.1_787fb77653a45d46f38bbe28b388fa01ac80cf67",true,true,MATCH
"shs-service","shs-service","v1.0.1_7c6f661340b1c5bd7bac47e59b1c0248b8bf5ffc",true,true,MATCH
"shs-service","shs-service","v1.0.1_81bc2332eabf36c180280d9985e706caf116919c",true,true,MATCH
"shs-service","shs-service","v1.0.1_b422f7eed0cb268991a6671a9c150e8eff88c144",true,true,MATCH
"shs-service","shs-service","v1.0.1_c9c0a02e2724989944e4f5cfe3cba020f5bd15a2",true,true,MATCH
"[SUMMARY]","shs-service","shs-service","ACR=23","ECR=23","MATCH=23 | MISSING_IN_ECR=0 | ECR_ONLY=0"
"tools/pg-restore","tools/pg-restore","16",true,true,MATCH
"tools/pg-restore","tools/pg-restore","17",true,true,MATCH
"[SUMMARY]","tools/pg-restore","tools/pg-restore","ACR=2","ECR=2","MATCH=2 | MISSING_IN_ECR=0 | ECR_ONLY=0"
"us.icr.io/phee-ns/ph-ee-notifications","us.icr.io/phee-ns/ph-ee-notifications","4a8cc1ed26",true,true,MATCH
"us.icr.io/phee-ns/ph-ee-notifications","us.icr.io/phee-ns/ph-ee-notifications","e61dcc8881",true,true,MATCH
"us.icr.io/phee-ns/ph-ee-notifications","us.icr.io/phee-ns/ph-ee-notifications","latest",true,true,MATCH
"[SUMMARY]","us.icr.io/phee-ns/ph-ee-notifications","us.icr.io/phee-ns/ph-ee-notifications","ACR=3","ECR=3","MATCH=3 | MISSING_IN_ECR=0 | ECR_ONLY=0"
